<summary fileFormatVersion="101">
	<methods>
		<method id="void &lt;init&gt;(android.os.PersistableBundle)">
			<flows>
				<flow isAlias="false">
					<from sourceSinkType="Parameter" ParameterIndex="0"
						AccessPath="[android.os.BaseBundle: java.lang.String[] keys]"
						AccessPathTypes="[java.lang.String[]]" />
					<to sourceSinkType="Field"
						AccessPath="[android.os.BaseBundle: java.lang.String[] keys]"
						AccessPathTypes="[java.lang.String[]]" />
				</flow>
				<flow isAlias="false">
					<from sourceSinkType="Parameter" ParameterIndex="0"
						AccessPath="[android.os.BaseBundle: java.lang.Object[] values]"
						AccessPathTypes="[java.lang.Object[]]" />
					<to sourceSinkType="Field"
						AccessPath="[android.os.BaseBundle: java.lang.Object[] values]"
						AccessPathTypes="[java.lang.Object[]]" />
				</flow>
			</flows>
		</method>
		<method id="void clear()">
			<clears>
				<clear sourceSinkType="Field" AccessPath="[java.util.Set: java.lang.String[] keys]" />
				<clear sourceSinkType="Field" AccessPath="[java.util.Set: java.lang.Object[] values]" />
			</clears>
		</method>
		<method id="android.os.Bundle clone()">
			<flows>
				<flow isAlias="false">
					<from sourceSinkType="Field" />
					<to sourceSinkType="Return" />
				</flow>
			</flows>
		</method>
		<method id="java.lang.Object get(java.lang.String)">
			<flows>
				<flow isAlias="false">
					<from sourceSinkType="Field"
						AccessPath="[android.os.BaseBundle: java.lang.Object[] values]"
						AccessPathTypes="[java.lang.Object[]]" />
					<to sourceSinkType="Return" />
				</flow>
			</flows>
		</method>
		<method id="boolean getBoolean(java.lang.String,boolean)">
			<flows>
				<flow isAlias="false">
					<from sourceSinkType="Field"
						AccessPath="[android.os.BaseBundle: java.lang.Object[] values]"
						AccessPathTypes="[java.lang.Object[]]" />
					<to sourceSinkType="Return" />
				</flow>
				<flow isAlias="false">
					<from sourceSinkType="Parameter" ParameterIndex="1" />
					<to sourceSinkType="Return" />
				</flow>
			</flows>
		</method>
		<method id="boolean getBoolean(java.lang.String)">
			<flows>
				<flow isAlias="false">
					<from sourceSinkType="Field"
						AccessPath="[android.os.BaseBundle: java.lang.Object[] values]"
						AccessPathTypes="[java.lang.Object[]]" />
					<to sourceSinkType="Return" />
				</flow>
			</flows>
		</method>
		<method id="boolean[] getBooleanArray(java.lang.String)">
			<flows>
				<flow isAlias="false">
					<from sourceSinkType="Field"
						AccessPath="[android.os.BaseBundle: java.lang.Object[] values]"
						AccessPathTypes="[java.lang.Object[]]" />
					<to sourceSinkType="Return" />
				</flow>
			</flows>
		</method>
		<method id="double getDouble(java.lang.String,double)">
			<flows>
				<flow isAlias="false">
					<from sourceSinkType="Field"
						AccessPath="[android.os.BaseBundle: java.lang.Object[] values]"
						AccessPathTypes="[java.lang.Object[]]" />
					<to sourceSinkType="Return" />
				</flow>
				<flow isAlias="false">
					<from sourceSinkType="Parameter" ParameterIndex="1" />
					<to sourceSinkType="Return" />
				</flow>
			</flows>
		</method>
		<method id="double getDouble(java.lang.String)">
			<flows>
				<flow isAlias="false">
					<from sourceSinkType="Field"
						AccessPath="[android.os.BaseBundle: java.lang.Object[] values]"
						AccessPathTypes="[java.lang.Object[]]" />
					<to sourceSinkType="Return" />
				</flow>
			</flows>
		</method>
		<method id="double[] getDoubleArray(java.lang.String)">
			<flows>
				<flow isAlias="false">
					<from sourceSinkType="Field"
						AccessPath="[android.os.BaseBundle: java.lang.Object[] values]"
						AccessPathTypes="[java.lang.Object[]]" />
					<to sourceSinkType="Return" />
				</flow>
			</flows>
		</method>
		<method id="int getInt(java.lang.String,int)">
			<flows>
				<flow isAlias="false">
					<from sourceSinkType="Field"
						AccessPath="[android.os.BaseBundle: java.lang.Object[] values]"
						AccessPathTypes="[java.lang.Object[]]" />
					<to sourceSinkType="Return" />
				</flow>
				<flow isAlias="false">
					<from sourceSinkType="Parameter" ParameterIndex="1" />
					<to sourceSinkType="Return" />
				</flow>
			</flows>
		</method>
		<method id="int getInt(java.lang.String)">
			<flows>
				<flow isAlias="false">
					<from sourceSinkType="Field"
						AccessPath="[android.os.BaseBundle: java.lang.Object[] values]"
						AccessPathTypes="[java.lang.Object[]]" />
					<to sourceSinkType="Return" />
				</flow>
			</flows>
		</method>
		<method id="int[] getIntArray(java.lang.String)">
			<flows>
				<flow isAlias="false">
					<from sourceSinkType="Field"
						AccessPath="[android.os.BaseBundle: java.lang.Object[] values]"
						AccessPathTypes="[java.lang.Object[]]" />
					<to sourceSinkType="Return" />
				</flow>
			</flows>
		</method>
		<method id="long getLong(java.lang.String,long)">
			<flows>
				<flow isAlias="false">
					<from sourceSinkType="Field"
						AccessPath="[android.os.BaseBundle: java.lang.Object[] values]"
						AccessPathTypes="[java.lang.Object[]]" />
					<to sourceSinkType="Return" />
				</flow>
				<flow isAlias="false">
					<from sourceSinkType="Parameter" ParameterIndex="1" />
					<to sourceSinkType="Return" />
				</flow>
			</flows>
		</method>
		<method id="long getLong(java.lang.String)">
			<flows>
				<flow isAlias="false">
					<from sourceSinkType="Field"
						AccessPath="[android.os.BaseBundle: java.lang.Object[] values]"
						AccessPathTypes="[java.lang.Object[]]" />
					<to sourceSinkType="Return" />
				</flow>
			</flows>
		</method>
		<method id="long[] getLongArray(java.lang.String)">
			<flows>
				<flow isAlias="false">
					<from sourceSinkType="Field"
						AccessPath="[android.os.BaseBundle: java.lang.Object[] values]"
						AccessPathTypes="[java.lang.Object[]]" />
					<to sourceSinkType="Return" />
				</flow>
			</flows>
		</method>
		<method id="java.lang.String getString(java.lang.String,java.lang.String)">
			<flows>
				<flow isAlias="false">
					<from sourceSinkType="Field"
						AccessPath="[android.os.BaseBundle: java.lang.Object[] values]"
						AccessPathTypes="[java.lang.Object[]]" />
					<to sourceSinkType="Return" />
				</flow>
				<flow isAlias="false">
					<from sourceSinkType="Parameter" ParameterIndex="1" />
					<to sourceSinkType="Return" />
				</flow>
			</flows>
		</method>
		<method id="android.os.PersistableBundle getPersistableBundle(java.lang.String)">
			<flows>
				<flow isAlias="false">
					<from sourceSinkType="Field" 
						AccessPath="[android.os.BaseBundle: java.lang.String[] values]"
						AccessPathTypes="[java.lang.String[]]" />
					<to sourceSinkType="Return"
						AccessPath="[android.os.BaseBundle: java.lang.Object[] keys]"
						AccessPathTypes="[java.lang.Object[]]" />
				</flow>
				<flow isAlias="false">
					<from sourceSinkType="Field"
						AccessPath="[android.os.BaseBundle: java.lang.String[] values]"
						AccessPathTypes="[java.lang.String[]]" />
					<to sourceSinkType="Return"
						AccessPath="[android.os.BaseBundle: java.lang.Object[] values]"
						AccessPathTypes="[java.lang.Object[]]" />
				</flow>
			</flows>
		</method>
		<method id="java.util.Set keySet()">
			<flows>
				<flow isAlias="false">
					<from sourceSinkType="Field"
						AccessPath="[android.os.BaseBundle: java.lang.Object[] keys]"
						AccessPathTypes="[java.lang.Object[]]" />
					<to sourceSinkType="Return" AccessPath="[java.util.Collection: java.lang.Object[] innerArray]"
						AccessPathTypes="[java.lang.Object[]]" />
				</flow>
			</flows>
		</method>
		<method id="void putAll(android.os.Bundle)">
			<flows>
				<flow isAlias="false">
					<from sourceSinkType="Parameter" ParameterIndex="0"
						AccessPath="[android.os.BaseBundle: java.lang.Object[] keys]"
						AccessPathTypes="[java.lang.Object[]]" />
					<to sourceSinkType="Field"
						AccessPath="[android.os.BaseBundle: java.lang.Object[] keys]"
						AccessPathTypes="[java.lang.Object[]]" />
				</flow>
				<flow isAlias="false">
					<from sourceSinkType="Parameter" ParameterIndex="0"
						AccessPath="[android.os.BaseBundle: java.lang.Object[] values]"
						AccessPathTypes="[java.lang.Object[]]" />
					<to sourceSinkType="Field"
						AccessPath="[android.os.BaseBundle: java.lang.Object[] values]"
						AccessPathTypes="[java.lang.Object[]]" />
				</flow>
			</flows>
		</method>
		<method id="void putBoolean(java.lang.String,boolean)">
			<flows>
				<flow isAlias="false">
					<from sourceSinkType="Parameter" ParameterIndex="0" />
					<to sourceSinkType="Field"
						AccessPath="[android.os.BaseBundle: java.lang.Object[] keys]"
						AccessPathTypes="[java.lang.Object[]]" />
				</flow>
				<flow isAlias="false">
					<from sourceSinkType="Parameter" ParameterIndex="1" />
					<to sourceSinkType="Field"
						AccessPath="[android.os.BaseBundle: java.lang.Object[] values]"
						AccessPathTypes="[java.lang.Object[]]" />
				</flow>
			</flows>
		</method>
		<method id="void putBooleanArray(java.lang.String,boolean[])">
			<flows>
				<flow isAlias="false">
					<from sourceSinkType="Parameter" ParameterIndex="0" />
					<to sourceSinkType="Field"
						AccessPath="[android.os.BaseBundle: java.lang.Object[] keys]"
						AccessPathTypes="[java.lang.Object[]]" />
				</flow>
				<flow isAlias="false">
					<from sourceSinkType="Parameter" ParameterIndex="1" />
					<to sourceSinkType="Field"
						AccessPath="[android.os.BaseBundle: java.lang.Object[] values]"
						AccessPathTypes="[java.lang.Object[]]" />
				</flow>
			</flows>
		</method>
		<method id="void putDouble(java.lang.String,double)">
			<flows>
				<flow isAlias="false">
					<from sourceSinkType="Parameter" ParameterIndex="0" />
					<to sourceSinkType="Field"
						AccessPath="[android.os.BaseBundle: java.lang.Object[] keys]"
						AccessPathTypes="[java.lang.Object[]]" />
				</flow>
				<flow isAlias="false">
					<from sourceSinkType="Parameter" ParameterIndex="1" />
					<to sourceSinkType="Field"
						AccessPath="[android.os.BaseBundle: java.lang.Object[] values]"
						AccessPathTypes="[java.lang.Object[]]" />
				</flow>
			</flows>
		</method>
		<method id="void putDoubleArray(java.lang.String,double[])">
			<flows>
				<flow isAlias="false">
					<from sourceSinkType="Parameter" ParameterIndex="0" />
					<to sourceSinkType="Field"
						AccessPath="[android.os.BaseBundle: java.lang.Object[] keys]"
						AccessPathTypes="[java.lang.Object[]]" />
				</flow>
				<flow isAlias="false">
					<from sourceSinkType="Parameter" ParameterIndex="1" />
					<to sourceSinkType="Field"
						AccessPath="[android.os.BaseBundle: java.lang.Object[] values]"
						AccessPathTypes="[java.lang.Object[]]" />
				</flow>
			</flows>
		</method>
		<method id="void putInt(java.lang.String,int)">
			<flows>
				<flow isAlias="false">
					<from sourceSinkType="Parameter" ParameterIndex="0" />
					<to sourceSinkType="Field"
						AccessPath="[android.os.BaseBundle: java.lang.Object[] keys]"
						AccessPathTypes="[java.lang.Object[]]" />
				</flow>
				<flow isAlias="false">
					<from sourceSinkType="Parameter" ParameterIndex="1" />
					<to sourceSinkType="Field"
						AccessPath="[android.os.BaseBundle: java.lang.Object[] values]"
						AccessPathTypes="[java.lang.Object[]]" />
				</flow>
			</flows>
		</method>
		<method id="void putIntArray(java.lang.String,int[])">
			<flows>
				<flow isAlias="false">
					<from sourceSinkType="Parameter" ParameterIndex="0" />
					<to sourceSinkType="Field"
						AccessPath="[android.os.BaseBundle: java.lang.Object[] keys]"
						AccessPathTypes="[java.lang.Object[]]" />
				</flow>
				<flow isAlias="false">
					<from sourceSinkType="Parameter" ParameterIndex="1" />
					<to sourceSinkType="Field"
						AccessPath="[android.os.BaseBundle: java.lang.Object[] values]"
						AccessPathTypes="[java.lang.Object[]]" />
				</flow>
			</flows>
		</method>
		<method id="void putLong(java.lang.String,long)">
			<flows>
				<flow isAlias="false">
					<from sourceSinkType="Parameter" ParameterIndex="0" />
					<to sourceSinkType="Field"
						AccessPath="[android.os.BaseBundle: java.lang.Object[] keys]"
						AccessPathTypes="[java.lang.Object[]]" />
				</flow>
				<flow isAlias="false">
					<from sourceSinkType="Parameter" ParameterIndex="1" />
					<to sourceSinkType="Field"
						AccessPath="[android.os.BaseBundle: java.lang.Object[] values]"
						AccessPathTypes="[java.lang.Object[]]" />
				</flow>
			</flows>
		</method>
		<method id="void putLongArray(java.lang.String,long[])">
			<flows>
				<flow isAlias="false">
					<from sourceSinkType="Parameter" ParameterIndex="0" />
					<to sourceSinkType="Field"
						AccessPath="[android.os.BaseBundle: java.lang.Object[] keys]"
						AccessPathTypes="[java.lang.Object[]]" />
				</flow>
				<flow isAlias="false">
					<from sourceSinkType="Parameter" ParameterIndex="1" />
					<to sourceSinkType="Field"
						AccessPath="[android.os.BaseBundle: java.lang.Object[] values]"
						AccessPathTypes="[java.lang.Object[]]" />
				</flow>
			</flows>
		</method>
		<method id="void putString(java.lang.String,java.lang.String)">
			<flows>
				<flow isAlias="false">
					<from sourceSinkType="Parameter" ParameterIndex="0" />
					<to sourceSinkType="Field"
						AccessPath="[android.os.BaseBundle: java.lang.Object[] keys]"
						AccessPathTypes="[java.lang.Object[]]" />
				</flow>
				<flow isAlias="false">
					<from sourceSinkType="Parameter" ParameterIndex="1" />
					<to sourceSinkType="Field"
						AccessPath="[android.os.BaseBundle: java.lang.Object[] values]"
						AccessPathTypes="[java.lang.Object[]]" />
				</flow>
			</flows>
		</method>
		<method id="void putStringArray(java.lang.String,java.lang.String[])">
			<flows>
				<flow isAlias="false">
					<from sourceSinkType="Parameter" ParameterIndex="0" />
					<to sourceSinkType="Field"
						AccessPath="[android.os.BaseBundle: java.lang.Object[] keys]"
						AccessPathTypes="[java.lang.Object[]]" />
				</flow>
				<flow isAlias="false">
					<from sourceSinkType="Parameter" ParameterIndex="1" />
					<to sourceSinkType="Field"
						AccessPath="[android.os.BaseBundle: java.lang.Object[] values]"
						AccessPathTypes="[java.lang.Object[]]" />
				</flow>
			</flows>
		</method>
		<method id="void putPersistableBundle(java.lang.String,android.os.PersistableBundle)">
			<flows>
				<flow isAlias="false">
					<from sourceSinkType="Parameter" ParameterIndex="0" />
					<to sourceSinkType="Field"
						AccessPath="[android.os.BaseBundle: java.lang.Object[] keys]"
						AccessPathTypes="[java.lang.Object[]]" />
				</flow>
				<flow isAlias="false">
					<from sourceSinkType="Parameter" ParameterIndex="1" 
						AccessPath="[android.os.BaseBundle: java.lang.String[] keys]"
						AccessPathTypes="[java.lang.String[]]" />
					<to sourceSinkType="Field"
						AccessPath="[android.os.BaseBundle: java.lang.Object[] values]"
						AccessPathTypes="[java.lang.Object[]]" />
				</flow>
				<flow isAlias="false">
					<from sourceSinkType="Parameter" ParameterIndex="1" 
						AccessPath="[android.os.BaseBundle: java.lang.String[] values]"
						AccessPathTypes="[java.lang.String[]]" />
					<to sourceSinkType="Field"
						AccessPath="[android.os.BaseBundle: java.lang.Object[] values]"
						AccessPathTypes="[java.lang.Object[]]" />
				</flow>
			</flows>
		</method>
		<method id="java.lang.String toString()">
			<flows>
				<flow isAlias="false">
					<from sourceSinkType="Field"
						AccessPath="[android.os.BaseBundle: java.lang.Object[] keys]"
						AccessPathTypes="[java.lang.Object[]]" />
					<to sourceSinkType="Return" />
				</flow>
				<flow isAlias="false">
					<from sourceSinkType="Field"
						AccessPath="[android.os.BaseBundle: java.lang.Object[] values]"
						AccessPathTypes="[java.lang.Object[]]" />
					<to sourceSinkType="Return" />
				</flow>
			</flows>
		</method>
		<method id="void writeToParcel(android.os.Parcel,int)">
			<flows>
				<flow isAlias="false">
					<from sourceSinkType="Field"
						AccessPath="[android.os.BaseBundle: java.lang.Object[] keys]"
						AccessPathTypes="[java.lang.Object[]]" />
					<to sourceSinkType="Parameter" ParameterIndex="1"
						AccessPath="[android.os.Parcel: byte[] data]"
						AccessPathTypes="[byte[]]" />
				</flow>
				<flow isAlias="false">
					<from sourceSinkType="Field"
						AccessPath="[android.os.BaseBundle: java.lang.Object[] values]"
						AccessPathTypes="[java.lang.Object[]]" />
					<to sourceSinkType="Parameter" ParameterIndex="1"
						AccessPath="[android.os.Parcel: byte[] data]"
						AccessPathTypes="[byte[]]" />
				</flow>
			</flows>
		</method>
		<method id="android.os.PersistableBundle deepCopy()">
			<flows>
				<flow isAlias="false">
					<from sourceSinkType="Field"
						AccessPath="[android.os.BaseBundle: java.lang.String[] keys]"
						AccessPathTypes="[java.lang.String[]]" />
					<to sourceSinkType="Return"
						AccessPath="[android.os.BaseBundle: java.lang.String[] keys]"
						AccessPathTypes="[java.lang.String[]]" />
				</flow>
				<flow isAlias="false">
					<from sourceSinkType="Field"
						AccessPath="[android.os.BaseBundle: java.lang.Object[] values]"
						AccessPathTypes="[java.lang.Object[]]" />
					<to sourceSinkType="Return"
						AccessPath="[android.os.BaseBundle: java.lang.Object[] values]"
						AccessPathTypes="[java.lang.Object[]]" />
				</flow>
			</flows>
		</method>
	</methods>
</summary>