<?xml version="1.0" encoding="UTF-8"?>
<summary fileFormatVersion="101">
	<methods>
		<method id="void &lt;init&gt;(float,float)">
			<flows>
				<flow isAlias="true" typeChecking="false">
					<from sourceSinkType="Parameter" ParameterIndex="0" />
					<to sourceSinkType="Field" BaseType="android.util.Size"
						AccessPath="[android.util.Size: float width]"
						AccessPathTypes="[float]" />
				</flow>
				<flow isAlias="true" typeChecking="false">
					<from sourceSinkType="Parameter" ParameterIndex="1" />
					<to sourceSinkType="Field" BaseType="android.util.Size"
						AccessPath="[android.util.Size: float height]"
						AccessPathTypes="[float]" />
				</flow>
			</flows>
		</method>
		<method id="float getHeight()">
			<flows>
				<flow isAlias="true" typeChecking="false">
					<from sourceSinkType="Field" BaseType="android.util.Size"
						AccessPath="[android.util.Size: float height]"
						AccessPathTypes="[float]" />
					<to sourceSinkType="Return" />
				</flow>
			</flows>
		</method>
		<method id="float getWidth()">
			<flows>
				<flow isAlias="true" typeChecking="false">
					<from sourceSinkType="Field" BaseType="android.util.Size"
						AccessPath="[android.util.Size: float width]"
						AccessPathTypes="[float]" />
					<to sourceSinkType="Return" />
				</flow>
			</flows>
		</method>
		<method id="android.util.SizeF parseSizeF(java.lang.String)">
			<flows>
				<flow isAlias="true" typeChecking="false">
					<from sourceSinkType="Parameter" ParameterIndex="0" />
					<to sourceSinkType="Return" BaseType="android.util.Size"
						AccessPath="[android.util.SizeF: float width]"
						AccessPathTypes="[float]" />
				</flow>
				<flow isAlias="true" typeChecking="false">
					<from sourceSinkType="Parameter" ParameterIndex="0" />
					<to sourceSinkType="Return" BaseType="android.util.Size"
						AccessPath="[android.util.SizeF: float height]"
						AccessPathTypes="[float]" />
				</flow>
			</flows>
		</method>
		<method id="java.lang.String toString()">
			<flows>
				<flow isAlias="true" typeChecking="false">
					<from sourceSinkType="Field" BaseType="android.util.Size"
						AccessPath="[android.util.SizeF: float width]"
						AccessPathTypes="[float]" />
					<to sourceSinkType="Return" />
				</flow>
				<flow isAlias="true" typeChecking="false">
					<from sourceSinkType="Field" BaseType="android.util.Size"
						AccessPath="[android.util.SizeF: float height]"
						AccessPathTypes="[float]" />
					<to sourceSinkType="Return" />
				</flow>
			</flows>
		</method>
	</methods>
</summary>