<?xml version="1.0" encoding="UTF-8"?>
<summary fileFormatVersion="101">
	<methods>
		<method id="void append(int,long)">
			<flows>
				<flow isAlias="true" typeChecking="false">
					<from sourceSinkType="Parameter" ParameterIndex="1" />
					<to sourceSinkType="Field" BaseType="android.util.SparseLongArray"
						AccessPath="[android.util.SparseLongArray: long[] data]"
						AccessPathTypes="[long[]]" />
				</flow>
			</flows>
		</method>
		<method id="void clear()">
			<clears>
				<clear sourceSinkType="Field" AccessPath="[android.util.SparseLongArray: long[] data]" />
			</clears>
		</method>
		<method id="long get(int)">
			<flows>
				<flow isAlias="true" typeChecking="false">
					<from sourceSinkType="Field" BaseType="android.util.SparseLongArray"
						AccessPath="[android.util.SparseLongArray: long[] data]"
						AccessPathTypes="[long[]]" />
					<to sourceSinkType="Return" />
				</flow>
			</flows>
		</method>
		<method id="long get(int,long)">
			<flows>
				<flow isAlias="true" typeChecking="false">
					<from sourceSinkType="Field" BaseType="android.util.SparseLongArray"
						AccessPath="[android.util.SparseLongArray: long[] data]"
						AccessPathTypes="[long[]]" />
					<to sourceSinkType="Return" />
				</flow>
				<flow isAlias="true" typeChecking="false">
					<from sourceSinkType="Parameter" ParameterIndex="1" />
					<to sourceSinkType="Return" />
				</flow>
			</flows>
		</method>
		<method id="void put(int,long)">
			<flows>
				<flow isAlias="true" typeChecking="false">
					<from sourceSinkType="Parameter" ParameterIndex="1" />
					<to sourceSinkType="Field" BaseType="android.util.SparseLongArray"
						AccessPath="[android.util.SparseLongArray: long[] data]"
						AccessPathTypes="[long[]]" />
				</flow>
			</flows>
		</method>
		<method id="java.lang.String toString()">
			<flows>
				<flow isAlias="true" typeChecking="false">
					<from sourceSinkType="Field" BaseType="android.util.SparseLongArray"
						AccessPath="[android.util.SparseLongArray: long[] data]"
						AccessPathTypes="[long[]]" />
					<to sourceSinkType="Return" />
				</flow>
			</flows>
		</method>
		<method id="long valueAt(int)">
			<flows>
				<flow isAlias="true" typeChecking="false">
					<from sourceSinkType="Field" BaseType="android.util.SparseLongArray"
						AccessPath="[android.util.SparseLongArray: long[] data]"
						AccessPathTypes="[long[]]" />
					<to sourceSinkType="Return" />
				</flow>
			</flows>
		</method>
	</methods>
</summary>