<?xml version="1.0" encoding="UTF-8"?>
<summary fileFormatVersion="101">
	<methods>
		<method id="void &lt;init&gt;(int,int)">
			<flows>
				<flow isAlias="true" typeChecking="false">
					<from sourceSinkType="Parameter" ParameterIndex="0" />
					<to sourceSinkType="Field" BaseType="android.util.Size"
						AccessPath="[android.util.Size: int width]"
						AccessPathTypes="[int]" />
				</flow>
				<flow isAlias="true" typeChecking="false">
					<from sourceSinkType="Parameter" ParameterIndex="1" />
					<to sourceSinkType="Field" BaseType="android.util.Size"
						AccessPath="[android.util.Size: int height]"
						AccessPathTypes="[int]" />
				</flow>
			</flows>
		</method>
		<method id="int getHeight()">
			<flows>
				<flow isAlias="true" typeChecking="false">
					<from sourceSinkType="Field" BaseType="android.util.Size"
						AccessPath="[android.util.Size: int height]"
						AccessPathTypes="[int]" />
					<to sourceSinkType="Return" />
				</flow>
			</flows>
		</method>
		<method id="int getWidth()">
			<flows>
				<flow isAlias="true" typeChecking="false">
					<from sourceSinkType="Field" BaseType="android.util.Size"
						AccessPath="[android.util.Size: int width]"
						AccessPathTypes="[int]" />
					<to sourceSinkType="Return" />
				</flow>
			</flows>
		</method>
		<method id="android.util.Size parseSize(java.lang.String)">
			<flows>
				<flow isAlias="true" typeChecking="false">
					<from sourceSinkType="Parameter" ParameterIndex="0" />
					<to sourceSinkType="Return" BaseType="android.util.Size"
						AccessPath="[android.util.Size: int width]"
						AccessPathTypes="[int]" />
				</flow>
				<flow isAlias="true" typeChecking="false">
					<from sourceSinkType="Parameter" ParameterIndex="0" />
					<to sourceSinkType="Return" BaseType="android.util.Size"
						AccessPath="[android.util.Size: int height]"
						AccessPathTypes="[int]" />
				</flow>
			</flows>
		</method>
		<method id="java.lang.String toString()">
			<flows>
				<flow isAlias="true" typeChecking="false">
					<from sourceSinkType="Field" BaseType="android.util.Size"
						AccessPath="[android.util.Size: int width]"
						AccessPathTypes="[int]" />
					<to sourceSinkType="Return" />
				</flow>
				<flow isAlias="true" typeChecking="false">
					<from sourceSinkType="Field" BaseType="android.util.Size"
						AccessPath="[android.util.Size: int height]"
						AccessPathTypes="[int]" />
					<to sourceSinkType="Return" />
				</flow>
			</flows>
		</method>
	</methods>
</summary>