<?xml version="1.0" encoding="UTF-8"?>
<summary fileFormatVersion="101">
	<methods>
		<method id="void append(int,java.lang.Object)">
			<flows>
				<flow isAlias="true" typeChecking="false">
					<from sourceSinkType="Parameter" ParameterIndex="1" />
					<to sourceSinkType="Field" BaseType="android.util.SparseArray"
						AccessPath="[android.util.SparseArray: byte[] data]"
						AccessPathTypes="[byte[]]" />
				</flow>
			</flows>
		</method>
		<method id="void clear()">
			<clears>
				<clear sourceSinkType="Field" AccessPath="[android.util.SparseArray: byte[] data]" />
			</clears>
		</method>
		<method id="java.lang.Object get(int)">
			<flows>
				<flow isAlias="true" typeChecking="false">
					<from sourceSinkType="Field" BaseType="android.util.SparseArray"
						AccessPath="[android.util.SparseArray: byte[] data]"
						AccessPathTypes="[byte[]]" />
					<to sourceSinkType="Return" />
				</flow>
			</flows>
		</method>
		<method id="java.lang.Object get(int,java.lang.Object)">
			<flows>
				<flow isAlias="true" typeChecking="false">
					<from sourceSinkType="Field" BaseType="android.util.SparseArray"
						AccessPath="[android.util.SparseArray: byte[] data]"
						AccessPathTypes="[byte[]]" />
					<to sourceSinkType="Return" />
				</flow>
				<flow isAlias="true" typeChecking="false">
					<from sourceSinkType="Parameter" ParameterIndex="1" />
					<to sourceSinkType="Return" />
				</flow>
			</flows>
		</method>
		<method id="void put(int,java.lang.Object)">
			<flows>
				<flow isAlias="true" typeChecking="false">
					<from sourceSinkType="Parameter" ParameterIndex="1" />
					<to sourceSinkType="Field" BaseType="android.util.SparseArray"
						AccessPath="[android.util.SparseArray: byte[] data]"
						AccessPathTypes="[byte[]]" />
				</flow>
			</flows>
		</method>
		<method id="void setValueAt(int,java.lang.Object)">
			<flows>
				<flow isAlias="true" typeChecking="false">
					<from sourceSinkType="Parameter" ParameterIndex="1" />
					<to sourceSinkType="Field" BaseType="android.util.SparseArray"
						AccessPath="[android.util.SparseArray: byte[] data]"
						AccessPathTypes="[byte[]]" />
				</flow>
			</flows>
		</method>
		<method id="java.lang.String toString()">
			<flows>
				<flow isAlias="true" typeChecking="false">
					<from sourceSinkType="Field" BaseType="android.util.SparseArray"
						AccessPath="[android.util.SparseArray: byte[] data]"
						AccessPathTypes="[byte[]]" />
					<to sourceSinkType="Return" />
				</flow>
			</flows>
		</method>
		<method id="java.lang.Object valueAt(int)">
			<flows>
				<flow isAlias="true" typeChecking="false">
					<from sourceSinkType="Field" BaseType="android.util.SparseArray"
						AccessPath="[android.util.SparseArray: byte[] data]"
						AccessPathTypes="[byte[]]" />
					<to sourceSinkType="Return" />
				</flow>
			</flows>
		</method>
	</methods>
</summary>