<?xml version="1.0" ?>
<summary fileFormatVersion="102">
    <hierarchy superClass="java.lang.Object">
        <interface name="java.lang.Cloneable"></interface>
        <interface name="android.os.Parcelable"></interface>
        <interface name="java.lang.Comparable"></interface>
    </hierarchy>
    <methods>
        <method id="void &lt;init&gt;(java.lang.String,java.lang.String)">
            <flows>
                <flow isAlias="false">
                    <from sourceSinkType="Parameter" ParameterIndex="0" />
                    <to sourceSinkType="Field" BaseType="android.content.ComponentName"
                        AccessPath="[&lt;android.content.ComponentName: java.lang.String mPackage&gt;]"
                        AccessPathTypes="[java.lang.String]" taintSubFields="true"></to>
                </flow>
                <flow isAlias="false">
                    <from sourceSinkType="Parameter" ParameterIndex="1" />
                    <to sourceSinkType="Field" BaseType="android.content.ComponentName"
                        AccessPath="[&lt;android.content.ComponentName: java.lang.String mClass&gt;]"
                        AccessPathTypes="[java.lang.String]" taintSubFields="true"></to>
                </flow>
            </flows>
        </method>
        <method id="void &lt;init&gt;(android.content.Context,java.lang.String)">
            <flows>
                <flow isAlias="false">
                    <from sourceSinkType="Parameter" ParameterIndex="1" />
                    <to sourceSinkType="Field" BaseType="android.content.ComponentName"
                        AccessPath="[&lt;android.content.ComponentName: java.lang.String mClass&gt;]"
                        AccessPathTypes="[java.lang.String]" taintSubFields="true"></to>
                </flow>
            </flows>
        </method>
        <method id="void &lt;init&gt;(android.content.Context,java.lang.Class)">
            <flows>
                <flow isAlias="false">
                    <from sourceSinkType="Parameter" ParameterIndex="0"
                        AccessPath="[java.lang.Class: java.lang.String className]"
						AccessPathTypes="[java.lang.String]" />
                    <to sourceSinkType="Field" BaseType="android.content.ComponentName"
                        AccessPath="[&lt;android.content.ComponentName: java.lang.String mPackage&gt;]"
                        AccessPathTypes="[java.lang.String]" taintSubFields="true"></to>
                </flow>
                <flow isAlias="false">
                    <from sourceSinkType="Parameter" ParameterIndex="1"
                        AccessPath="[java.lang.Class: java.lang.String className]"
						AccessPathTypes="[java.lang.String]" />
                    <to sourceSinkType="Field" BaseType="android.content.ComponentName"
                        AccessPath="[&lt;android.content.ComponentName: java.lang.String mClass&gt;]"
                        AccessPathTypes="[java.lang.String]" taintSubFields="true"></to>
                </flow>
            </flows>
        </method>
        <method id="void &lt;init&gt;(android.os.Parcel)">
            <flows>
                <flow isAlias="false">
                    <from sourceSinkType="Parameter" ParameterIndex="0" BaseType="android.os.Parcel"
                        AccessPath="[&lt;android.os.Parcel: byte[] data&gt;]"
                        AccessPathTypes="[byte[]]"></from>
                    <to sourceSinkType="Field" BaseType="android.content.ComponentName"
                        AccessPath="[&lt;android.content.ComponentName: java.lang.String mClass&gt;]"
                        AccessPathTypes="[java.lang.String]" taintSubFields="true"></to>
                </flow>
                <flow isAlias="false">
                    <from sourceSinkType="Parameter" ParameterIndex="0" BaseType="android.os.Parcel"
                        AccessPath="[&lt;android.os.Parcel: byte[] data&gt;]"
                        AccessPathTypes="[byte[]]"></from>
                    <to sourceSinkType="Field" BaseType="android.content.ComponentName"
                        AccessPath="[&lt;android.content.ComponentName: java.lang.String mPackage&gt;]"
                        AccessPathTypes="[java.lang.String]" taintSubFields="true"></to>
                </flow>
            </flows>
        </method>
        <method id="java.lang.Object clone()">
            <flows>
                <flow isAlias="false">
                    <from sourceSinkType="Field" />
                    <to sourceSinkType="Return" />
                </flow>
            </flows>
        </method>
        <method id="android.content.ComponentName clone()">
            <flows>
                <flow isAlias="false">
                    <from sourceSinkType="Field" />
                    <to sourceSinkType="Return" />
                </flow>
            </flows>
        </method>
        <method id="android.content.ComponentName createRelative(java.lang.String,java.lang.String)">
            <flows>
                <flow isAlias="false">
                    <from sourceSinkType="Parameter" ParameterIndex="0" />
                    <to sourceSinkType="Field" BaseType="android.content.ComponentName"
                        AccessPath="[&lt;android.content.ComponentName: java.lang.String mPackage&gt;]"
                        AccessPathTypes="[java.lang.String]" taintSubFields="true"></to>
                </flow>
                <flow isAlias="false">
                    <from sourceSinkType="Parameter" ParameterIndex="1" />
                    <to sourceSinkType="Field" BaseType="android.content.ComponentName"
                        AccessPath="[&lt;android.content.ComponentName: java.lang.String mClass&gt;]"
                        AccessPathTypes="[java.lang.String]" taintSubFields="true"></to>
                </flow>
            </flows>
        </method>
        <method id="android.content.ComponentName createRelative(android.content.Context,java.lang.String)">
            <flows>
                <flow isAlias="false">
                    <from sourceSinkType="Parameter" ParameterIndex="1" />
                    <to sourceSinkType="Field" BaseType="android.content.ComponentName"
                        AccessPath="[&lt;android.content.ComponentName: java.lang.String mClass&gt;]"
                        AccessPathTypes="[java.lang.String]" taintSubFields="true"></to>
                </flow>
            </flows>
        </method>
        <method id="java.lang.String flattenToShortString()">
            <flows>
                <flow isAlias="false">
                    <from sourceSinkType="Field" BaseType="android.content.ComponentName"
                        AccessPath="[&lt;android.content.ComponentName: java.lang.String mPackage&gt;]"
                        AccessPathTypes="[java.lang.String]"></from>
                    <to sourceSinkType="Return" BaseType="java.lang.String" taintSubFields="true"></to>
                    <from sourceSinkType="Field" BaseType="android.content.ComponentName"
                        AccessPath="[&lt;android.content.ComponentName: java.lang.String mClass&gt;]"
                        AccessPathTypes="[java.lang.String]"></from>
                    <to sourceSinkType="Return" BaseType="java.lang.String" taintSubFields="true"></to>
                </flow>
            </flows>
        </method>
        <method id="java.lang.String flattenToString()">
            <flows>
                <flow isAlias="false">
                    <from sourceSinkType="Field" BaseType="android.content.ComponentName"
                        AccessPath="[&lt;android.content.ComponentName: java.lang.String mClass&gt;]"
                        AccessPathTypes="[java.lang.String]"></from>
                    <to sourceSinkType="Return" BaseType="java.lang.String" taintSubFields="true"></to>
                </flow>
            </flows>
        </method>
        <method id="java.lang.String getClassName()">
            <flows>
                <flow isAlias="false">
                    <from sourceSinkType="Field" BaseType="android.content.ComponentName"
                        AccessPath="[&lt;android.content.ComponentName: java.lang.String mClass&gt;]"
                        AccessPathTypes="[java.lang.String]"></from>
                    <to sourceSinkType="Return" BaseType="java.lang.String" taintSubFields="true"></to>
                </flow>
            </flows>
        </method>
        <method id="java.lang.String getPackageName()">
            <flows>
                <flow isAlias="false">
                    <from sourceSinkType="Field" BaseType="android.content.ComponentName"
                        AccessPath="[&lt;android.content.ComponentName: java.lang.String mPackage&gt;]"
                        AccessPathTypes="[java.lang.String]"></from>
                    <to sourceSinkType="Return" BaseType="java.lang.String" taintSubFields="true"></to>
                </flow>
            </flows>
        </method>
        <method id="java.lang.String getShortClassName()">
            <flows>
                <flow isAlias="false">
                    <from sourceSinkType="Field" BaseType="android.content.ComponentName"
                        AccessPath="[&lt;android.content.ComponentName: java.lang.String mClass&gt;]"
                        AccessPathTypes="[java.lang.String]"></from>
                    <to sourceSinkType="Return" BaseType="java.lang.String" />
                </flow>
            </flows>
        </method>
        <method id="android.content.ComponentName readFromParcel(android.os.Parcel)">
            <flows>
                <flow isAlias="false">
                    <from sourceSinkType="Parameter" ParameterIndex="0" BaseType="android.os.Parcel"
                        AccessPath="[&lt;android.os.Parcel: byte[] data&gt;]"
                        AccessPathTypes="[byte[]]"></from>
                    <to sourceSinkType="Return" BaseType="android.content.ComponentName"
                        AccessPath="[&lt;android.content.ComponentName: java.lang.String mClass&gt;]"
                        AccessPathTypes="[java.lang.String]" taintSubFields="true"></to>
                </flow>
                <flow isAlias="false">
                    <from sourceSinkType="Parameter" ParameterIndex="0" BaseType="android.os.Parcel"
                        AccessPath="[&lt;android.os.Parcel: byte[] data&gt;]"
                        AccessPathTypes="[byte[]]"></from>
                    <to sourceSinkType="Return" BaseType="android.content.ComponentName"
                        AccessPath="[&lt;android.content.ComponentName: java.lang.String mPackage&gt;]"
                        AccessPathTypes="[java.lang.String]" taintSubFields="true"></to>
                </flow>
            </flows>
        </method>
        <method id="java.lang.String toShortString()">
            <flows>
                <flow isAlias="false">
                    <from sourceSinkType="Field" BaseType="android.content.ComponentName"
                        AccessPath="[&lt;android.content.ComponentName: java.lang.String mPackage&gt;]"
                        AccessPathTypes="[java.lang.String]"></from>
                    <to sourceSinkType="Return" BaseType="java.lang.String" taintSubFields="true"></to>
                </flow>
                <flow isAlias="false">
                    <from sourceSinkType="Field" BaseType="android.content.ComponentName"
                        AccessPath="[&lt;android.content.ComponentName: java.lang.String mClass&gt;]"
                        AccessPathTypes="[java.lang.String]"></from>
                    <to sourceSinkType="Return" BaseType="java.lang.String" taintSubFields="true"></to>
                </flow>
            </flows>
        </method>
        <method id="java.lang.String toString()">
            <flows>
                <flow isAlias="false">
                    <from sourceSinkType="Field" BaseType="android.content.ComponentName"
                        AccessPath="[&lt;android.content.ComponentName: java.lang.String mClass&gt;]"
                        AccessPathTypes="[java.lang.String]"></from>
                    <to sourceSinkType="Return" BaseType="java.lang.String" taintSubFields="true"></to>
                </flow>
            </flows>
        </method>
        <method id="android.content.ComponentName unflattenFromString(java.lang.String)">
            <flows>
                <flow isAlias="false">
                    <from sourceSinkType="Parameter" ParameterIndex="0" BaseType="java.lang.String"
                        AccessPath="[&lt;java.lang.String: char[] content&gt;]"
                        AccessPathTypes="[char[]]"></from>
                    <to sourceSinkType="Return" BaseType="android.content.ComponentName"
                        AccessPath="[&lt;android.content.ComponentName: java.lang.String mPackage&gt;]"
                        AccessPathTypes="[java.lang.String]" taintSubFields="true"></to>
                </flow>
                <flow isAlias="false">
                    <from sourceSinkType="Parameter" ParameterIndex="0" BaseType="java.lang.String"
                        AccessPath="[&lt;java.lang.String: char[] content&gt;]"
                        AccessPathTypes="[char[]]"></from>
                    <to sourceSinkType="Return" BaseType="android.content.ComponentName"
                        AccessPath="[&lt;android.content.ComponentName: java.lang.String mClass&gt;]"
                        AccessPathTypes="[java.lang.String]" taintSubFields="true"></to>
                </flow>
            </flows>
        </method>
		<method id="void writeToParcel(android.content.ComponentName,int)">
			<flows>
				<flow isAlias="false" typeChecking="false">
					<from sourceSinkType="Parameter" ParameterIndex="0" />
					<to sourceSinkType="Parameter" ParameterIndex="0" BaseType="android.os.Parcel"
						AccessPath="[android.os.Parcel: byte[] data]"
						AccessPathTypes="[byte[]]" />
				</flow>
			</flows>
		</method>
		<method id="void writeToParcel(android.os.Parcel,int)">
			<flows>
				<flow isAlias="false" typeChecking="false">
					<from sourceSinkType="Field" />
					<to sourceSinkType="Parameter" ParameterIndex="0" BaseType="android.os.Parcel"
						AccessPath="[android.os.Parcel: byte[] data]"
						AccessPathTypes="[byte[]]" />
				</flow>
			</flows>
		</method>
    </methods>
</summary>