<?xml version="1.0" encoding="UTF-8"?>
<summary fileFormatVersion="101">
	<methods>
		<method id="void append(int,boolean)">
			<flows>
				<flow isAlias="true" typeChecking="false">
					<from sourceSinkType="Parameter" ParameterIndex="1" />
					<to sourceSinkType="Field" BaseType="android.util.SparseBooleanArray"
						AccessPath="[android.util.SparseBooleanArray: boolean[] data]"
						AccessPathTypes="[boolean[]]" />
				</flow>
			</flows>
		</method>
		<method id="void clear()">
			<clears>
				<clear sourceSinkType="Field" AccessPath="[android.util.SparseBooleanArray: boolean[] data]" />
			</clears>
		</method>
		<method id="boolean get(int)">
			<flows>
				<flow isAlias="true" typeChecking="false">
					<from sourceSinkType="Field" BaseType="android.util.SparseBooleanArray"
						AccessPath="[android.util.SparseBooleanArray: boolean[] data]"
						AccessPathTypes="[boolean[]]" />
					<to sourceSinkType="Return" />
				</flow>
			</flows>
		</method>
		<method id="boolean get(int,boolean)">
			<flows>
				<flow isAlias="true" typeChecking="false">
					<from sourceSinkType="Field" BaseType="android.util.SparseBooleanArray"
						AccessPath="[android.util.SparseBooleanArray: boolean[] data]"
						AccessPathTypes="[boolean[]]" />
					<to sourceSinkType="Return" />
				</flow>
				<flow isAlias="true" typeChecking="false">
					<from sourceSinkType="Parameter" ParameterIndex="1" />
					<to sourceSinkType="Return" />
				</flow>
			</flows>
		</method>
		<method id="void put(int,boolean)">
			<flows>
				<flow isAlias="true" typeChecking="false">
					<from sourceSinkType="Parameter" ParameterIndex="1" />
					<to sourceSinkType="Field" BaseType="android.util.SparseBooleanArray"
						AccessPath="[android.util.SparseBooleanArray: boolean[] data]"
						AccessPathTypes="[boolean[]]" />
				</flow>
			</flows>
		</method>
		<method id="java.lang.String toString()">
			<flows>
				<flow isAlias="true" typeChecking="false">
					<from sourceSinkType="Field" BaseType="android.util.SparseBooleanArray"
						AccessPath="[android.util.SparseBooleanArray: boolean[] data]"
						AccessPathTypes="[boolean[]]" />
					<to sourceSinkType="Return" />
				</flow>
			</flows>
		</method>
		<method id="boolean valueAt(int)">
			<flows>
				<flow isAlias="true" typeChecking="false">
					<from sourceSinkType="Field" BaseType="android.util.SparseBooleanArray"
						AccessPath="[android.util.SparseBooleanArray: boolean[] data]"
						AccessPathTypes="[boolean[]]" />
					<to sourceSinkType="Return" />
				</flow>
			</flows>
		</method>
	</methods>
</summary>