<?xml version="1.0" ?>
<summary fileFormatVersion="101">
	<methods>
		<method id="void &lt;init&gt;(android.content.Intent)">
			<flows>
				<flow isAlias="false" typeChecking="false">
					<from sourceSinkType="Parameter" ParameterIndex="0" />
					<to sourceSinkType="Field" />
				</flow>
			</flows>
		</method>
		<method id="void &lt;init&gt;(java.lang.String)">
			<flows>
				<flow isAlias="false" typeChecking="false">
					<from sourceSinkType="Parameter" ParameterIndex="0" />
					<to sourceSinkType="Field" BaseType="android.content.Intent"
						AccessPath="[android.content.Intent: java.lang.String action]"
						AccessPathTypes="[java.lang.String]" />
				</flow>
			</flows>
		</method>
		<method id="void &lt;init&gt;(java.lang.String,android.net.Uri)">
			<flows>
				<flow isAlias="false" typeChecking="false">
					<from sourceSinkType="Parameter" ParameterIndex="0" />
					<to sourceSinkType="Field" BaseType="android.content.Intent"
						AccessPath="[android.content.Intent: java.lang.String action]"
						AccessPathTypes="[java.lang.String]" />
				</flow>
				<flow isAlias="false" typeChecking="false">
					<from sourceSinkType="Parameter" ParameterIndex="1" />
					<to sourceSinkType="Field" BaseType="android.content.Intent"
						AccessPath="[android.content.Intent: android.net.Uri uri]"
						AccessPathTypes="[android.net.Uri]" />
				</flow>
			</flows>
		</method>
		<method id="void &lt;init&gt;(android.content.Context,java.lang.Class)">
			<flows>
				<flow isAlias="false" typeChecking="false">
					<from sourceSinkType="Parameter" ParameterIndex="1"
						AccessPath="[java.lang.Class: java.lang.String className]"
						AccessPathTypes="[java.lang.String]" />
					<to sourceSinkType="Field"
						AccessPath="[android.content.Intent: android.content.ComponentName componentName]"
						AccessPathTypes="[android.content.ComponentName]" />
				</flow>
			</flows>
		</method>
		<method id="void &lt;init&gt;(java.lang.String,android.net.Uri,android.content.Context,java.lang.Class)">
			<flows>
				<flow isAlias="false" typeChecking="false">
					<from sourceSinkType="Parameter" ParameterIndex="0" />
					<to sourceSinkType="Field" BaseType="android.content.Intent"
						AccessPath="[android.content.Intent: java.lang.String action]"
						AccessPathTypes="[java.lang.String]" />
				</flow>
				<flow isAlias="false" typeChecking="false">
					<from sourceSinkType="Parameter" ParameterIndex="1" />
					<to sourceSinkType="Field" BaseType="android.content.Intent"
						AccessPath="[android.content.Intent: android.net.Uri uri]"
						AccessPathTypes="[android.net.Uri]" />
				</flow>
				<flow isAlias="false" typeChecking="false">
					<from sourceSinkType="Parameter" ParameterIndex="3"
						AccessPath="[java.lang.Class: java.lang.String className]"
						AccessPathTypes="[java.lang.String]" />
					<to sourceSinkType="Field"
						AccessPath="[android.content.Intent: android.content.ComponentName componentName]"
						AccessPathTypes="[android.content.ComponentName]" />
				</flow>
			</flows>
		</method>
		<method id="android.content.Intent addCategory(java.lang.String)">
			<flows>
				<flow isAlias="false" typeChecking="false">
					<from sourceSinkType="Parameter" ParameterIndex="0" />
					<to sourceSinkType="Field" BaseType="android.content.Intent"
						AccessPath="[android.content.Intent: java.lang.String[] categories]"
						AccessPathTypes="[java.lang.String[]]" />
				</flow>
				<flow isAlias="true" typeChecking="false">
					<from sourceSinkType="Field" />
					<to sourceSinkType="Return" />
				</flow>
			</flows>
		</method>
		<method id="android.content.Intent addFlags(int)">
			<flows>
				<flow isAlias="false" typeChecking="false">
					<from sourceSinkType="Parameter" ParameterIndex="0" />
					<to sourceSinkType="Field" BaseType="android.content.Intent"
						AccessPath="[android.content.Intent: int flags]"
						AccessPathTypes="[int]" />
				</flow>
				<flow isAlias="true" typeChecking="false">
					<from sourceSinkType="Field" />
					<to sourceSinkType="Return" />
				</flow>
			</flows>
		</method>
		<method id="android.content.Intent clone()">
			<flows>
				<flow isAlias="false" typeChecking="false">
					<from sourceSinkType="Field" />
					<to sourceSinkType="Return" />
				</flow>
			</flows>
		</method>
		<method id="android.content.Intent cloneFilter()">
			<flows>
				<flow isAlias="false" typeChecking="false">
					<from sourceSinkType="Field" />
					<to sourceSinkType="Return" />
				</flow>
			</flows>
		</method>
		<method id="int fillIn(android.content.Intent,int)">
			<flows>
				<flow isAlias="false" typeChecking="false">
					<from sourceSinkType="Parameter" ParameterIndex="0" />
					<to sourceSinkType="Return" />
				</flow>
			</flows>
		</method>
		<method id="java.lang.String getAction()">
			<flows>
				<flow isAlias="false" typeChecking="false">
					<from sourceSinkType="Field" BaseType="android.content.Intent"
						AccessPath="[android.content.Intent: java.lang.String action]"
						AccessPathTypes="[java.lang.String]" />
					<to sourceSinkType="Return" />
				</flow>
			</flows>
		</method>
		<method id="boolean[] getBooleanArrayExtra(java.lang.String)">
			<flows>
				<flow isAlias="false" typeChecking="false">
					<from sourceSinkType="Field" BaseType="android.content.Intent"
						AccessPath="[android.content.Intent: java.lang.Object[] extraValues]"
						AccessPathTypes="[java.lang.Object[]]" />
					<to sourceSinkType="Return" />
				</flow>
			</flows>
		</method>
		<method id="boolean getBooleanExtra(java.lang.String,boolean)">
			<flows>
				<flow isAlias="false" typeChecking="false">
					<from sourceSinkType="Field" BaseType="android.content.Intent"
						AccessPath="[android.content.Intent: java.lang.Object[] extraValues]"
						AccessPathTypes="[java.lang.Object[]]" />
					<to sourceSinkType="Return" />
				</flow>
				<flow isAlias="false" typeChecking="false">
					<from sourceSinkType="Parameter" ParameterIndex="1" />
					<to sourceSinkType="Return" />
				</flow>
			</flows>
		</method>
		<method id="android.os.Bundle getBundleExtra(java.lang.String)">
			<flows>
				<flow isAlias="false" typeChecking="false">
					<from sourceSinkType="Field" BaseType="android.content.Intent"
						AccessPath="[android.content.Intent: java.lang.Object[] extraValues]"
						AccessPathTypes="[java.lang.Object[]]" />
					<to sourceSinkType="Return" 
						AccessPath="[android.os.BaseBundle: java.lang.String[] keys]"
						AccessPathTypes="[java.lang.String[]]" />
				</flow>
				<flow isAlias="false" typeChecking="false">
					<from sourceSinkType="Field" BaseType="android.content.Intent"
						AccessPath="[android.content.Intent: java.lang.Object[] extraValues]"
						AccessPathTypes="[java.lang.Object[]]" />
					<to sourceSinkType="Return"
						AccessPath="[android.os.BaseBundle: java.lang.Object[] values]"
						AccessPathTypes="[java.lang.Object[]]" />
				</flow>
			</flows>
		</method>
		<method id="byte[] getByteArrayExtra(java.lang.String)">
			<flows>
				<flow isAlias="false" typeChecking="false">
					<from sourceSinkType="Field" BaseType="android.content.Intent"
						AccessPath="[android.content.Intent: java.lang.Object[] extraValues]"
						AccessPathTypes="[java.lang.Object[]]" />
					<to sourceSinkType="Return" />
				</flow>
			</flows>
		</method>
		<method id="byte getByteExtra(java.lang.String,byte)">
			<flows>
				<flow isAlias="false" typeChecking="false">
					<from sourceSinkType="Field" BaseType="android.content.Intent"
						AccessPath="[android.content.Intent: java.lang.Object[] extraValues]"
						AccessPathTypes="[java.lang.Object[]]" />
					<to sourceSinkType="Return" />
				</flow>
				<flow isAlias="false" typeChecking="false">
					<from sourceSinkType="Parameter" ParameterIndex="1" />
					<to sourceSinkType="Return" />
				</flow>
			</flows>
		</method>
		<method id="java.util.Set getCategories()">
			<flows>
				<flow isAlias="false" typeChecking="false">
					<from sourceSinkType="Field" BaseType="android.content.Intent"
						AccessPath="[android.content.Intent: java.lang.String[] categories]"
						AccessPathTypes="[java.lang.String[]]" />
					<to sourceSinkType="Return"
						AccessPath="[java.util.Collection: java.lang.Object[] innerArray]"
						AccessPathTypes="[java.lang.Object[]]" />
				</flow>
			</flows>
		</method>
		<method id="char[] getCharArrayExtra(java.lang.String)">
			<flows>
				<flow isAlias="false" typeChecking="false">
					<from sourceSinkType="Field" BaseType="android.content.Intent"
						AccessPath="[android.content.Intent: java.lang.Object[] extraValues]"
						AccessPathTypes="[java.lang.Object[]]" />
					<to sourceSinkType="Return" />
				</flow>
			</flows>
		</method>
		<method id="char getCharExtra(java.lang.String,char)">
			<flows>
				<flow isAlias="false" typeChecking="false">
					<from sourceSinkType="Field" BaseType="android.content.Intent"
						AccessPath="[android.content.Intent: java.lang.Object[] extraValues]"
						AccessPathTypes="[java.lang.Object[]]" />
					<to sourceSinkType="Return" />
				</flow>
				<flow isAlias="false" typeChecking="false">
					<from sourceSinkType="Parameter" ParameterIndex="1" />
					<to sourceSinkType="Return" />
				</flow>
			</flows>
		</method>
		<method id="java.lang.CharSequence[] getCharSequenceArrayExtra(java.lang.String)">
			<flows>
				<flow isAlias="false" typeChecking="false">
					<from sourceSinkType="Field" BaseType="android.content.Intent"
						AccessPath="[android.content.Intent: java.lang.Object[] extraValues]"
						AccessPathTypes="[java.lang.Object[]]" />
					<to sourceSinkType="Return" />
				</flow>
			</flows>
		</method>
		<method id="java.util.ArrayList getCharSequenceArrayListExtra(java.lang.String)">
			<flows>
				<flow isAlias="false" typeChecking="false">
					<from sourceSinkType="Field" BaseType="android.content.Intent"
						AccessPath="[android.content.Intent: java.lang.Object[] extraValues]"
						AccessPathTypes="[java.lang.Object[]]" />
					<to sourceSinkType="Return"
						AccessPath="[java.util.Collection: java.lang.Object[] innerArray]"
						AccessPathTypes="[java.lang.Object[]]"  />
				</flow>
			</flows>
		</method>
		<method id="java.lang.CharSequence getCharSequenceExtra(java.lang.String)">
			<flows>
				<flow isAlias="false" typeChecking="false">
					<from sourceSinkType="Field" BaseType="android.content.Intent"
						AccessPath="[android.content.Intent: java.lang.Object[] extraValues]"
						AccessPathTypes="[java.lang.Object[]]" />
					<to sourceSinkType="Return" />
				</flow>
			</flows>
		</method>
		<method id="android.content.ClipData getClipData()">
			<flows>
				<flow isAlias="false" typeChecking="false">
					<from sourceSinkType="Field" BaseType="android.content.Intent"
						AccessPath="[android.content.Intent: android.content.ClipData clipData]"
						AccessPathTypes="[android.content.ClipData]" />
					<to sourceSinkType="Return" />
				</flow>
			</flows>
		</method>
		<method id="android.content.ComponentName getComponentName()">
			<flows>
				<flow isAlias="false" typeChecking="false">
					<from sourceSinkType="Field" BaseType="android.content.Intent"
						AccessPath="[android.content.Intent: android.content.ComponentName componentName]"
						AccessPathTypes="[android.content.ComponentName]" />
					<to sourceSinkType="Return" />
				</flow>
			</flows>
		</method>
		<method id="android.net.Uri getData()">
			<flows>
				<flow isAlias="false" typeChecking="false">
					<from sourceSinkType="Field" BaseType="android.content.Intent"
						AccessPath="[android.content.Intent: android.net.Uri uri]"
						AccessPathTypes="[android.net.Uri]" />
					<to sourceSinkType="Return" />
				</flow>
			</flows>
		</method>
		<method id="java.lang.String getDataString()">
			<flows>
				<flow isAlias="false" typeChecking="false">
					<from sourceSinkType="Field" BaseType="android.content.Intent"
						AccessPath="[android.content.Intent: android.net.Uri uri]"
						AccessPathTypes="[android.net.Uri]" />
					<to sourceSinkType="Return" />
				</flow>
			</flows>
		</method>
		<method id="double[] getDoubleArrayExtra(java.lang.String)">
			<flows>
				<flow isAlias="false" typeChecking="false">
					<from sourceSinkType="Field" BaseType="android.content.Intent"
						AccessPath="[android.content.Intent: java.lang.Object[] extraValues]"
						AccessPathTypes="[java.lang.Object[]]" />
					<to sourceSinkType="Return" />
				</flow>
			</flows>
		</method>
		<method id="double getDoubleExtra(java.lang.String,double)">
			<flows>
				<flow isAlias="false" typeChecking="false">
					<from sourceSinkType="Field" BaseType="android.content.Intent"
						AccessPath="[android.content.Intent: java.lang.Object[] extraValues]"
						AccessPathTypes="[java.lang.Object[]]" />
					<to sourceSinkType="Return" />
				</flow>
				<flow isAlias="false" typeChecking="false">
					<from sourceSinkType="Parameter" ParameterIndex="1" />
					<to sourceSinkType="Return" />
				</flow>
			</flows>
		</method>
		<method id="android.os.Bundle getExtras()">
			<flows>
				<flow isAlias="false" typeChecking="false">
					<from sourceSinkType="Field" BaseType="android.content.Intent"
						AccessPath="[android.content.Intent: java.lang.String[] extraKeys]"
						AccessPathTypes="[java.lang.String[]]" />
					<to sourceSinkType="Return"
						AccessPath="[android.os.BaseBundle: java.lang.String[] keys]"
						AccessPathTypes="[java.lang.String[]]" />
				</flow>
				<flow isAlias="false" typeChecking="false">
					<from sourceSinkType="Field" BaseType="android.content.Intent"
						AccessPath="[android.content.Intent: java.lang.Object[] extraValues]"
						AccessPathTypes="[java.lang.Object[]]" />
					<to sourceSinkType="Return"
						AccessPath="[android.os.BaseBundle: java.lang.Object[] values]"
						AccessPathTypes="[java.lang.Object[]]" />
				</flow>
			</flows>
		</method>
		<method id="float[] getFloatArrayExtra(java.lang.String)">
			<flows>
				<flow isAlias="false" typeChecking="false">
					<from sourceSinkType="Field" BaseType="android.content.Intent"
						AccessPath="[android.content.Intent: java.lang.Object[] extraValues]"
						AccessPathTypes="[java.lang.Object[]]" />
					<to sourceSinkType="Return" />
				</flow>
			</flows>
		</method>
		<method id="float getFloatExtra(java.lang.String,float)">
			<flows>
				<flow isAlias="false" typeChecking="false">
					<from sourceSinkType="Field" BaseType="android.content.Intent"
						AccessPath="[android.content.Intent: java.lang.Object[] extraValues]"
						AccessPathTypes="[java.lang.Object[]]" />
					<to sourceSinkType="Return" />
				</flow>
				<flow isAlias="false" typeChecking="false">
					<from sourceSinkType="Parameter" ParameterIndex="1" />
					<to sourceSinkType="Return" />
				</flow>
			</flows>
		</method>
		<method id="int[] getIntArrayExtra(java.lang.String)">
			<flows>
				<flow isAlias="false" typeChecking="false">
					<from sourceSinkType="Field" BaseType="android.content.Intent"
						AccessPath="[android.content.Intent: java.lang.Object[] extraValues]"
						AccessPathTypes="[java.lang.Object[]]" />
					<to sourceSinkType="Return" />
				</flow>
			</flows>
		</method>
		<method id="int getIntExtra(java.lang.String,int)">
			<flows>
				<flow isAlias="false" typeChecking="false">
					<from sourceSinkType="Field" BaseType="android.content.Intent"
						AccessPath="[android.content.Intent: java.lang.Object[] extraValues]"
						AccessPathTypes="[java.lang.Object[]]" />
					<to sourceSinkType="Return" />
				</flow>
				<flow isAlias="false" typeChecking="false">
					<from sourceSinkType="Parameter" ParameterIndex="1" />
					<to sourceSinkType="Return" />
				</flow>
			</flows>
		</method>
		<method id="java.util.ArrayList getIntegerArrayListExtra(java.lang.String)">
			<flows>
				<flow isAlias="false" typeChecking="false">
					<from sourceSinkType="Field" BaseType="android.content.Intent"
						AccessPath="[android.content.Intent: java.lang.Object[] extraValues]"
						AccessPathTypes="[java.lang.Object[]]" />
					<to sourceSinkType="Return"
						AccessPath="[java.util.Collection: java.lang.Object[] innerArray]"
						AccessPathTypes="[java.lang.Object[]]"  />
				</flow>
			</flows>
		</method>
		<method id="android.content.Intent getIntent(android.net.Uri)">
			<flows>
				<flow isAlias="false" typeChecking="false">
					<from sourceSinkType="Parameter" ParameterIndex="0" />
					<to sourceSinkType="Return" BaseType="android.content.Intent"
						AccessPath="[android.content.Intent: android.net.Uri uri]"
						AccessPathTypes="[android.net.Uri]" />
				</flow>
			</flows>
		</method>
		<method id="android.content.Intent getIntentOld(android.net.Uri)">
			<flows>
				<flow isAlias="false" typeChecking="false">
					<from sourceSinkType="Parameter" ParameterIndex="0" />
					<to sourceSinkType="Return" BaseType="android.content.Intent"
						AccessPath="[android.content.Intent: android.net.Uri uri]"
						AccessPathTypes="[android.net.Uri]" />
				</flow>
			</flows>
		</method>
		<method id="long[] getLongArrayExtra(java.lang.String)">
			<flows>
				<flow isAlias="false" typeChecking="false">
					<from sourceSinkType="Field" BaseType="android.content.Intent"
						AccessPath="[android.content.Intent: java.lang.Object[] extraValues]"
						AccessPathTypes="[java.lang.Object[]]" />
					<to sourceSinkType="Return" />
				</flow>
			</flows>
		</method>
		<method id="long getLongExtra(java.lang.String,long)">
			<flows>
				<flow isAlias="false" typeChecking="false">
					<from sourceSinkType="Field" BaseType="android.content.Intent"
						AccessPath="[android.content.Intent: java.lang.Object[] extraValues]"
						AccessPathTypes="[java.lang.Object[]]" />
					<to sourceSinkType="Return" />
				</flow>
				<flow isAlias="false" typeChecking="false">
					<from sourceSinkType="Parameter" ParameterIndex="1" />
					<to sourceSinkType="Return" />
				</flow>
			</flows>
		</method>
		<method id="java.lang.String getPackage()">
			<flows>
				<flow isAlias="false" typeChecking="false">
					<from sourceSinkType="Field" BaseType="android.content.Intent"
						AccessPath="[android.content.Intent: android.content.ComponentName componentName]"
						AccessPathTypes="[android.content.ComponentName]" />
					<to sourceSinkType="Return" />
				</flow>
			</flows>
		</method>
		<method id="android.os.Parcelable[] getParcelableArrayExtra(java.lang.String)">
			<flows>
				<flow isAlias="false" typeChecking="false">
					<from sourceSinkType="Field" BaseType="android.content.Intent"
						AccessPath="[android.content.Intent: java.lang.Object[] extraValues]"
						AccessPathTypes="[java.lang.Object[]]" />
					<to sourceSinkType="Return" />
				</flow>
			</flows>
		</method>
		<method id="android.os.Parcelable getParcelableExtra(java.lang.String)">
			<flows>
				<flow isAlias="false" typeChecking="false">
					<from sourceSinkType="Field" BaseType="android.content.Intent"
						AccessPath="[android.content.Intent: java.lang.Object[] extraValues]"
						AccessPathTypes="[java.lang.Object[]]" />
					<to sourceSinkType="Return" />
				</flow>
			</flows>
		</method>
		<method id="java.util.ArrayList getParcelableArrayListExtra(java.lang.String)">
			<flows>
				<flow isAlias="false" typeChecking="false">
					<from sourceSinkType="Field" BaseType="android.content.Intent"
						AccessPath="[android.content.Intent: java.lang.Object[] extraValues]"
						AccessPathTypes="[java.lang.Object[]]" />
					<to sourceSinkType="Return"
						AccessPath="[java.util.Collection: java.lang.Object[] innerArray]"
						AccessPathTypes="[java.lang.Object[]]"  />
				</flow>
			</flows>
		</method>
		<method id="java.lang.String getScheme()">
			<flows>
				<flow isAlias="false" typeChecking="false">
					<from sourceSinkType="Field" BaseType="android.content.Intent"
						AccessPath="[android.content.Intent: android.net.Uri uri]"
						AccessPathTypes="[android.net.Uri]" />
					<to sourceSinkType="Return" />
				</flow>
			</flows>
		</method>
		<method id="android.content.Intent getSelector()">
			<flows>
				<flow isAlias="false" typeChecking="false">
					<from sourceSinkType="Field" BaseType="android.content.Intent"
						AccessPath="[android.content.Intent: android.content.Intent selector]"
						AccessPathTypes="[android.content.Intent]" />
					<to sourceSinkType="Return" />
				</flow>
			</flows>
		</method>
		<method id="java.io.Serializable getSerializableExtra(java.lang.String)">
			<flows>
				<flow isAlias="false" typeChecking="false">
					<from sourceSinkType="Field" BaseType="android.content.Intent"
						AccessPath="[android.content.Intent: java.lang.Object[] extraValues]"
						AccessPathTypes="[java.lang.Object[]]" />
					<to sourceSinkType="Return" />
				</flow>
			</flows>
		</method>
		<method id="short[] getShortArrayExtra(java.lang.String)">
			<flows>
				<flow isAlias="false" typeChecking="false">
					<from sourceSinkType="Field" BaseType="android.content.Intent"
						AccessPath="[android.content.Intent: java.lang.Object[] extraValues]"
						AccessPathTypes="[java.lang.Object[]]" />
					<to sourceSinkType="Return" />
				</flow>
			</flows>
		</method>
		<method id="short getShortExtra(java.lang.String,short)">
			<flows>
				<flow isAlias="false" typeChecking="false">
					<from sourceSinkType="Field" BaseType="android.content.Intent"
						AccessPath="[android.content.Intent: java.lang.Object[] extraValues]"
						AccessPathTypes="[java.lang.Object[]]" />
					<to sourceSinkType="Return" />
				</flow>
				<flow isAlias="false" typeChecking="false">
					<from sourceSinkType="Parameter" ParameterIndex="1" />
					<to sourceSinkType="Return" />
				</flow>
			</flows>
		</method>
		<method id="java.lang.String[] getStringArrayExtra(java.lang.String)">
			<flows>
				<flow isAlias="false" typeChecking="false">
					<from sourceSinkType="Field" BaseType="android.content.Intent"
						AccessPath="[android.content.Intent: java.lang.Object[] extraValues]"
						AccessPathTypes="[java.lang.Object[]]" />
					<to sourceSinkType="Return" />
				</flow>
			</flows>
		</method>
		<method id="java.lang.String getStringExtra(java.lang.String)">
			<flows>
				<flow isAlias="false" typeChecking="false">
					<from sourceSinkType="Field" BaseType="android.content.Intent"
						AccessPath="[android.content.Intent: java.lang.Object[] extraValues]"
						AccessPathTypes="[java.lang.Object[]]" />
					<to sourceSinkType="Return" />
				</flow>
			</flows>
		</method>
		<method id="java.util.ArrayList getStringArrayListExtra(java.lang.String)">
			<flows>
				<flow isAlias="false" typeChecking="false">
					<from sourceSinkType="Field" BaseType="android.content.Intent"
						AccessPath="[android.content.Intent: java.lang.Object[] extraValues]"
						AccessPathTypes="[java.lang.Object[]]" />
					<to sourceSinkType="Return"
						AccessPath="[java.util.Collection: java.lang.Object[] innerArray]"
						AccessPathTypes="[java.lang.Object[]]"  />
				</flow>
			</flows>
		</method>
		<method id="java.lang.String getType()">
			<flows>
				<flow isAlias="false" typeChecking="false">
					<from sourceSinkType="Field" BaseType="android.content.Intent"
						AccessPath="[android.content.Intent: java.lang.String mimeType]"
						AccessPathTypes="[java.lang.String]" />
					<to sourceSinkType="Return" />
				</flow>
			</flows>
		</method>
		<method id="android.content.Intent makeMainActivity(android.content.ComponentName)">
			<flows>
				<flow isAlias="false" typeChecking="false">
					<from sourceSinkType="Parameter" ParameterIndex="0" />
					<to sourceSinkType="Return" BaseType="android.content.Intent"
						AccessPath="[android.content.Intent: android.content.ComponentName componentName]"
						AccessPathTypes="[android.content.ComponentName]" />
				</flow>
			</flows>
		</method>
		<method id="android.content.Intent makeMainSelectorActivity(java.lang.String,java.lang.String)">
			<flows>
				<flow isAlias="false" typeChecking="false">
					<from sourceSinkType="Parameter" ParameterIndex="0" />
					<to sourceSinkType="Return" BaseType="android.content.Intent"
						AccessPath="[android.content.Intent: android.content.Intent selector]"
						AccessPathTypes="[android.content.Intent]" />
				</flow>
				<flow isAlias="false" typeChecking="false">
					<from sourceSinkType="Parameter" ParameterIndex="1" />
					<to sourceSinkType="Return" BaseType="android.content.Intent"
						AccessPath="[android.content.Intent: java.lang.String[] categories]"
						AccessPathTypes="[java.lang.String[]]" />
				</flow>
			</flows>
		</method>
		<method id="android.content.Intent makeRestartActivityTask(android.content.ComponentName)">
			<flows>
				<flow isAlias="false" typeChecking="false">
					<from sourceSinkType="Parameter" ParameterIndex="0" />
					<to sourceSinkType="Return" BaseType="android.content.Intent"
						AccessPath="[android.content.Intent: android.content.ComponentName componentName]"
						AccessPathTypes="[android.content.ComponentName]" />
				</flow>
			</flows>
		</method>
		<method id="java.lang.String normalizeMimeType(java.lang.String)">
			<flows>
				<flow isAlias="false" typeChecking="false">
					<from sourceSinkType="Parameter" ParameterIndex="0" />
					<to sourceSinkType="Return" />
				</flow>
			</flows>
		</method>
		<method id="android.content.Intent parseUri(android.net.Uri,int)">
			<flows>
				<flow isAlias="false" typeChecking="false">
					<from sourceSinkType="Parameter" ParameterIndex="0" />
					<to sourceSinkType="Return" BaseType="android.content.Intent"
						AccessPath="[android.content.Intent: android.net.Uri uri]"
						AccessPathTypes="[android.net.Uri]" />
				</flow>
			</flows>
		</method>
		<method id="android.content.Intent putCharSequenceArrayListExtra(java.lang.String,java.util.ArrayList)">
			<flows>
				<flow isAlias="false" typeChecking="false">
					<from sourceSinkType="Parameter" ParameterIndex="0" />
					<to sourceSinkType="Field"
						AccessPath="[android.content.Intent: java.lang.String[] extraKeys]"
						AccessPathTypes="[java.lang.String[]]" /> />
				</flow>
				<flow isAlias="false" typeChecking="false">
					<from sourceSinkType="Parameter" ParameterIndex="1"
						AccessPath="[java.util.Collection: java.lang.Object[] innerArray]"
						AccessPathTypes="[java.lang.Object[]]"  />
					<to sourceSinkType="Field" BaseType="android.content.Intent"
						AccessPath="[android.content.Intent: java.lang.Object[] extraValues]"
						AccessPathTypes="[java.lang.Object[]]" />
				</flow>
				<flow isAlias="true" typeChecking="false">
					<from sourceSinkType="Field" />
					<to sourceSinkType="Return" />
				</flow>
			</flows>
		</method>
		<method id="android.content.Intent putExtra(java.lang.String,android.os.Parcelable)">
			<flows>
				<flow isAlias="false" typeChecking="false">
					<from sourceSinkType="Parameter" ParameterIndex="0" />
					<to sourceSinkType="Field"
						AccessPath="[android.content.Intent: java.lang.String[] extraKeys]"
						AccessPathTypes="[java.lang.String[]]" /> />
				</flow>
				<flow isAlias="false" typeChecking="false">
					<from sourceSinkType="Parameter" ParameterIndex="1" />
					<to sourceSinkType="Field" BaseType="android.content.Intent"
						AccessPath="[android.content.Intent: java.lang.Object[] extraValues]"
						AccessPathTypes="[java.lang.Object[]]" />
				</flow>
				<flow isAlias="true" typeChecking="false">
					<from sourceSinkType="Field" />
					<to sourceSinkType="Return" />
				</flow>
			</flows>
		</method>
		<method id="android.content.Intent putExtra(java.lang.String,long[])">
			<flows>
				<flow isAlias="false" typeChecking="false">
					<from sourceSinkType="Parameter" ParameterIndex="0" />
					<to sourceSinkType="Field"
						AccessPath="[android.content.Intent: java.lang.String[] extraKeys]"
						AccessPathTypes="[java.lang.String[]]" /> />
				</flow>
				<flow isAlias="false" typeChecking="false">
					<from sourceSinkType="Parameter" ParameterIndex="1" />
					<to sourceSinkType="Field" BaseType="android.content.Intent"
						AccessPath="[android.content.Intent: java.lang.Object[] extraValues]"
						AccessPathTypes="[java.lang.Object[]]" />
				</flow>
				<flow isAlias="true" typeChecking="false">
					<from sourceSinkType="Field" />
					<to sourceSinkType="Return" />
				</flow>
			</flows>
		</method>
		<method id="android.content.Intent putExtra(java.lang.String,byte)">
			<flows>
				<flow isAlias="false" typeChecking="false">
					<from sourceSinkType="Parameter" ParameterIndex="0" />
					<to sourceSinkType="Field"
						AccessPath="[android.content.Intent: java.lang.String[] extraKeys]"
						AccessPathTypes="[java.lang.String[]]" /> />
				</flow>
				<flow isAlias="false" typeChecking="false">
					<from sourceSinkType="Parameter" ParameterIndex="1" />
					<to sourceSinkType="Field" BaseType="android.content.Intent"
						AccessPath="[android.content.Intent: java.lang.Object[] extraValues]"
						AccessPathTypes="[java.lang.Object[]]" />
				</flow>
				<flow isAlias="true" typeChecking="false">
					<from sourceSinkType="Field" />
					<to sourceSinkType="Return" />
				</flow>
			</flows>
		</method>
		<method id="android.content.Intent putExtra(java.lang.String,double[])">
			<flows>
				<flow isAlias="false" typeChecking="false">
					<from sourceSinkType="Parameter" ParameterIndex="0" />
					<to sourceSinkType="Field"
						AccessPath="[android.content.Intent: java.lang.String[] extraKeys]"
						AccessPathTypes="[java.lang.String[]]" /> />
				</flow>
				<flow isAlias="false" typeChecking="false">
					<from sourceSinkType="Parameter" ParameterIndex="1" />
					<to sourceSinkType="Field" BaseType="android.content.Intent"
						AccessPath="[android.content.Intent: java.lang.Object[] extraValues]"
						AccessPathTypes="[java.lang.Object[]]" />
				</flow>
				<flow isAlias="true" typeChecking="false">
					<from sourceSinkType="Field" />
					<to sourceSinkType="Return" />
				</flow>
			</flows>
		</method>
		<method id="android.content.Intent putExtra(java.lang.String,java.lang.CharSequence)">
			<flows>
				<flow isAlias="false" typeChecking="false">
					<from sourceSinkType="Parameter" ParameterIndex="0" />
					<to sourceSinkType="Field"
						AccessPath="[android.content.Intent: java.lang.String[] extraKeys]"
						AccessPathTypes="[java.lang.String[]]" /> />
				</flow>
				<flow isAlias="false" typeChecking="false">
					<from sourceSinkType="Parameter" ParameterIndex="1" />
					<to sourceSinkType="Field" BaseType="android.content.Intent"
						AccessPath="[android.content.Intent: java.lang.Object[] extraValues]"
						AccessPathTypes="[java.lang.Object[]]" />
				</flow>
				<flow isAlias="true" typeChecking="false">
					<from sourceSinkType="Field" />
					<to sourceSinkType="Return" />
				</flow>
			</flows>
		</method>
		<method id="android.content.Intent putExtra(java.lang.String,boolean[])">
			<flows>
				<flow isAlias="false" typeChecking="false">
					<from sourceSinkType="Parameter" ParameterIndex="0" />
					<to sourceSinkType="Field"
						AccessPath="[android.content.Intent: java.lang.String[] extraKeys]"
						AccessPathTypes="[java.lang.String[]]" /> />
				</flow>
				<flow isAlias="false" typeChecking="false">
					<from sourceSinkType="Parameter" ParameterIndex="1" />
					<to sourceSinkType="Field" BaseType="android.content.Intent"
						AccessPath="[android.content.Intent: java.lang.Object[] extraValues]"
						AccessPathTypes="[java.lang.Object[]]" />
				</flow>
				<flow isAlias="true" typeChecking="false">
					<from sourceSinkType="Field" />
					<to sourceSinkType="Return" />
				</flow>
			</flows>
		</method>
		<method id="android.content.Intent putExtra(java.lang.String,int)">
			<flows>
				<flow isAlias="false" typeChecking="false">
					<from sourceSinkType="Parameter" ParameterIndex="0" />
					<to sourceSinkType="Field"
						AccessPath="[android.content.Intent: java.lang.String[] extraKeys]"
						AccessPathTypes="[java.lang.String[]]" /> />
				</flow>
				<flow isAlias="false" typeChecking="false">
					<from sourceSinkType="Parameter" ParameterIndex="1" />
					<to sourceSinkType="Field" BaseType="android.content.Intent"
						AccessPath="[android.content.Intent: java.lang.Object[] extraValues]"
						AccessPathTypes="[java.lang.Object[]]" />
				</flow>
				<flow isAlias="true" typeChecking="false">
					<from sourceSinkType="Field" />
					<to sourceSinkType="Return" />
				</flow>
			</flows>
		</method>
		<method id="android.content.Intent putExtra(java.lang.String,char[])">
			<flows>
				<flow isAlias="false" typeChecking="false">
					<from sourceSinkType="Parameter" ParameterIndex="0" />
					<to sourceSinkType="Field"
						AccessPath="[android.content.Intent: java.lang.String[] extraKeys]"
						AccessPathTypes="[java.lang.String[]]" /> />
				</flow>
				<flow isAlias="false" typeChecking="false">
					<from sourceSinkType="Parameter" ParameterIndex="1" />
					<to sourceSinkType="Field" BaseType="android.content.Intent"
						AccessPath="[android.content.Intent: java.lang.Object[] extraValues]"
						AccessPathTypes="[java.lang.Object[]]" />
				</flow>
				<flow isAlias="true" typeChecking="false">
					<from sourceSinkType="Field" />
					<to sourceSinkType="Return" />
				</flow>
			</flows>
		</method>
		<method id="android.content.Intent putExtra(java.lang.String,byte[])">
			<flows>
				<flow isAlias="false" typeChecking="false">
					<from sourceSinkType="Parameter" ParameterIndex="0" />
					<to sourceSinkType="Field"
						AccessPath="[android.content.Intent: java.lang.String[] extraKeys]"
						AccessPathTypes="[java.lang.String[]]" /> />
				</flow>
				<flow isAlias="false" typeChecking="false">
					<from sourceSinkType="Parameter" ParameterIndex="0" />
					<to sourceSinkType="Field" BaseType="android.content.Intent"
						AccessPath="[android.content.Intent: java.lang.Object[] extraValues]"
						AccessPathTypes="[java.lang.Object[]]" />
				</flow>
				<flow isAlias="true" typeChecking="false">
					<from sourceSinkType="Field" />
					<to sourceSinkType="Return" />
				</flow>
			</flows>
		</method>
		<method id="android.content.Intent putExtra(java.lang.String,android.os.Parcelable[])">
			<flows>
				<flow isAlias="false" typeChecking="false">
					<from sourceSinkType="Parameter" ParameterIndex="0" />
					<to sourceSinkType="Field"
						AccessPath="[android.content.Intent: java.lang.String[] extraKeys]"
						AccessPathTypes="[java.lang.String[]]" /> />
				</flow>
				<flow isAlias="false" typeChecking="false">
					<from sourceSinkType="Parameter" ParameterIndex="1" />
					<to sourceSinkType="Field" BaseType="android.content.Intent"
						AccessPath="[android.content.Intent: java.lang.Object[] extraValues]"
						AccessPathTypes="[java.lang.Object[]]" />
				</flow>
				<flow isAlias="true" typeChecking="false">
					<from sourceSinkType="Field" />
					<to sourceSinkType="Return" />
				</flow>
			</flows>
		</method>
		<method id="android.content.Intent putExtra(java.lang.String,android.os.Bundle)">
			<flows>
				<flow isAlias="false" typeChecking="false">
					<from sourceSinkType="Parameter" ParameterIndex="0" />
					<to sourceSinkType="Field"
						AccessPath="[android.content.Intent: java.lang.String[] extraKeys]"
						AccessPathTypes="[java.lang.String[]]" /> />
				</flow>
				<flow isAlias="false" typeChecking="false">
					<from sourceSinkType="Parameter" ParameterIndex="1"
						AccessPath="[android.os.BaseBundle: java.lang.String[] keys]"
						AccessPathTypes="[java.lang.String[]]" />
					<to sourceSinkType="Field" BaseType="android.content.Intent"
						AccessPath="[android.content.Intent: java.lang.Object[] extraValues]"
						AccessPathTypes="[java.lang.Object[]]" />
				</flow>
				<flow isAlias="false" typeChecking="false">
					<from sourceSinkType="Parameter" ParameterIndex="0"
						AccessPath="[android.os.BaseBundle: java.lang.Object[] values]"
						AccessPathTypes="[java.lang.Object[]]" />
					<to sourceSinkType="Field" BaseType="android.content.Intent"
						AccessPath="[android.content.Intent: java.lang.Object[] extraValues]"
						AccessPathTypes="[java.lang.Object[]]" />
				</flow>
				<flow isAlias="true" typeChecking="false">
					<from sourceSinkType="Field" />
					<to sourceSinkType="Return" />
				</flow>
			</flows>
		</method>
		<method id="android.content.Intent putExtra(java.lang.String,java.lang.CharSequence[])">
			<flows>
				<flow isAlias="false" typeChecking="false">
					<from sourceSinkType="Parameter" ParameterIndex="0" />
					<to sourceSinkType="Field"
						AccessPath="[android.content.Intent: java.lang.String[] extraKeys]"
						AccessPathTypes="[java.lang.String[]]" /> />
				</flow>
				<flow isAlias="false" typeChecking="false">
					<from sourceSinkType="Parameter" ParameterIndex="1" />
					<to sourceSinkType="Field" BaseType="android.content.Intent"
						AccessPath="[android.content.Intent: java.lang.Object[] extraValues]"
						AccessPathTypes="[java.lang.Object[]]" />
				</flow>
				<flow isAlias="true" typeChecking="false">
					<from sourceSinkType="Field" />
					<to sourceSinkType="Return" />
				</flow>
			</flows>
		</method>
		<method id="android.content.Intent putExtra(java.lang.String,float[])">
			<flows>
				<flow isAlias="false" typeChecking="false">
					<from sourceSinkType="Parameter" ParameterIndex="0" />
					<to sourceSinkType="Field"
						AccessPath="[android.content.Intent: java.lang.String[] extraKeys]"
						AccessPathTypes="[java.lang.String[]]" /> />
				</flow>
				<flow isAlias="false" typeChecking="false">
					<from sourceSinkType="Parameter" ParameterIndex="1" />
					<to sourceSinkType="Field" BaseType="android.content.Intent"
						AccessPath="[android.content.Intent: java.lang.Object[] extraValues]"
						AccessPathTypes="[java.lang.Object[]]" />
				</flow>
				<flow isAlias="true" typeChecking="false">
					<from sourceSinkType="Field" />
					<to sourceSinkType="Return" />
				</flow>
			</flows>
		</method>
		<method id="android.content.Intent putExtra(java.lang.String,double)">
			<flows>
				<flow isAlias="false" typeChecking="false">
					<from sourceSinkType="Parameter" ParameterIndex="0" />
					<to sourceSinkType="Field"
						AccessPath="[android.content.Intent: java.lang.String[] extraKeys]"
						AccessPathTypes="[java.lang.String[]]" /> />
				</flow>
				<flow isAlias="false" typeChecking="false">
					<from sourceSinkType="Parameter" ParameterIndex="1" />
					<to sourceSinkType="Field" BaseType="android.content.Intent"
						AccessPath="[android.content.Intent: java.lang.Object[] extraValues]"
						AccessPathTypes="[java.lang.Object[]]" />
				</flow>
				<flow isAlias="true" typeChecking="false">
					<from sourceSinkType="Field" />
					<to sourceSinkType="Return" />
				</flow>
			</flows>
		</method>
		<method id="android.content.Intent putExtra(java.lang.String,int[])">
			<flows>
				<flow isAlias="false" typeChecking="false">
					<from sourceSinkType="Parameter" ParameterIndex="0" />
					<to sourceSinkType="Field"
						AccessPath="[android.content.Intent: java.lang.String[] extraKeys]"
						AccessPathTypes="[java.lang.String[]]" /> />
				</flow>
				<flow isAlias="false" typeChecking="false">
					<from sourceSinkType="Parameter" ParameterIndex="1" />
					<to sourceSinkType="Field" BaseType="android.content.Intent"
						AccessPath="[android.content.Intent: java.lang.Object[] extraValues]"
						AccessPathTypes="[java.lang.Object[]]" />
				</flow>
				<flow isAlias="true" typeChecking="false">
					<from sourceSinkType="Field" />
					<to sourceSinkType="Return" />
				</flow>
			</flows>
		</method>
		<method id="android.content.Intent putExtra(java.lang.String,java.lang.String[])">
			<flows>
				<flow isAlias="false" typeChecking="false">
					<from sourceSinkType="Parameter" ParameterIndex="0" />
					<to sourceSinkType="Field"
						AccessPath="[android.content.Intent: java.lang.String[] extraKeys]"
						AccessPathTypes="[java.lang.String[]]" /> />
				</flow>
				<flow isAlias="false" typeChecking="false">
					<from sourceSinkType="Parameter" ParameterIndex="1" />
					<to sourceSinkType="Field" BaseType="android.content.Intent"
						AccessPath="[android.content.Intent: java.lang.Object[] extraValues]"
						AccessPathTypes="[java.lang.Object[]]" />
				</flow>
				<flow isAlias="true" typeChecking="false">
					<from sourceSinkType="Field" />
					<to sourceSinkType="Return" />
				</flow>
			</flows>
		</method>
		<method id="android.content.Intent putExtra(java.lang.String,short[])">
			<flows>
				<flow isAlias="false" typeChecking="false">
					<from sourceSinkType="Parameter" ParameterIndex="0" />
					<to sourceSinkType="Field"
						AccessPath="[android.content.Intent: java.lang.String[] extraKeys]"
						AccessPathTypes="[java.lang.String[]]" /> />
				</flow>
				<flow isAlias="false" typeChecking="false">
					<from sourceSinkType="Parameter" ParameterIndex="1" />
					<to sourceSinkType="Field" BaseType="android.content.Intent"
						AccessPath="[android.content.Intent: java.lang.Object[] extraValues]"
						AccessPathTypes="[java.lang.Object[]]" />
				</flow>
				<flow isAlias="true" typeChecking="false">
					<from sourceSinkType="Field" />
					<to sourceSinkType="Return" />
				</flow>
			</flows>
		</method>
		<method id="android.content.Intent putExtra(java.lang.String,boolean)">
			<flows>
				<flow isAlias="false" typeChecking="false">
					<from sourceSinkType="Parameter" ParameterIndex="0" />
					<to sourceSinkType="Field"
						AccessPath="[android.content.Intent: java.lang.String[] extraKeys]"
						AccessPathTypes="[java.lang.String[]]" /> />
				</flow>
				<flow isAlias="false" typeChecking="false">
					<from sourceSinkType="Parameter" ParameterIndex="1" />
					<to sourceSinkType="Field" BaseType="android.content.Intent"
						AccessPath="[android.content.Intent: java.lang.Object[] extraValues]"
						AccessPathTypes="[java.lang.Object[]]" />
				</flow>
				<flow isAlias="true" typeChecking="false">
					<from sourceSinkType="Field" />
					<to sourceSinkType="Return" />
				</flow>
			</flows>
		</method>
		<method id="android.content.Intent putExtra(java.lang.String,java.lang.String)">
			<flows>
				<flow isAlias="false" typeChecking="false">
					<from sourceSinkType="Parameter" ParameterIndex="0" />
					<to sourceSinkType="Field"
						AccessPath="[android.content.Intent: java.lang.String[] extraKeys]"
						AccessPathTypes="[java.lang.String[]]" /> />
				</flow>
				<flow isAlias="false" typeChecking="false">
					<from sourceSinkType="Parameter" ParameterIndex="1" />
					<to sourceSinkType="Field" BaseType="android.content.Intent"
						AccessPath="[android.content.Intent: java.lang.Object[] extraValues]"
						AccessPathTypes="[java.lang.Object[]]" />
				</flow>
				<flow isAlias="true" typeChecking="false">
					<from sourceSinkType="Field" />
					<to sourceSinkType="Return" />
				</flow>
			</flows>
		</method>
		<method id="android.content.Intent putExtra(java.lang.String,long)">
			<flows>
				<flow isAlias="false" typeChecking="false">
					<from sourceSinkType="Parameter" ParameterIndex="0" />
					<to sourceSinkType="Field"
						AccessPath="[android.content.Intent: java.lang.String[] extraKeys]"
						AccessPathTypes="[java.lang.String[]]" /> />
				</flow>
				<flow isAlias="false" typeChecking="false">
					<from sourceSinkType="Parameter" ParameterIndex="1" />
					<to sourceSinkType="Field" BaseType="android.content.Intent"
						AccessPath="[android.content.Intent: java.lang.Object[] extraValues]"
						AccessPathTypes="[java.lang.Object[]]" />
				</flow>
				<flow isAlias="true" typeChecking="false">
					<from sourceSinkType="Field" />
					<to sourceSinkType="Return" />
				</flow>
			</flows>
		</method>
		<method id="android.content.Intent putExtra(java.lang.String,char)">
			<flows>
				<flow isAlias="false" typeChecking="false">
					<from sourceSinkType="Parameter" ParameterIndex="0" />
					<to sourceSinkType="Field"
						AccessPath="[android.content.Intent: java.lang.String[] extraKeys]"
						AccessPathTypes="[java.lang.String[]]" /> />
				</flow>
				<flow isAlias="false" typeChecking="false">
					<from sourceSinkType="Parameter" ParameterIndex="1" />
					<to sourceSinkType="Field" BaseType="android.content.Intent"
						AccessPath="[android.content.Intent: java.lang.Object[] extraValues]"
						AccessPathTypes="[java.lang.Object[]]" />
				</flow>
				<flow isAlias="true" typeChecking="false">
					<from sourceSinkType="Field" />
					<to sourceSinkType="Return" />
				</flow>
			</flows>
		</method>
		<method id="android.content.Intent putExtra(java.lang.String,java.io.Serializable)">
			<flows>
				<flow isAlias="false" typeChecking="false">
					<from sourceSinkType="Parameter" ParameterIndex="0" />
					<to sourceSinkType="Field"
						AccessPath="[android.content.Intent: java.lang.String[] extraKeys]"
						AccessPathTypes="[java.lang.String[]]" /> />
				</flow>
				<flow isAlias="false" typeChecking="false">
					<from sourceSinkType="Parameter" ParameterIndex="1" />
					<to sourceSinkType="Field" BaseType="android.content.Intent"
						AccessPath="[android.content.Intent: java.lang.Object[] extraValues]"
						AccessPathTypes="[java.lang.Object[]]" />
				</flow>
				<flow isAlias="true" typeChecking="false">
					<from sourceSinkType="Field" />
					<to sourceSinkType="Return" />
				</flow>
			</flows>
		</method>
		<method id="android.content.Intent putExtra(java.lang.String,float)">
			<flows>
				<flow isAlias="false" typeChecking="false">
					<from sourceSinkType="Parameter" ParameterIndex="0" />
					<to sourceSinkType="Field"
						AccessPath="[android.content.Intent: java.lang.String[] extraKeys]"
						AccessPathTypes="[java.lang.String[]]" /> />
				</flow>
				<flow isAlias="false" typeChecking="false">
					<from sourceSinkType="Parameter" ParameterIndex="1" />
					<to sourceSinkType="Field" BaseType="android.content.Intent"
						AccessPath="[android.content.Intent: java.lang.Object[] extraValues]"
						AccessPathTypes="[java.lang.Object[]]" />
				</flow>
				<flow isAlias="true" typeChecking="false">
					<from sourceSinkType="Field" />
					<to sourceSinkType="Return" />
				</flow>
			</flows>
		</method>
		<method id="android.content.Intent putExtra(java.lang.String,short)">
			<flows>
				<flow isAlias="false" typeChecking="false">
					<from sourceSinkType="Parameter" ParameterIndex="0" />
					<to sourceSinkType="Field"
						AccessPath="[android.content.Intent: java.lang.String[] extraKeys]"
						AccessPathTypes="[java.lang.String[]]" /> />
				</flow>
				<flow isAlias="false" typeChecking="false">
					<from sourceSinkType="Parameter" ParameterIndex="1" />
					<to sourceSinkType="Field" BaseType="android.content.Intent"
						AccessPath="[android.content.Intent: java.lang.Object[] extraValues]"
						AccessPathTypes="[java.lang.Object[]]" />
				</flow>
				<flow isAlias="true" typeChecking="false">
					<from sourceSinkType="Field" />
					<to sourceSinkType="Return" />
				</flow>
			</flows>
		</method>
		<method id="android.content.Intent putExtras(android.content.Intent)">
			<flows>
				<flow isAlias="false" typeChecking="false">
					<from sourceSinkType="Parameter" ParameterIndex="0"
						AccessPath="[android.content.Intent: java.lang.String[] extraKeys]"
						AccessPathTypes="[java.lang.String[]]" />
					<to sourceSinkType="Field" BaseType="android.content.Intent"
						AccessPath="[android.content.Intent: java.lang.String[] extraKeys]"
						AccessPathTypes="[java.lang.String[]]" />
				</flow>
				<flow isAlias="false" typeChecking="false">
					<from sourceSinkType="Parameter" ParameterIndex="0"
						AccessPath="[android.content.Intent: java.lang.Object[] extraValues]"
						AccessPathTypes="[java.lang.Object[]]" />
					<to sourceSinkType="Field" BaseType="android.content.Intent"
						AccessPath="[android.content.Intent: java.lang.Object[] extraValues]"
						AccessPathTypes="[java.lang.Object[]]" />
				</flow>
				<flow isAlias="true" typeChecking="false">
					<from sourceSinkType="Field" />
					<to sourceSinkType="Return" />
				</flow>
			</flows>
		</method>
		<method id="android.content.Intent putExtras(android.os.Bundle)">
			<flows>
				<flow isAlias="false" typeChecking="false">
					<from sourceSinkType="Parameter" ParameterIndex="0"
						AccessPath="[android.os.BaseBundle: java.lang.String[] keys]"
						AccessPathTypes="[java.lang.String[]]" />
					<to sourceSinkType="Field" BaseType="android.content.Intent"
						AccessPath="[android.content.Intent: java.lang.String[] extraKeys]"
						AccessPathTypes="[java.lang.String[]]" />
				</flow>
				<flow isAlias="false" typeChecking="false">
					<from sourceSinkType="Parameter" ParameterIndex="0"
						AccessPath="[android.os.BaseBundle: java.lang.Object[] values]"
						AccessPathTypes="[java.lang.Object[]]" />
					<to sourceSinkType="Field" BaseType="android.content.Intent"
						AccessPath="[android.content.Intent: java.lang.Object[] extraValues]"
						AccessPathTypes="[java.lang.Object[]]" />
				</flow>
				<flow isAlias="true" typeChecking="false">
					<from sourceSinkType="Field" />
					<to sourceSinkType="Return" />
				</flow>
			</flows>
		</method>
		<method id="android.content.Intent putIntegerArrayListExtra(java.lang.String,java.util.ArrayList)">
			<flows>
				<flow isAlias="false" typeChecking="false">
					<from sourceSinkType="Parameter" ParameterIndex="0" />
					<to sourceSinkType="Field"
						AccessPath="[android.content.Intent: java.lang.String[] extraKeys]"
						AccessPathTypes="[java.lang.String[]]" />
				</flow>
				<flow isAlias="false" typeChecking="false">
					<from sourceSinkType="Parameter" ParameterIndex="1"
						AccessPath="[java.util.Collection: java.lang.Object[] innerArray]"
						AccessPathTypes="[java.lang.Object[]]"  />
					<to sourceSinkType="Field" BaseType="android.content.Intent"
						AccessPath="[android.content.Intent: java.lang.Object[] extraValues]"
						AccessPathTypes="[java.lang.Object[]]" />
				</flow>
				<flow isAlias="true" typeChecking="false">
					<from sourceSinkType="Field" />
					<to sourceSinkType="Return" />
				</flow>
			</flows>
		</method>
		<method id="android.content.Intent putParcelableArrayListExtra(java.lang.String,java.util.ArrayList)">
			<flows>
				<flow isAlias="false" typeChecking="false">
					<from sourceSinkType="Parameter" ParameterIndex="0" />
					<to sourceSinkType="Field"
						AccessPath="[android.content.Intent: java.lang.String[] extraKeys]"
						AccessPathTypes="[java.lang.String[]]" />
				</flow>
				<flow isAlias="false" typeChecking="false">
					<from sourceSinkType="Parameter" ParameterIndex="1"
						AccessPath="[java.util.Collection: java.lang.Object[] innerArray]"
						AccessPathTypes="[java.lang.Object[]]"  />
					<to sourceSinkType="Field" BaseType="android.content.Intent"
						AccessPath="[android.content.Intent: java.lang.Object[] extraValues]"
						AccessPathTypes="[java.lang.Object[]]" />
				</flow>
				<flow isAlias="true" typeChecking="false">
					<from sourceSinkType="Field" />
					<to sourceSinkType="Return" />
				</flow>
			</flows>
		</method>
		<method id="android.content.Intent putStringArrayListExtra(java.lang.String,java.util.ArrayList)">
			<flows>
				<flow isAlias="false" typeChecking="false">
					<from sourceSinkType="Parameter" ParameterIndex="0" />
					<to sourceSinkType="Field"
						AccessPath="[android.content.Intent: java.lang.String[] extraKeys]"
						AccessPathTypes="[java.lang.String[]]" /> />
				</flow>
				<flow isAlias="false" typeChecking="false">
					<from sourceSinkType="Parameter" ParameterIndex="1"
						AccessPath="[java.util.Collection: java.lang.Object[] innerArray]"
						AccessPathTypes="[java.lang.Object[]]"  />
					<to sourceSinkType="Field" BaseType="android.content.Intent"
						AccessPath="[android.content.Intent: java.lang.Object[] extraValues]"
						AccessPathTypes="[java.lang.Object[]]" />
				</flow>
				<flow isAlias="true" typeChecking="false">
					<from sourceSinkType="Field" />
					<to sourceSinkType="Return" />
				</flow>
			</flows>
		</method>
		<method id="void readFromParcel(android.os.Parcel)">
			<flows>
				<flow isAlias="false" typeChecking="false">
					<from sourceSinkType="Parameter" ParameterIndex="0"
						AccessPath="[android.os.Parcel: byte[] data]"
						AccessPathTypes="[byte[]]" />
					<to sourceSinkType="Field" />
				</flow>
			</flows>
		</method>
		<method id="android.content.Intent replaceExtras(android.content.Intent)">
			<flows>
				<flow isAlias="false" typeChecking="false">
					<from sourceSinkType="Parameter" ParameterIndex="0" />
					<to sourceSinkType="Field" />
				</flow>
				<flow isAlias="true" typeChecking="false">
					<from sourceSinkType="Field" />
					<to sourceSinkType="Return" />
				</flow>
			</flows>
		</method>
		<method id="android.content.Intent replaceExtras(android.os.Bundle)">
			<flows>
				<flow isAlias="false" typeChecking="false">
					<from sourceSinkType="Parameter" ParameterIndex="0"
						AccessPath="[android.os.BaseBundle: java.lang.String[] keys]"
						AccessPathTypes="[java.lang.String[]]" />
					<to sourceSinkType="Field" BaseType="android.content.Intent"
						AccessPath="[android.content.Intent: java.lang.String[] extraKeys]"
						AccessPathTypes="[java.lang.String[]]" />
				</flow>
				<flow isAlias="false" typeChecking="false">
					<from sourceSinkType="Parameter" ParameterIndex="0"
						AccessPath="[android.os.BaseBundle: java.lang.Object[] values]"
						AccessPathTypes="[java.lang.Object[]]" />
					<to sourceSinkType="Field" BaseType="android.content.Intent"
						AccessPath="[android.content.Intent: java.lang.Object[] extraValues]"
						AccessPathTypes="[java.lang.Object[]]" />
				</flow>
				<flow isAlias="true" typeChecking="false">
					<from sourceSinkType="Field" />
					<to sourceSinkType="Return" />
				</flow>
			</flows>
		</method>
		<method id="java.lang.String resolveType(android.content.Context)">
			<flows>
				<flow isAlias="false" typeChecking="false">
					<from sourceSinkType="Field"
						AccessPath="[android.content.Intent: java.lang.String mimeType]"
						AccessPathTypes="[java.lang.String]" />
					<to sourceSinkType="Return" />
				</flow>
			</flows>
		</method>
		<method id="java.lang.String resolveTypeIfNeeded(android.content.ContentResolver)">
			<flows>
				<flow isAlias="false" typeChecking="false">
					<from sourceSinkType="Field"
						AccessPath="[android.content.Intent: java.lang.String mimeType]"
						AccessPathTypes="[java.lang.String]" />
					<to sourceSinkType="Return" />
				</flow>
			</flows>
		</method>
		<method id="android.content.Intent setAction(java.lang.String)">
			<flows>
				<flow isAlias="false" typeChecking="false">
					<from sourceSinkType="Parameter" ParameterIndex="0" />
					<to sourceSinkType="Field"
						AccessPath="[android.content.Intent: java.lang.String action]"
						AccessPathTypes="[java.lang.String]" />
				</flow>
				<flow isAlias="true" typeChecking="false">
					<from sourceSinkType="Field" />
					<to sourceSinkType="Return" />
				</flow>
			</flows>
		</method>
		<method id="android.content.Intent setClass(android.content.Context,java.lang.Class)">
			<flows>
				<flow isAlias="false" typeChecking="false">
					<from sourceSinkType="Parameter" ParameterIndex="1"
						AccessPath="[java.lang.Class: java.lang.String className]"
						AccessPathTypes="[java.lang.String]" />
					<to sourceSinkType="Field"
						AccessPath="[android.content.Intent: android.content.ComponentName componentName]"
						AccessPathTypes="[android.content.ComponentName]" />
				</flow>
				<flow isAlias="true" typeChecking="false">
					<from sourceSinkType="Field" />
					<to sourceSinkType="Return" />
				</flow>
			</flows>
		</method>
		<method id="android.content.Intent setClassName(java.lang.String,java.lang.String)">
			<flows>
				<flow isAlias="false" typeChecking="false">
					<from sourceSinkType="Parameter" ParameterIndex="0" />
					<to sourceSinkType="Field"
						AccessPath="[android.content.Intent: android.content.ComponentName componentName]"
						AccessPathTypes="[android.content.ComponentName]" />
				</flow>
				<flow isAlias="false" typeChecking="false">
					<from sourceSinkType="Parameter" ParameterIndex="1" />
					<to sourceSinkType="Field"
						AccessPath="[android.content.Intent: android.content.ComponentName componentName]"
						AccessPathTypes="[android.content.ComponentName]" />
				</flow>
				<flow isAlias="true" typeChecking="false">
					<from sourceSinkType="Field" />
					<to sourceSinkType="Return" />
				</flow>
			</flows>
		</method>
		<method id="android.content.Intent setClassName(android.content.Context,java.lang.String)">
			<flows>
				<flow isAlias="false" typeChecking="false">
					<from sourceSinkType="Parameter" ParameterIndex="1" />
					<to sourceSinkType="Field"
						AccessPath="[android.content.Intent: android.content.ComponentName componentName]"
						AccessPathTypes="[android.content.ComponentName]" />
				</flow>
				<flow isAlias="true" typeChecking="false">
					<from sourceSinkType="Field" />
					<to sourceSinkType="Return" />
				</flow>
			</flows>
		</method>
		<method id="void setClipData(android.content.ClipData)">
			<flows>
				<flow isAlias="false" typeChecking="false">
					<from sourceSinkType="Parameter" ParameterIndex="0" />
					<to sourceSinkType="Field"
						AccessPath="[android.content.Intent: android.content.ClipData clipData]"
						AccessPathTypes="[android.content.ClipData]" />
				</flow>
			</flows>
		</method>
		<method id="android.content.Intent setComponent(android.content.ComponentName)">
			<flows>
				<flow isAlias="false" typeChecking="false">
					<from sourceSinkType="Parameter" ParameterIndex="0" />
					<to sourceSinkType="Field"
						AccessPath="[android.content.Intent: android.content.ComponentName componentName]"
						AccessPathTypes="[android.content.ComponentName]" />
				</flow>
				<flow isAlias="true" typeChecking="false">
					<from sourceSinkType="Field" />
					<to sourceSinkType="Return" />
				</flow>
			</flows>
		</method>
		<method id="android.content.Intent setData(android.net.Uri)">
			<flows>
				<flow isAlias="false" typeChecking="false">
					<from sourceSinkType="Parameter" ParameterIndex="0" />
					<to sourceSinkType="Field"
						AccessPath="[android.content.Intent: android.net.Uri uri]"
						AccessPathTypes="[android.net.Uri]" />
				</flow>
				<flow isAlias="true" typeChecking="false">
					<from sourceSinkType="Field" />
					<to sourceSinkType="Return" />
				</flow>
			</flows>
		</method>
		<method id="android.content.Intent setDataAndNormalize(android.net.Uri)">
			<flows>
				<flow isAlias="false" typeChecking="false">
					<from sourceSinkType="Parameter" ParameterIndex="0" />
					<to sourceSinkType="Field"
						AccessPath="[android.content.Intent: android.net.Uri uri]"
						AccessPathTypes="[android.net.Uri]" />
				</flow>
				<flow isAlias="true" typeChecking="false">
					<from sourceSinkType="Field" />
					<to sourceSinkType="Return" />
				</flow>
			</flows>
		</method>
		<method id="android.content.Intent setDataAndType(android.net.Uri,java.lang.String)">
			<flows>
				<flow isAlias="false" typeChecking="false">
					<from sourceSinkType="Parameter" ParameterIndex="0" />
					<to sourceSinkType="Field"
						AccessPath="[android.content.Intent: android.net.Uri uri]"
						AccessPathTypes="[android.net.Uri]" />
				</flow>
				<flow isAlias="false" typeChecking="false">
					<from sourceSinkType="Parameter" ParameterIndex="1" />
					<to sourceSinkType="Field" BaseType="android.content.Intent"
						AccessPath="[android.content.Intent: java.lang.String mimeType]"
						AccessPathTypes="[java.lang.String]" />
				</flow>
				<flow isAlias="true" typeChecking="false">
					<from sourceSinkType="Field" />
					<to sourceSinkType="Return" />
				</flow>
			</flows>
		</method>
		<method id="android.content.Intent setDataAndTypeAndNormalize(android.net.Uri,java.lang.String)">
			<flows>
				<flow isAlias="false" typeChecking="false">
					<from sourceSinkType="Parameter" ParameterIndex="0" />
					<to sourceSinkType="Field"
						AccessPath="[android.content.Intent: android.net.Uri uri]"
						AccessPathTypes="[android.net.Uri]" />
				</flow>
				<flow isAlias="false" typeChecking="false">
					<from sourceSinkType="Parameter" ParameterIndex="1" />
					<to sourceSinkType="Field" BaseType="android.content.Intent"
						AccessPath="[android.content.Intent: java.lang.String mimeType]"
						AccessPathTypes="[java.lang.String]" />
				</flow>
				<flow isAlias="true" typeChecking="false">
					<from sourceSinkType="Field" />
					<to sourceSinkType="Return" />
				</flow>
			</flows>
		</method>
		<method id="android.content.Intent setPackage(java.lang.String)">
			<flows>
				<flow isAlias="false" typeChecking="false">
					<from sourceSinkType="Parameter" ParameterIndex="0" />
					<to sourceSinkType="Field"
						AccessPath="[android.content.Intent: android.content.ComponentName componentName]"
						AccessPathTypes="[android.content.ComponentName]" />
				</flow>
				<flow isAlias="true" typeChecking="false">
					<from sourceSinkType="Field" />
					<to sourceSinkType="Return" />
				</flow>
			</flows>
		</method>
		<method id="void setSelector(android.content.Intent)">
			<flows>
				<flow isAlias="false" typeChecking="false">
					<from sourceSinkType="Parameter" ParameterIndex="0" />
					<to sourceSinkType="Field" BaseType="android.content.Intent"
						AccessPath="[android.content.Intent: android.content.Intent selector]"
						AccessPathTypes="[android.content.Intent]" />
				</flow>
			</flows>
		</method>
		<method id="android.content.Intent setType(java.lang.String)">
			<flows>
				<flow isAlias="false" typeChecking="false">
					<from sourceSinkType="Parameter" ParameterIndex="0" />
					<to sourceSinkType="Field" BaseType="android.content.Intent"
						AccessPath="[android.content.Intent: java.lang.String mimeType]"
						AccessPathTypes="[java.lang.String]" />
				</flow>
				<flow isAlias="true" typeChecking="false">
					<from sourceSinkType="Field" />
					<to sourceSinkType="Return" />
				</flow>
			</flows>
		</method>
		<method id="android.content.Intent setTypeAndNormalize(java.lang.String)">
			<flows>
				<flow isAlias="false" typeChecking="false">
					<from sourceSinkType="Parameter" ParameterIndex="0" />
					<to sourceSinkType="Field" BaseType="android.content.Intent"
						AccessPath="[android.content.Intent: java.lang.String mimeType]"
						AccessPathTypes="[java.lang.String]" />
				</flow>
				<flow isAlias="true" typeChecking="false">
					<from sourceSinkType="Field" />
					<to sourceSinkType="Return" />
				</flow>
			</flows>
		</method>
		<method id="java.lang.String toString()">
			<flows>
				<flow isAlias="false" typeChecking="false">
					<from sourceSinkType="Field" />
					<to sourceSinkType="Return" />
				</flow>
			</flows>
		</method>
		<method id="java.lang.String toURI()">
			<flows>
				<flow isAlias="false" typeChecking="false">
					<from sourceSinkType="Field" />
					<to sourceSinkType="Return" />
				</flow>
			</flows>
		</method>
		<method id="java.lang.String toUri(int)">
			<flows>
				<flow isAlias="false" typeChecking="false">
					<from sourceSinkType="Field" />
					<to sourceSinkType="Return" />
				</flow>
			</flows>
		</method>
		<method id="void writeToParcel(android.os.Parcel,int)">
			<flows>
				<flow isAlias="false" typeChecking="false">
					<from sourceSinkType="Field" />
					<to sourceSinkType="Parameter" ParameterIndex="0"
						AccessPath="[android.os.Parcel: byte[] data]"
						AccessPathTypes="[byte[]]" />
				</flow>
			</flows>
		</method>
	</methods>
</summary>
