<?xml version="1.0" ?>
<summary fileFormatVersion="101">
	<methods>
		<method id="void &lt;init&gt;(java.lang.Object,java.lang.Object)">
			<flows>
				<flow isAlias="true" typeChecking="false">
					<from sourceSinkType="Parameter" ParameterIndex="0" />
					<to sourceSinkType="Field" AccessPath="[android.util.Pair: java.lang.Object first]"
						AccessPathTypes="[java.lang.Object]" />
				</flow>
				<flow isAlias="true" typeChecking="false">
					<from sourceSinkType="Parameter" ParameterIndex="1" />
					<to sourceSinkType="Field" AccessPath="[android.util.Pair: java.lang.Object second]"
						AccessPathTypes="[java.lang.Object]" />
				</flow>
			</flows>
		</method>
		<method id="android.util.Pair create(java.lang.Object,java.lang.Object)">
			<flows>
				<flow isAlias="true" typeChecking="false">
					<from sourceSinkType="Parameter" ParameterIndex="0" />
					<to sourceSinkType="Return" AccessPath="[android.util.Pair: java.lang.Object first]"
						AccessPathTypes="[java.lang.Object]" />
				</flow>
				<flow isAlias="true" typeChecking="false">
					<from sourceSinkType="Parameter" ParameterIndex="1" />
					<to sourceSinkType="Return" AccessPath="[android.util.Pair: java.lang.Object second]"
						AccessPathTypes="[java.lang.Object]" />
				</flow>
			</flows>
		</method>
		<method id="java.lang.String toString()">
			<flows>
				<flow isAlias="true" typeChecking="false">
					<from sourceSinkType="Field" AccessPath="[android.util.Pair: java.lang.Object first]"
						AccessPathTypes="[java.lang.Object]" />
					<to sourceSinkType="Return" />
				</flow>
				<flow isAlias="true" typeChecking="false">
					<from sourceSinkType="Field" AccessPath="[android.util.Pair: java.lang.Object second]"
						AccessPathTypes="[java.lang.Object]" />
					<to sourceSinkType="Return" />
				</flow>
			</flows>
		</method>
	</methods>
</summary>
