<?xml version="1.0" encoding="UTF-8"?>
<summary fileFormatVersion="101">
	<methods>
		<method id="void &lt;init&gt;(float,float)">
			<flows>
				<flow isAlias="true" typeChecking="false">
					<from sourceSinkType="Parameter" ParameterIndex="0" />
					<to sourceSinkType="Field" BaseType="android.graphics.PointF"
						AccessPath="[android.graphics.PointF: float x]"
						AccessPathTypes="[float]" />
				</flow>
				<flow isAlias="true" typeChecking="false">
					<from sourceSinkType="Parameter" ParameterIndex="1" />
					<to sourceSinkType="Field" BaseType="android.graphics.PointF"
						AccessPath="[android.graphics.PointF: float y]"
						AccessPathTypes="[float]" />
				</flow>
			</flows>
		</method>
		<method id="void &lt;init&gt;(android.graphics.Point)">
			<flows>
				<flow isAlias="true" typeChecking="false">
					<from sourceSinkType="Parameter" ParameterIndex="0"
						AccessPath="[android.graphics.Point: int x]"
						AccessPathTypes="[int]" />
					<to sourceSinkType="Field" BaseType="android.graphics.PointF"
						AccessPath="[android.graphics.PointF: float x]"
						AccessPathTypes="[float]" />
				</flow>
				<flow isAlias="true" typeChecking="false">
					<from sourceSinkType="Parameter" ParameterIndex="0"
						AccessPath="[android.graphics.Point: int y]"
						AccessPathTypes="[int]" />
					<to sourceSinkType="Field" BaseType="android.graphics.PointF"
						AccessPath="[android.graphics.PointF: float y]"
						AccessPathTypes="[float]" />
				</flow>
			</flows>
		</method>
		<method id="void writeToParcel(android.os.Parcel,int)">
			<flows>
				<flow isAlias="false">
					<from sourceSinkType="Field" BaseType="android.graphics.PointF"
						AccessPath="[android.graphics.PointF: float y]"
						AccessPathTypes="[int]" />
					<to sourceSinkType="Parameter" ParameterIndex="0"
						AccessPath="[android.os.Parcel: byte[] data]"
						AccessPathTypes="[byte[]]" />
				</flow>
				<flow isAlias="false">
					<from sourceSinkType="Field" BaseType="android.graphics.PointF"
						AccessPath="[android.graphics.PointF: float x]"
						AccessPathTypes="[int]" />
					<to sourceSinkType="Parameter" ParameterIndex="0"
						AccessPath="[android.os.Parcel: byte[] data]"
						AccessPathTypes="[byte[]]" />
				</flow>
			</flows>
		</method>
		<method id="void offset(float,float)">
			<flows>
				<flow isAlias="true">
					<from sourceSinkType="Parameter" ParameterIndex="1" BaseType="int" />
					<to sourceSinkType="Field" BaseType="android.graphics.PointF"
						AccessPath="[android.graphics.PointF: float y]"
						AccessPathTypes="[float]" />
				</flow>
				<flow isAlias="true">
					<from sourceSinkType="Parameter" ParameterIndex="0" BaseType="int" />
					<to sourceSinkType="Field" BaseType="android.graphics.PointF"
						AccessPath="[android.graphics.PointF: float x]"
						AccessPathTypes="[float]" />
				</flow>
			</flows>
		</method>
		<method id="java.lang.Object clone()">
			<flows>
				<flow isAlias="true">
					<from sourceSinkType="Field" BaseType="java.lang.Object" />
					<to sourceSinkType="Return" BaseType="java.lang.Object" />
				</flow>
			</flows>
		</method>
		<method id="void readFromParcel(android.os.Parcel)">
			<flows>
				<flow isAlias="true">
					<from sourceSinkType="Parameter" ParameterIndex="0"
						AccessPath="[android.graphics.PointF: float y]"
						AccessPathTypes="[float]" />
					<to sourceSinkType="Field" BaseType="android.graphics.PointF"
						AccessPath="[android.graphics.PointF: float x]"
						AccessPathTypes="[float]" />
				</flow>
				<flow isAlias="true">
					<from sourceSinkType="Parameter" ParameterIndex="0"
						AccessPath="[android.graphics.PointF: float y]"
						AccessPathTypes="[float]" />
					<to sourceSinkType="Field" BaseType="android.graphics.PointF"
						AccessPath="[android.graphics.PointF: float y]"
						AccessPathTypes="[float]" />
				</flow>
			</flows>
		</method>
		<method id="void set(android.graphics.PointF)">
			<flows>
				<flow isAlias="true">
					<from sourceSinkType="Parameter" ParameterIndex="1"
						BaseType="android.graphics.PointF"
						AccessPath="[android.graphics.PointF: float y]"
						AccessPathTypes="[float]" />
					<to sourceSinkType="Field" BaseType="android.graphics.PointF"
						AccessPath="[android.graphics.PointF: float y]"
						AccessPathTypes="[float]" />
				</flow>
				<flow isAlias="true">
					<from sourceSinkType="Parameter" ParameterIndex="0"
						BaseType="android.graphics.PointF"
						AccessPath="[android.graphics.PointF: float x]"
						AccessPathTypes="[float]" />
					<to sourceSinkType="Field" BaseType="android.graphics.PointF"
						AccessPath="[android.graphics.PointF: float x]"
						AccessPathTypes="[float]" />
				</flow>
			</flows>
		</method>
		<method id="void set(float,float)">
			<flows>
				<flow isAlias="true">
					<from sourceSinkType="Parameter" ParameterIndex="1" BaseType="int" />
					<to sourceSinkType="Field" BaseType="android.graphics.PointF"
						AccessPath="[android.graphics.PointF: float y]"
						AccessPathTypes="[float]" />
				</flow>
				<flow isAlias="true">
					<from sourceSinkType="Parameter" ParameterIndex="0" BaseType="int" />
					<to sourceSinkType="Field" BaseType="android.graphics.PointF"
						AccessPath="[android.graphics.PointF: float x]"
						AccessPathTypes="[float]" />
				</flow>
			</flows>
		</method>
		<method id="java.lang.String toString()">
			<flows>
				<flow isAlias="true">
					<from sourceSinkType="Field" BaseType="android.graphics.PointF"
						AccessPath="[android.graphics.PointF: int y]"
						AccessPathTypes="[int]" />
					<to sourceSinkType="Return" />
				</flow>
				<flow isAlias="true">
					<from sourceSinkType="Field" BaseType="android.graphics.PointF"
						AccessPath="[android.graphics.PointF: int x]"
						AccessPathTypes="[int]" />
					<to sourceSinkType="Return" />
				</flow>
			</flows>
		</method>
		<method id="float length()">
			<flows>
				<flow isAlias="true">
					<from sourceSinkType="Field" BaseType="android.graphics.PointF"
						AccessPath="[android.graphics.PointF: int y]"
						AccessPathTypes="[int]" />
					<to sourceSinkType="Return" />
				</flow>
				<flow isAlias="true">
					<from sourceSinkType="Field" BaseType="android.graphics.PointF"
						AccessPath="[android.graphics.PointF: int x]"
						AccessPathTypes="[int]" />
					<to sourceSinkType="Return" />
				</flow>
			</flows>
		</method>
		<method id="float length(float x, float y)">
			<flows>
				<flow isAlias="true">
					<from sourceSinkType="Parameter" ParameterIndex="0" />
					<to sourceSinkType="Return" />
				</flow>
				<flow isAlias="true">
					<from sourceSinkType="Parameter" ParameterIndex="1" />
					<to sourceSinkType="Return" />
				</flow>
			</flows>
		</method>
	</methods>
</summary>