<?xml version="1.0" encoding="UTF-8"?>
<summary fileFormatVersion="101">
	<methods>
		<method id="void &lt;init&gt;(java.util.Locale)">
			<flows>
				<flow isAlias="true" typeChecking="false">
					<from sourceSinkType="Parameter" ParameterIndex="0" />
					<to sourceSinkType="Field" BaseType="android.location.Address"
						AccessPath="[android.location.Address: java.util.Locale locale]"
						AccessPathTypes="[java.util.Locale]" />
				</flow>
			</flows>
		</method>
		<method id="void clearLongitude()">
			<clears>
				<clear sourceSinkType="Field"
					AccessPath="[android.location.Address: double longitude]" />
			</clears>
		</method>
		<method id="void clearLatitude()">
			<clears>
				<clear sourceSinkType="Field"
					AccessPath="[android.location.Address: double latitude]" />
			</clears>
		</method>
		<method id="java.lang.String getAddressLine(int)">
			<flows>
				<flow isAlias="false" typeChecking="false">
					<from sourceSinkType="Field"
						AccessPath="[android.location.Address: java.lang.String[] addressLines]"
						AccessPathTypes="[java.lang.String[]]" />
					<to sourceSinkType="Return" />
				</flow>
			</flows>
		</method>
		<method id="java.lang.String getAdminArea()">
			<flows>
				<flow isAlias="false" typeChecking="false">
					<from sourceSinkType="Field"
						AccessPath="[android.location.Address: java.lang.String adminArea]"
						AccessPathTypes="[java.lang.String]" />
					<to sourceSinkType="Return" />
				</flow>
			</flows>
		</method>
		<method id="java.lang.String getCountryCode()">
			<flows>
				<flow isAlias="false" typeChecking="false">
					<from sourceSinkType="Field"
						AccessPath="[android.location.Address: java.lang.String countryCode]"
						AccessPathTypes="[java.lang.String]" />
					<to sourceSinkType="Return" />
				</flow>
			</flows>
		</method>
		<method id="java.lang.String getCountryName()">
			<flows>
				<flow isAlias="false" typeChecking="false">
					<from sourceSinkType="Field"
						AccessPath="[android.location.Address: java.lang.String countryName]"
						AccessPathTypes="[java.lang.String]" />
					<to sourceSinkType="Return" />
				</flow>
			</flows>
		</method>
		<method id="android.os.Bundle getExtras()">
			<flows>
				<flow isAlias="false" typeChecking="false">
					<from sourceSinkType="Field" BaseType="android.content.Intent"
						AccessPath="[android.location.Address: java.lang.String[] extraKeys]"
						AccessPathTypes="[java.lang.String[]]" />
					<to sourceSinkType="Return"
						AccessPath="[android.location.Address: java.lang.String[] keys]"
						AccessPathTypes="[java.lang.String[]]" />
				</flow>
				<flow isAlias="false" typeChecking="false">
					<from sourceSinkType="Field" BaseType="android.content.Intent"
						AccessPath="[android.location.Address: java.lang.Object[] extraValues]"
						AccessPathTypes="[java.lang.Object[]]" />
					<to sourceSinkType="Return"
						AccessPath="[android.location.Address: java.lang.Object[] values]"
						AccessPathTypes="[java.lang.Object[]]" />
				</flow>
			</flows>
		</method>
		<method id="java.lang.String getFeatureName()">
			<flows>
				<flow isAlias="false" typeChecking="false">
					<from sourceSinkType="Field"
						AccessPath="[android.location.Address: java.lang.String featureName]"
						AccessPathTypes="[java.lang.String]" />
					<to sourceSinkType="Return" />
				</flow>
			</flows>
		</method>
		<method id="double getLatitude()">
			<flows>
				<flow isAlias="false" typeChecking="false">
					<from sourceSinkType="Field"
						AccessPath="[android.location.Address: double latitude]"
						AccessPathTypes="[double]" />
					<to sourceSinkType="Return" />
				</flow>
			</flows>
		</method>
		<method id="java.util.Locale getLocale()">
			<flows>
				<flow isAlias="true" typeChecking="false">
					<from sourceSinkType="Field" BaseType="android.location.Address"
						AccessPath="[android.location.Address: java.util.Locale locale]"
						AccessPathTypes="[java.util.Locale]" />
					<to sourceSinkType="Return" />
				</flow>
			</flows>
		</method>
		<method id="java.lang.String getLocality()">
			<flows>
				<flow isAlias="false" typeChecking="false">
					<from sourceSinkType="Field"
						AccessPath="[android.location.Address: java.lang.String locality]"
						AccessPathTypes="[java.lang.String]" />
					<to sourceSinkType="Return" />
				</flow>
			</flows>
		</method>
		<method id="double getLongitude()">
			<flows>
				<flow isAlias="false" typeChecking="false">
					<from sourceSinkType="Field"
						AccessPath="[android.location.Address: double longitude]"
						AccessPathTypes="[double]" />
					<to sourceSinkType="Return" />
				</flow>
			</flows>
		</method>
		<method id="java.lang.String getPhone()">
			<flows>
				<flow isAlias="false" typeChecking="false">
					<from sourceSinkType="Field"
						AccessPath="[android.location.Address: java.lang.String phone]"
						AccessPathTypes="[java.lang.String]" />
					<to sourceSinkType="Return" />
				</flow>
			</flows>
		</method>
		<method id="java.lang.String getPostalCode()">
			<flows>
				<flow isAlias="false" typeChecking="false">
					<from sourceSinkType="Field"
						AccessPath="[android.location.Address: java.lang.String postalCode]"
						AccessPathTypes="[java.lang.String]" />
					<to sourceSinkType="Return" />
				</flow>
			</flows>
		</method>
		<method id="java.lang.String getPremises()">
			<flows>
				<flow isAlias="false" typeChecking="false">
					<from sourceSinkType="Field"
						AccessPath="[android.location.Address: java.lang.String premises]"
						AccessPathTypes="[java.lang.String]" />
					<to sourceSinkType="Return" />
				</flow>
			</flows>
		</method>
		<method id="java.lang.String getSubAdminArea()">
			<flows>
				<flow isAlias="false" typeChecking="false">
					<from sourceSinkType="Field"
						AccessPath="[android.location.Address: java.lang.String subAdminArea]"
						AccessPathTypes="[java.lang.String]" />
					<to sourceSinkType="Return" />
				</flow>
			</flows>
		</method>
		<method id="java.lang.String getSubLocality()">
			<flows>
				<flow isAlias="false" typeChecking="false">
					<from sourceSinkType="Field"
						AccessPath="[android.location.Address: java.lang.String subLocality]"
						AccessPathTypes="[java.lang.String]" />
					<to sourceSinkType="Return" />
				</flow>
			</flows>
		</method>
		<method id="java.lang.String getSubThoroughfare()">
			<flows>
				<flow isAlias="false" typeChecking="false">
					<from sourceSinkType="Field"
						AccessPath="[android.location.Address: java.lang.String subThoroughfare]"
						AccessPathTypes="[java.lang.String]" />
					<to sourceSinkType="Return" />
				</flow>
			</flows>
		</method>
		<method id="java.lang.String getThoroughfare()">
			<flows>
				<flow isAlias="false" typeChecking="false">
					<from sourceSinkType="Field"
						AccessPath="[android.location.Address: java.lang.String thoroughfare]"
						AccessPathTypes="[java.lang.String]" />
					<to sourceSinkType="Return" />
				</flow>
			</flows>
		</method>
		<method id="java.lang.String getUrl()">
			<flows>
				<flow isAlias="false" typeChecking="false">
					<from sourceSinkType="Field"
						AccessPath="[android.location.Address: java.lang.String url]"
						AccessPathTypes="[java.lang.String]" />
					<to sourceSinkType="Return" />
				</flow>
			</flows>
		</method>
		<method id="void setAddressLine(int,java.lang.String)">
			<flows>
				<flow isAlias="false" typeChecking="false">
					<from sourceSinkType="Parameter" ParameterIndex="1" />
					<to sourceSinkType="Field"
						AccessPath="[android.location.Address: java.lang.String[] addressLines]"
						AccessPathTypes="[java.lang.String[]]" />
				</flow>
			</flows>
		</method>
		<method id="void setAdminArea(java.lang.String)">
			<flows>
				<flow isAlias="false" typeChecking="false">
					<from sourceSinkType="Parameter" ParameterIndex="0" />
					<to sourceSinkType="Field"
						AccessPath="[android.location.Address: java.lang.String adminArea]"
						AccessPathTypes="[java.lang.String]" />
				</flow>
			</flows>
		</method>
		<method id="void setCountryCode(java.lang.String)">
			<flows>
				<flow isAlias="false" typeChecking="false">
					<from sourceSinkType="Parameter" ParameterIndex="0" />
					<to sourceSinkType="Field"
						AccessPath="[android.location.Address: java.lang.String countryCode]"
						AccessPathTypes="[java.lang.String]" />
				</flow>
			</flows>
		</method>
		<method id="void setCountryName(java.lang.String)">
			<flows>
				<flow isAlias="false" typeChecking="false">
					<from sourceSinkType="Parameter" ParameterIndex="0" />
					<to sourceSinkType="Field"
						AccessPath="[android.location.Address: java.lang.String countryName]"
						AccessPathTypes="[java.lang.String]" />
				</flow>
			</flows>
		</method>
		<method id="void setExtras(android.os.Bundle)">
			<flows>
				<flow isAlias="false" typeChecking="false">
					<from sourceSinkType="Parameter" ParameterIndex="0"
						AccessPath="[android.location.Address: java.lang.String[] keys]"
						AccessPathTypes="[java.lang.String[]]" />
					<to sourceSinkType="Field" BaseType="android.content.Intent"
						AccessPath="[android.location.Address: java.lang.String[] extraKeys]"
						AccessPathTypes="[java.lang.String[]]" />
				</flow>
				<flow isAlias="false" typeChecking="false">
					<from sourceSinkType="Parameter" ParameterIndex="0"
						AccessPath="[android.location.Address: java.lang.Object[] values]"
						AccessPathTypes="[java.lang.Object[]]" />
					<to sourceSinkType="Field" BaseType="android.content.Intent"
						AccessPath="[android.location.Address: java.lang.Object[] extraValues]"
						AccessPathTypes="[java.lang.Object[]]" />
				</flow>
			</flows>
		</method>
		<method id="void setFeatureName(java.lang.String)">
			<flows>
				<flow isAlias="false" typeChecking="false">
					<from sourceSinkType="Parameter" ParameterIndex="0" />
					<to sourceSinkType="Field"
						AccessPath="[android.location.Address: java.lang.String featureName]"
						AccessPathTypes="[java.lang.String]" />
				</flow>
			</flows>
		</method>
		<method id="void setLatitude(double)">
			<flows>
				<flow isAlias="false" typeChecking="false">
					<from sourceSinkType="Parameter" ParameterIndex="0" />
					<to sourceSinkType="Field"
						AccessPath="[android.location.Address: double latitude]"
						AccessPathTypes="[double]" />
				</flow>
			</flows>
		</method>
		<method id="void setLocality(java.lang.String)">
			<flows>
				<flow isAlias="false" typeChecking="false">
					<from sourceSinkType="Parameter" ParameterIndex="0" />
					<to sourceSinkType="Field"
						AccessPath="[android.location.Address: java.lang.String locality]"
						AccessPathTypes="[java.lang.String]" />
				</flow>
			</flows>
		</method>
		<method id="void setLongitude(double)">
			<flows>
				<flow isAlias="false" typeChecking="false">
					<from sourceSinkType="Parameter" ParameterIndex="0" />
					<to sourceSinkType="Field"
						AccessPath="[android.location.Address: double longitude]"
						AccessPathTypes="[double]" />
				</flow>
			</flows>
		</method>
		<method id="void setPhone(java.lang.String)">
			<flows>
				<flow isAlias="false" typeChecking="false">
					<from sourceSinkType="Parameter" ParameterIndex="0" />
					<to sourceSinkType="Field"
						AccessPath="[android.location.Address: java.lang.String phone]"
						AccessPathTypes="[java.lang.String]" />
				</flow>
			</flows>
		</method>
		<method id="void setPostalCode(java.lang.String)">
			<flows>
				<flow isAlias="false" typeChecking="false">
					<from sourceSinkType="Parameter" ParameterIndex="0" />
					<to sourceSinkType="Field"
						AccessPath="[android.location.Address: java.lang.String postalCode]"
						AccessPathTypes="[java.lang.String]" />
				</flow>
			</flows>
		</method>
		<method id="void setPremises(java.lang.String)">
			<flows>
				<flow isAlias="false" typeChecking="false">
					<from sourceSinkType="Parameter" ParameterIndex="0" />
					<to sourceSinkType="Field"
						AccessPath="[android.location.Address: java.lang.String premises]"
						AccessPathTypes="[java.lang.String]" />
				</flow>
			</flows>
		</method>
		<method id="void setSubAdminArea(java.lang.String)">
			<flows>
				<flow isAlias="false" typeChecking="false">
					<from sourceSinkType="Parameter" ParameterIndex="0" />
					<to sourceSinkType="Field"
						AccessPath="[android.location.Address: java.lang.String subAdminArea]"
						AccessPathTypes="[java.lang.String]" />
				</flow>
			</flows>
		</method>
		<method id="void setSubLocality(java.lang.String)">
			<flows>
				<flow isAlias="false" typeChecking="false">
					<from sourceSinkType="Parameter" ParameterIndex="0" />
					<to sourceSinkType="Field"
						AccessPath="[android.location.Address: java.lang.String subLocality]"
						AccessPathTypes="[java.lang.String]" />
				</flow>
			</flows>
		</method>
		<method id="void setSubThoroughfare(java.lang.String)">
			<flows>
				<flow isAlias="false" typeChecking="false">
					<from sourceSinkType="Parameter" ParameterIndex="0" />
					<to sourceSinkType="Field"
						AccessPath="[android.location.Address: java.lang.String subThoroughfare]"
						AccessPathTypes="[java.lang.String]" />
				</flow>
			</flows>
		</method>
		<method id="void setUrl(java.lang.String)">
			<flows>
				<flow isAlias="false" typeChecking="false">
					<from sourceSinkType="Parameter" ParameterIndex="0" />
					<to sourceSinkType="Field"
						AccessPath="[android.location.Address: java.lang.String url]"
						AccessPathTypes="[java.lang.String]" />
				</flow>
			</flows>
		</method>
		<method id="java.lang.String toString()">
			<flows>
				<flow isAlias="false" typeChecking="false">
					<from sourceSinkType="Field"
						AccessPath="[android.location.Address: java.lang.String[] addressLines]"
						AccessPathTypes="[java.lang.String[]]" />
					<to sourceSinkType="Return" />
				</flow>
				<flow isAlias="false" typeChecking="false">
					<from sourceSinkType="Field"
						AccessPath="[android.location.Address: java.lang.String adminArea]"
						AccessPathTypes="[java.lang.String]" />
					<to sourceSinkType="Return" />
				</flow>
				<flow isAlias="false" typeChecking="false">
					<from sourceSinkType="Field"
						AccessPath="[android.location.Address: java.lang.String countryCode]"
						AccessPathTypes="[java.lang.String]" />
					<to sourceSinkType="Return" />
				</flow>
				<flow isAlias="false" typeChecking="false">
					<from sourceSinkType="Field"
						AccessPath="[android.location.Address: java.lang.String countryName]"
						AccessPathTypes="[java.lang.String]" />
					<to sourceSinkType="Return" />
				</flow>
				<flow isAlias="false" typeChecking="false">
					<from sourceSinkType="Field"
						AccessPath="[android.location.Address: java.lang.String featureName]"
						AccessPathTypes="[java.lang.String]" />
					<to sourceSinkType="Return" />
				</flow>
				<flow isAlias="false" typeChecking="false">
					<from sourceSinkType="Field"
						AccessPath="[android.location.Address: double latitude]"
						AccessPathTypes="[double]" />
					<to sourceSinkType="Return" />
				</flow>
				<flow isAlias="true" typeChecking="false">
					<from sourceSinkType="Field" BaseType="android.location.Address"
						AccessPath="[android.location.Address: java.util.Locale locale]"
						AccessPathTypes="[java.util.Locale]" />
					<to sourceSinkType="Return" />
				</flow>
				<flow isAlias="false" typeChecking="false">
					<from sourceSinkType="Field"
						AccessPath="[android.location.Address: java.lang.String locality]"
						AccessPathTypes="[java.lang.String]" />
					<to sourceSinkType="Return" />
				</flow>
				<flow isAlias="false" typeChecking="false">
					<from sourceSinkType="Field"
						AccessPath="[android.location.Address: double longitude]"
						AccessPathTypes="[double]" />
					<to sourceSinkType="Return" />
				</flow>
				<flow isAlias="false" typeChecking="false">
					<from sourceSinkType="Field"
						AccessPath="[android.location.Address: java.lang.String phone]"
						AccessPathTypes="[java.lang.String]" />
					<to sourceSinkType="Return" />
				</flow>
				<flow isAlias="false" typeChecking="false">
					<from sourceSinkType="Field"
						AccessPath="[android.location.Address: java.lang.String postalCode]"
						AccessPathTypes="[java.lang.String]" />
					<to sourceSinkType="Return" />
				</flow>
				<flow isAlias="false" typeChecking="false">
					<from sourceSinkType="Field"
						AccessPath="[android.location.Address: java.lang.String premises]"
						AccessPathTypes="[java.lang.String]" />
					<to sourceSinkType="Return" />
				</flow>
				<flow isAlias="false" typeChecking="false">
					<from sourceSinkType="Field"
						AccessPath="[android.location.Address: java.lang.String subAdminArea]"
						AccessPathTypes="[java.lang.String]" />
					<to sourceSinkType="Return" />
				</flow>
				<flow isAlias="false" typeChecking="false">
					<from sourceSinkType="Field"
						AccessPath="[android.location.Address: java.lang.String subLocality]"
						AccessPathTypes="[java.lang.String]" />
					<to sourceSinkType="Return" />
				</flow>
				<flow isAlias="false" typeChecking="false">
					<from sourceSinkType="Field"
						AccessPath="[android.location.Address: java.lang.String subThoroughfare]"
						AccessPathTypes="[java.lang.String]" />
					<to sourceSinkType="Return" />
				</flow>
				<flow isAlias="false" typeChecking="false">
					<from sourceSinkType="Field"
						AccessPath="[android.location.Address: java.lang.String thoroughfare]"
						AccessPathTypes="[java.lang.String]" />
					<to sourceSinkType="Return" />
				</flow>
				<flow isAlias="false" typeChecking="false">
					<from sourceSinkType="Field"
						AccessPath="[android.location.Address: java.lang.String url]"
						AccessPathTypes="[java.lang.String]" />
					<to sourceSinkType="Return" />
				</flow>
			</flows>
		</method>
	</methods>
</summary>