<?xml version="1.0" encoding="UTF-8"?>
<summary fileFormatVersion="101">
	<hierarchy superClass="android.os.BaseBundle" />
	<methods>
		<method id="void &lt;init&gt;(android.os.Bundle)">
			<flows>
				<flow isAlias="false">
					<from sourceSinkType="Parameter" ParameterIndex="0"
						AccessPath="[android.os.BaseBundle: java.lang.String[] keys]"
						AccessPathTypes="[java.lang.String[]]" />
					<to sourceSinkType="Field"
						AccessPath="[android.os.BaseBundle: java.lang.String[] keys]"
						AccessPathTypes="[java.lang.String[]]" />
				</flow>
				<flow isAlias="false">
					<from sourceSinkType="Parameter" ParameterIndex="0"
						AccessPath="[android.os.BaseBundle: java.lang.Object[] values]"
						AccessPathTypes="[java.lang.Object[]]" />
					<to sourceSinkType="Field"
						AccessPath="[android.os.BaseBundle: java.lang.Object[] values]"
						AccessPathTypes="[java.lang.Object[]]" />
				</flow>
			</flows>
		</method>
		<method id="void &lt;init&gt;(android.os.PersistableBundle)">
			<flows>
				<flow isAlias="false">
					<from sourceSinkType="Parameter" ParameterIndex="0"
						AccessPath="[android.os.BaseBundle: java.lang.String[] keys]"
						AccessPathTypes="[java.lang.String[]]" />
					<to sourceSinkType="Field"
						AccessPath="[android.os.BaseBundle: java.lang.String[] keys]"
						AccessPathTypes="[java.lang.String[]]" />
				</flow>
				<flow isAlias="false">
					<from sourceSinkType="Parameter" ParameterIndex="0"
						AccessPath="[android.os.BaseBundle: java.lang.Object[] values]"
						AccessPathTypes="[java.lang.Object[]]" />
					<to sourceSinkType="Field"
						AccessPath="[android.os.BaseBundle: java.lang.Object[] values]"
						AccessPathTypes="[java.lang.Object[]]" />
				</flow>
			</flows>
		</method>
		<method id="void clear()">
			<clears>
				<clear sourceSinkType="Field" AccessPath="[java.util.Set: java.lang.String[] keys]" />
				<clear sourceSinkType="Field" AccessPath="[java.util.Set: java.lang.Object[] values]" />
			</clears>
		</method>
		<method id="android.os.Bundle clone()">
			<flows>
				<flow isAlias="false">
					<from sourceSinkType="Field" />
					<to sourceSinkType="Return" />
				</flow>
			</flows>
		</method>
		<method id="java.lang.Object get(java.lang.String)">
			<flows>
				<flow isAlias="false">
					<from sourceSinkType="Field"
						AccessPath="[android.os.BaseBundle: java.lang.Object[] values]"
						AccessPathTypes="[java.lang.Object[]]" />
					<to sourceSinkType="Return" />
				</flow>
			</flows>
		</method>
		<method id="boolean getBoolean(java.lang.String,boolean)">
			<flows>
				<flow isAlias="false">
					<from sourceSinkType="Field"
						AccessPath="[android.os.BaseBundle: java.lang.Object[] values]"
						AccessPathTypes="[java.lang.Object[]]" />
					<to sourceSinkType="Return" />
				</flow>
				<flow isAlias="false">
					<from sourceSinkType="Parameter" ParameterIndex="1" />
					<to sourceSinkType="Return" />
				</flow>
			</flows>
		</method>
		<method id="boolean getBoolean(java.lang.String)">
			<flows>
				<flow isAlias="false">
					<from sourceSinkType="Field"
						AccessPath="[android.os.BaseBundle: java.lang.Object[] values]"
						AccessPathTypes="[java.lang.Object[]]" />
					<to sourceSinkType="Return" />
				</flow>
			</flows>
		</method>
		<method id="boolean[] getBooleanArray(java.lang.String)">
			<flows>
				<flow isAlias="false">
					<from sourceSinkType="Field"
						AccessPath="[android.os.BaseBundle: java.lang.Object[] values]"
						AccessPathTypes="[java.lang.Object[]]" />
					<to sourceSinkType="Return" />
				</flow>
			</flows>
		</method>
		<method id="double getDouble(java.lang.String,double)">
			<flows>
				<flow isAlias="false">
					<from sourceSinkType="Field"
						AccessPath="[android.os.BaseBundle: java.lang.Object[] values]"
						AccessPathTypes="[java.lang.Object[]]" />
					<to sourceSinkType="Return" />
				</flow>
				<flow isAlias="false">
					<from sourceSinkType="Parameter" ParameterIndex="1" />
					<to sourceSinkType="Return" />
				</flow>
			</flows>
		</method>
		<method id="double getDouble(java.lang.String)">
			<flows>
				<flow isAlias="false">
					<from sourceSinkType="Field"
						AccessPath="[android.os.BaseBundle: java.lang.Object[] values]"
						AccessPathTypes="[java.lang.Object[]]" />
					<to sourceSinkType="Return" />
				</flow>
			</flows>
		</method>
		<method id="double[] getDoubleArray(java.lang.String)">
			<flows>
				<flow isAlias="false">
					<from sourceSinkType="Field"
						AccessPath="[android.os.BaseBundle: java.lang.Object[] values]"
						AccessPathTypes="[java.lang.Object[]]" />
					<to sourceSinkType="Return" />
				</flow>
			</flows>
		</method>
		<method id="int getInt(java.lang.String,int)">
			<flows>
				<flow isAlias="false">
					<from sourceSinkType="Field"
						AccessPath="[android.os.BaseBundle: java.lang.Object[] values]"
						AccessPathTypes="[java.lang.Object[]]" />
					<to sourceSinkType="Return" />
				</flow>
				<flow isAlias="false">
					<from sourceSinkType="Parameter" ParameterIndex="1" />
					<to sourceSinkType="Return" />
				</flow>
			</flows>
		</method>
		<method id="int getInt(java.lang.String)">
			<flows>
				<flow isAlias="false">
					<from sourceSinkType="Field"
						AccessPath="[android.os.BaseBundle: java.lang.Object[] values]"
						AccessPathTypes="[java.lang.Object[]]" />
					<to sourceSinkType="Return" />
				</flow>
			</flows>
		</method>
		<method id="int[] getIntArray(java.lang.String)">
			<flows>
				<flow isAlias="false">
					<from sourceSinkType="Field"
						AccessPath="[android.os.BaseBundle: java.lang.Object[] values]"
						AccessPathTypes="[java.lang.Object[]]" />
					<to sourceSinkType="Return" />
				</flow>
			</flows>
		</method>
		<method id="long getLong(java.lang.String,long)">
			<flows>
				<flow isAlias="false">
					<from sourceSinkType="Field"
						AccessPath="[android.os.BaseBundle: java.lang.Object[] values]"
						AccessPathTypes="[java.lang.Object[]]" />
					<to sourceSinkType="Return" />
				</flow>
				<flow isAlias="false">
					<from sourceSinkType="Parameter" ParameterIndex="1" />
					<to sourceSinkType="Return" />
				</flow>
			</flows>
		</method>
		<method id="long getLong(java.lang.String)">
			<flows>
				<flow isAlias="false">
					<from sourceSinkType="Field"
						AccessPath="[android.os.BaseBundle: java.lang.Object[] values]"
						AccessPathTypes="[java.lang.Object[]]" />
					<to sourceSinkType="Return" />
				</flow>
			</flows>
		</method>
		<method id="long[] getLongArray(java.lang.String)">
			<flows>
				<flow isAlias="false">
					<from sourceSinkType="Field"
						AccessPath="[android.os.BaseBundle: java.lang.Object[] values]"
						AccessPathTypes="[java.lang.Object[]]" />
					<to sourceSinkType="Return" />
				</flow>
			</flows>
		</method>
		<method id="java.lang.String getString(java.lang.String)">
			<flows>
				<flow isAlias="false">
					<from sourceSinkType="Field"
						  AccessPath="[android.os.BaseBundle: java.lang.Object[] values]"
						  AccessPathTypes="[java.lang.Object[]]" />
					<to sourceSinkType="Return" />
				</flow>
			</flows>
		</method>
		<method id="java.lang.String getString(java.lang.String,java.lang.String)">
			<flows>
				<flow isAlias="false">
					<from sourceSinkType="Field"
						AccessPath="[android.os.BaseBundle: java.lang.Object[] values]"
						AccessPathTypes="[java.lang.Object[]]" />
					<to sourceSinkType="Return" />
				</flow>
				<flow isAlias="false">
					<from sourceSinkType="Parameter" ParameterIndex="1" />
					<to sourceSinkType="Return" />
				</flow>
			</flows>
		</method>
		<method id="android.os.IBinder getBinder(java.lang.String)">
			<flows>
				<flow isAlias="false">
					<from sourceSinkType="Field"
						AccessPath="[android.os.BaseBundle: java.lang.Object[] values]"
						AccessPathTypes="[java.lang.Object[]]" />
					<to sourceSinkType="Return" />
				</flow>
			</flows>
		</method>
		<method id="android.os.Bundle getBundle(java.lang.String)">
			<flows>
				<flow isAlias="false">
					<from sourceSinkType="Field"
						AccessPath="[android.os.BaseBundle: java.lang.Object[] values,android.os.BaseBundle: java.lang.Object[] keys]"
						AccessPathTypes="[java.lang.Object[],java.lang.Object[]]" />
					<to sourceSinkType="Return"
						AccessPath="[android.os.BaseBundle: java.lang.Object[] keys]"
						AccessPathTypes="[java.lang.Object[]]" />
				</flow>
				<flow isAlias="false">
					<from sourceSinkType="Field"
						AccessPath="[android.os.BaseBundle: java.lang.Object[] values,android.os.BaseBundle: java.lang.Object[] values]"
						AccessPathTypes="[java.lang.Object[],java.lang.Object[]]" />
					<to sourceSinkType="Return"
						AccessPath="[android.os.BaseBundle: java.lang.Object[] values]"
						AccessPathTypes="[java.lang.Object[]]" />
				</flow>
			</flows>
		</method>
		<method id="byte getByte(java.lang.String)">
			<flows>
				<flow isAlias="false">
					<from sourceSinkType="Field"
						AccessPath="[android.os.BaseBundle: java.lang.Object[] values]"
						AccessPathTypes="[java.lang.Object[]]" />
					<to sourceSinkType="Return" />
				</flow>
			</flows>
		</method>
		<method id="java.lang.Byte getByte(java.lang.String,byte)">
			<flows>
				<flow isAlias="false">
					<from sourceSinkType="Field"
						AccessPath="[android.os.BaseBundle: java.lang.Object[] values]"
						AccessPathTypes="[java.lang.Object[]]" />
					<to sourceSinkType="Return" AccessPath="[java.lang.Byte: byte value]"
						AccessPathTypes="[byte]" />
				</flow>
				<flow isAlias="false">
					<from sourceSinkType="Parameter" ParameterIndex="1" />
					<to sourceSinkType="Return" AccessPath="[java.lang.Byte: byte value]"
						AccessPathTypes="[byte]" />
				</flow>
			</flows>
		</method>
		<method id="byte[] getByteArray(java.lang.String)">
			<flows>
				<flow isAlias="false">
					<from sourceSinkType="Field"
						AccessPath="[android.os.BaseBundle: java.lang.Object[] values]"
						AccessPathTypes="[java.lang.Object[]]" />
					<to sourceSinkType="Return" />
				</flow>
			</flows>
		</method>
		<method id="char getChar(java.lang.String)">
			<flows>
				<flow isAlias="false">
					<from sourceSinkType="Field"
						AccessPath="[android.os.BaseBundle: java.lang.Object[] values]"
						AccessPathTypes="[java.lang.Object[]]" />
					<to sourceSinkType="Return" />
				</flow>
			</flows>
		</method>
		<method id="char getChar(java.lang.String,char)">
			<flows>
				<flow isAlias="false">
					<from sourceSinkType="Field"
						AccessPath="[android.os.BaseBundle: java.lang.Object[] values]"
						AccessPathTypes="[java.lang.Object[]]" />
					<to sourceSinkType="Return" />
				</flow>
				<flow isAlias="false">
					<from sourceSinkType="Parameter" ParameterIndex="1" />
					<to sourceSinkType="Return" AccessPath="[java.lang.Byte: byte value]"
						AccessPathTypes="[byte]" />
				</flow>
			</flows>
		</method>
		<method id="char[] getCharArray(java.lang.String)">
			<flows>
				<flow isAlias="false">
					<from sourceSinkType="Field"
						AccessPath="[android.os.BaseBundle: java.lang.Object[] values]"
						AccessPathTypes="[java.lang.Object[]]" />
					<to sourceSinkType="Return" />
				</flow>
			</flows>
		</method>
		<method id="java.lang.CharSequence getCharSequence(java.lang.String)">
			<flows>
				<flow isAlias="false">
					<from sourceSinkType="Field"
						AccessPath="[android.os.BaseBundle: java.lang.Object[] values]"
						AccessPathTypes="[java.lang.Object[]]" />
					<to sourceSinkType="Return" />
				</flow>
			</flows>
		</method>
		<method id="java.lang.CharSequence getCharSequence(java.lang.String,java.lang.CharSequence)">
			<flows>
				<flow isAlias="false">
					<from sourceSinkType="Field"
						AccessPath="[android.os.BaseBundle: java.lang.Object[] values]"
						AccessPathTypes="[java.lang.Object[]]" />
					<to sourceSinkType="Return" />
				</flow>
				<flow isAlias="false">
					<from sourceSinkType="Parameter" ParameterIndex="1" />
					<to sourceSinkType="Return" AccessPath="[java.lang.Byte: byte value]"
						AccessPathTypes="[byte]" />
				</flow>
			</flows>
		</method>
		<method id="java.lang.CharSequence[] getCharSequenceArray(java.lang.String)">
			<flows>
				<flow isAlias="false">
					<from sourceSinkType="Field"
						AccessPath="[android.os.BaseBundle: java.lang.Object[] values]"
						AccessPathTypes="[java.lang.Object[]]" />
					<to sourceSinkType="Return" />
				</flow>
			</flows>
		</method>
		<method id="java.util.ArrayList getCharSequenceArrayList(java.lang.String)">
			<flows>
				<flow isAlias="false">
					<from sourceSinkType="Field"
						AccessPath="[android.os.BaseBundle: java.lang.Object[] values]"
						AccessPathTypes="[java.lang.Object[]]" />
					<to sourceSinkType="Return" AccessPath="[java.util.Collection: java.lang.Object[] innerArray]"
						AccessPathTypes="[java.lang.Object[]]" />
				</flow>
			</flows>
		</method>
		<method id="float getFloat(java.lang.String)">
			<flows>
				<flow isAlias="false">
					<from sourceSinkType="Field"
						AccessPath="[android.os.BaseBundle: java.lang.Object[] values]"
						AccessPathTypes="[java.lang.Object[]]" />
					<to sourceSinkType="Return" />
				</flow>
			</flows>
		</method>
		<method id="float getFloat(java.lang.String,float)">
			<flows>
				<flow isAlias="false">
					<from sourceSinkType="Field"
						AccessPath="[android.os.BaseBundle: java.lang.Object[] values]"
						AccessPathTypes="[java.lang.Object[]]" />
					<to sourceSinkType="Return" />
				</flow>
				<flow isAlias="false">
					<from sourceSinkType="Parameter" ParameterIndex="1" />
					<to sourceSinkType="Return" />
				</flow>
			</flows>
		</method>
		<method id="float[] getFloatArray(java.lang.String)">
			<flows>
				<flow isAlias="false">
					<from sourceSinkType="Field"
						AccessPath="[android.os.BaseBundle: java.lang.Object[] values]"
						AccessPathTypes="[java.lang.Object[]]" />
					<to sourceSinkType="Return" />
				</flow>
			</flows>
		</method>
		<method id="java.util.List getIntegerArrayList(java.lang.String)">
			<flows>
				<flow isAlias="false">
					<from sourceSinkType="Field"
						AccessPath="[android.os.BaseBundle: java.lang.Object[] values]"
						AccessPathTypes="[java.lang.Object[]]" />
					<to sourceSinkType="Return" AccessPath="[java.util.Collection: java.lang.Object[] innerArray,java.lang.Integer: int value]"
						AccessPathTypes="[java.lang.Object[],int]" />
				</flow>
			</flows>
		</method>
		<method id="android.os.Parcelable getParcelable(java.lang.String)">
			<flows>
				<flow isAlias="false">
					<from sourceSinkType="Field"
						AccessPath="[android.os.BaseBundle: java.lang.Object[] values]"
						AccessPathTypes="[java.lang.Object[]]" />
					<to sourceSinkType="Return" AccessPath="[android.os.Parcelable: byte[] data]"
						AccessPathTypes="[byte[]]" />
				</flow>
			</flows>
		</method>
		<method id="android.os.Parcelable[] getParcelableArray(java.lang.String)">
			<flows>
				<flow isAlias="false">
					<from sourceSinkType="Field"
						AccessPath="[android.os.BaseBundle: java.lang.Object[] values]"
						AccessPathTypes="[java.lang.Object[]]" />
					<to sourceSinkType="Return" AccessPath="[android.os.Parcelable: byte[] data]"
						AccessPathTypes="[byte[]]" />
				</flow>
			</flows>
		</method>
		<method id="java.util.ArrayList getParcelableArrayList(java.lang.String)">
			<flows>
				<flow isAlias="false">
					<from sourceSinkType="Field"
						AccessPath="[android.os.BaseBundle: java.lang.Object[] values]"
						AccessPathTypes="[java.lang.Object[]]" />
					<to sourceSinkType="Return" AccessPath="[java.util.Collection: java.lang.Object[] innerArray,android.os.Parcelable: byte[] data]"
						AccessPathTypes="[java.lang.Object[],byte[]]" />
				</flow>
			</flows>
		</method>
		<method id="java.io.Serializable getSerializable(java.lang.String)">
			<flows>
				<flow isAlias="false">
					<from sourceSinkType="Field"
						AccessPath="[android.os.BaseBundle: java.lang.Object[] values]"
						AccessPathTypes="[java.lang.Object[]]" />
					<to sourceSinkType="Return" AccessPath="[java.util.Collection: java.lang.Object[] innerArray]"
						AccessPathTypes="[java.lang.Object[]]" />
				</flow>
			</flows>
		</method>
		<method id="short getShort(java.lang.String)">
			<flows>
				<flow isAlias="false">
					<from sourceSinkType="Field"
						AccessPath="[android.os.BaseBundle: java.lang.Object[] values]"
						AccessPathTypes="[java.lang.Object[]]" />
					<to sourceSinkType="Return" />
				</flow>
			</flows>
		</method>
		<method id="short getShort(java.lang.String,short)">
			<flows>
				<flow isAlias="false">
					<from sourceSinkType="Field"
						AccessPath="[android.os.BaseBundle: java.lang.Object[] values]"
						AccessPathTypes="[java.lang.Object[]]" />
					<to sourceSinkType="Return" />
				</flow>
				<flow isAlias="false">
					<from sourceSinkType="Parameter" ParameterIndex="1" />
					<to sourceSinkType="Return" />
				</flow>
			</flows>
		</method>
		<method id="short[] getShortArray(java.lang.String)">
			<flows>
				<flow isAlias="false">
					<from sourceSinkType="Field"
						AccessPath="[android.os.BaseBundle: java.lang.Object[] values]"
						AccessPathTypes="[java.lang.Object[]]" />
					<to sourceSinkType="Return" />
				</flow>
			</flows>
		</method>
		<method id="android.util.Size getSize(java.lang.String)">
			<flows>
				<flow isAlias="false">
					<from sourceSinkType="Field"
						AccessPath="[android.os.BaseBundle: java.lang.Object[] values]"
						AccessPathTypes="[java.lang.Object[]]" />
					<to sourceSinkType="Return" AccessPath="[android.util.Size: int width]"
						AccessPathTypes="[int]" />
				</flow>
				<flow isAlias="false">
					<from sourceSinkType="Field"
						AccessPath="[android.os.BaseBundle: java.lang.Object[] values]"
						AccessPathTypes="[java.lang.Object[]]" />
					<to sourceSinkType="Return" AccessPath="[android.util.Size: int height]"
						AccessPathTypes="[int]" />
				</flow>
			</flows>
		</method>
		<method id="android.util.SizeF getSizeF(java.lang.String)">
			<flows>
				<flow isAlias="false">
					<from sourceSinkType="Field"
						AccessPath="[android.os.BaseBundle: java.lang.Object[] values]"
						AccessPathTypes="[java.lang.Object[]]" />
					<to sourceSinkType="Return" AccessPath="[android.util.SizeF: float width]"
						AccessPathTypes="[float]" />
				</flow>
				<flow isAlias="false">
					<from sourceSinkType="Field"
						AccessPath="[android.os.BaseBundle: java.lang.Object[] values]"
						AccessPathTypes="[java.lang.Object[]]" />
					<to sourceSinkType="Return" AccessPath="[android.util.SizeF: float height]"
						AccessPathTypes="[float]" />
				</flow>
			</flows>
		</method>
		<method id="android.util.SparseArray getSparseParcelableArray(java.lang.String)">
			<flows>
				<flow isAlias="false">
					<from sourceSinkType="Field"
						AccessPath="[android.os.BaseBundle: java.lang.Object[] values]"
						AccessPathTypes="[java.lang.Object[]]" />
					<to sourceSinkType="Return" AccessPath="[android.util.SparseArray: byte[] data]"
						AccessPathTypes="[byte[]]" />
				</flow>
			</flows>
		</method>
		<method id="java.util.ArrayList getStringArrayList(java.lang.String)">
			<flows>
				<flow isAlias="false">
					<from sourceSinkType="Field"
						AccessPath="[android.os.BaseBundle: java.lang.Object[] values]"
						AccessPathTypes="[java.lang.Object[]]" />
					<to sourceSinkType="Return" AccessPath="[java.util.Collection: java.lang.Object[] innerArray]"
						AccessPathTypes="[java.lang.Object[]]" />
				</flow>
			</flows>
		</method>
		<method id="java.util.Set keySet()">
			<flows>
				<flow isAlias="false">
					<from sourceSinkType="Field"
						AccessPath="[android.os.BaseBundle: java.lang.Object[] keys]"
						AccessPathTypes="[java.lang.Object[]]" />
					<to sourceSinkType="Return" AccessPath="[java.util.Collection: java.lang.Object[] innerArray]"
						AccessPathTypes="[java.lang.Object[]]" />
				</flow>
			</flows>
		</method>
		<method id="void putAll(android.os.Bundle)">
			<flows>
				<flow isAlias="false">
					<from sourceSinkType="Parameter" ParameterIndex="0"
						AccessPath="[android.os.BaseBundle: java.lang.Object[] keys]"
						AccessPathTypes="[java.lang.Object[]]" />
					<to sourceSinkType="Field"
						AccessPath="[android.os.BaseBundle: java.lang.Object[] keys]"
						AccessPathTypes="[java.lang.Object[]]" />
				</flow>
				<flow isAlias="false">
					<from sourceSinkType="Parameter" ParameterIndex="0"
						AccessPath="[android.os.BaseBundle: java.lang.Object[] values]"
						AccessPathTypes="[java.lang.Object[]]" />
					<to sourceSinkType="Field"
						AccessPath="[android.os.BaseBundle: java.lang.Object[] values]"
						AccessPathTypes="[java.lang.Object[]]" />
				</flow>
			</flows>
		</method>
		<method id="void putBoolean(java.lang.String,boolean)">
			<flows>
				<flow isAlias="false">
					<from sourceSinkType="Parameter" ParameterIndex="0" />
					<to sourceSinkType="Field"
						AccessPath="[android.os.BaseBundle: java.lang.Object[] keys]"
						AccessPathTypes="[java.lang.Object[]]" />
				</flow>
				<flow isAlias="false">
					<from sourceSinkType="Parameter" ParameterIndex="1" />
					<to sourceSinkType="Field"
						AccessPath="[android.os.BaseBundle: java.lang.Object[] values]"
						AccessPathTypes="[java.lang.Object[]]" />
				</flow>
			</flows>
		</method>
		<method id="void putBooleanArray(java.lang.String,boolean[])">
			<flows>
				<flow isAlias="false">
					<from sourceSinkType="Parameter" ParameterIndex="0" />
					<to sourceSinkType="Field"
						AccessPath="[android.os.BaseBundle: java.lang.Object[] keys]"
						AccessPathTypes="[java.lang.Object[]]" />
				</flow>
				<flow isAlias="false">
					<from sourceSinkType="Parameter" ParameterIndex="1" />
					<to sourceSinkType="Field"
						AccessPath="[android.os.BaseBundle: java.lang.Object[] values]"
						AccessPathTypes="[java.lang.Object[]]" />
				</flow>
			</flows>
		</method>
		<method id="void putDouble(java.lang.String,double)">
			<flows>
				<flow isAlias="false">
					<from sourceSinkType="Parameter" ParameterIndex="0" />
					<to sourceSinkType="Field"
						AccessPath="[android.os.BaseBundle: java.lang.Object[] keys]"
						AccessPathTypes="[java.lang.Object[]]" />
				</flow>
				<flow isAlias="false">
					<from sourceSinkType="Parameter" ParameterIndex="1" />
					<to sourceSinkType="Field"
						AccessPath="[android.os.BaseBundle: java.lang.Object[] values]"
						AccessPathTypes="[java.lang.Object[]]" />
				</flow>
			</flows>
		</method>
		<method id="void putDoubleArray(java.lang.String,double[])">
			<flows>
				<flow isAlias="false">
					<from sourceSinkType="Parameter" ParameterIndex="0" />
					<to sourceSinkType="Field"
						AccessPath="[android.os.BaseBundle: java.lang.Object[] keys]"
						AccessPathTypes="[java.lang.Object[]]" />
				</flow>
				<flow isAlias="false">
					<from sourceSinkType="Parameter" ParameterIndex="1" />
					<to sourceSinkType="Field"
						AccessPath="[android.os.BaseBundle: java.lang.Object[] values]"
						AccessPathTypes="[java.lang.Object[]]" />
				</flow>
			</flows>
		</method>
		<method id="void putInt(java.lang.String,int)">
			<flows>
				<flow isAlias="false">
					<from sourceSinkType="Parameter" ParameterIndex="0" />
					<to sourceSinkType="Field"
						AccessPath="[android.os.BaseBundle: java.lang.Object[] keys]"
						AccessPathTypes="[java.lang.Object[]]" />
				</flow>
				<flow isAlias="false">
					<from sourceSinkType="Parameter" ParameterIndex="1" />
					<to sourceSinkType="Field"
						AccessPath="[android.os.BaseBundle: java.lang.Object[] values]"
						AccessPathTypes="[java.lang.Object[]]" />
				</flow>
			</flows>
		</method>
		<method id="void putIntArray(java.lang.String,int[])">
			<flows>
				<flow isAlias="false">
					<from sourceSinkType="Parameter" ParameterIndex="0" />
					<to sourceSinkType="Field"
						AccessPath="[android.os.BaseBundle: java.lang.Object[] keys]"
						AccessPathTypes="[java.lang.Object[]]" />
				</flow>
				<flow isAlias="false">
					<from sourceSinkType="Parameter" ParameterIndex="1" />
					<to sourceSinkType="Field"
						AccessPath="[android.os.BaseBundle: java.lang.Object[] values]"
						AccessPathTypes="[java.lang.Object[]]" />
				</flow>
			</flows>
		</method>
		<method id="void putLong(java.lang.String,long)">
			<flows>
				<flow isAlias="false">
					<from sourceSinkType="Parameter" ParameterIndex="0" />
					<to sourceSinkType="Field"
						AccessPath="[android.os.BaseBundle: java.lang.Object[] keys]"
						AccessPathTypes="[java.lang.Object[]]" />
				</flow>
				<flow isAlias="false">
					<from sourceSinkType="Parameter" ParameterIndex="1" />
					<to sourceSinkType="Field"
						AccessPath="[android.os.BaseBundle: java.lang.Object[] values]"
						AccessPathTypes="[java.lang.Object[]]" />
				</flow>
			</flows>
		</method>
		<method id="void putLongArray(java.lang.String,long[])">
			<flows>
				<flow isAlias="false">
					<from sourceSinkType="Parameter" ParameterIndex="0" />
					<to sourceSinkType="Field"
						AccessPath="[android.os.BaseBundle: java.lang.Object[] keys]"
						AccessPathTypes="[java.lang.Object[]]" />
				</flow>
				<flow isAlias="false">
					<from sourceSinkType="Parameter" ParameterIndex="1" />
					<to sourceSinkType="Field"
						AccessPath="[android.os.BaseBundle: java.lang.Object[] values]"
						AccessPathTypes="[java.lang.Object[]]" />
				</flow>
			</flows>
		</method>
		<method id="void putString(java.lang.String,java.lang.String)">
			<flows>
				<flow isAlias="false">
					<from sourceSinkType="Parameter" ParameterIndex="0" />
					<to sourceSinkType="Field"
						AccessPath="[android.os.BaseBundle: java.lang.Object[] keys]"
						AccessPathTypes="[java.lang.Object[]]" />
				</flow>
				<flow isAlias="false">
					<from sourceSinkType="Parameter" ParameterIndex="1" />
					<to sourceSinkType="Field"
						AccessPath="[android.os.BaseBundle: java.lang.Object[] values]"
						AccessPathTypes="[java.lang.Object[]]" />
				</flow>
			</flows>
		</method>
		<method id="void putStringArray(java.lang.String,java.lang.String[])">
			<flows>
				<flow isAlias="false">
					<from sourceSinkType="Parameter" ParameterIndex="0" />
					<to sourceSinkType="Field"
						AccessPath="[android.os.BaseBundle: java.lang.Object[] keys]"
						AccessPathTypes="[java.lang.Object[]]" />
				</flow>
				<flow isAlias="false">
					<from sourceSinkType="Parameter" ParameterIndex="1" />
					<to sourceSinkType="Field"
						AccessPath="[android.os.BaseBundle: java.lang.Object[] values]"
						AccessPathTypes="[java.lang.Object[]]" />
				</flow>
			</flows>
		</method>
		<method id="void putBinder(java.lang.String,android.os.IBinder)">
			<flows>
				<flow isAlias="false">
					<from sourceSinkType="Parameter" ParameterIndex="0" />
					<to sourceSinkType="Field"
						AccessPath="[android.os.BaseBundle: java.lang.Object[] keys]"
						AccessPathTypes="[java.lang.Object[]]" />
				</flow>
				<flow isAlias="false">
					<from sourceSinkType="Parameter" ParameterIndex="1" />
					<to sourceSinkType="Field"
						AccessPath="[android.os.BaseBundle: java.lang.Object[] values]"
						AccessPathTypes="[java.lang.Object[]]" />
				</flow>
			</flows>
		</method>
		<method id="void putBundle(java.lang.String,android.os.Bundle)">
			<flows>
				<flow isAlias="false">
					<from sourceSinkType="Parameter" ParameterIndex="0" />
					<to sourceSinkType="Field"
						AccessPath="[android.os.BaseBundle: java.lang.Object[] keys]"
						AccessPathTypes="[java.lang.Object[]]" />
				</flow>
				<flow isAlias="false">
					<from sourceSinkType="Parameter" ParameterIndex="1" />
					<to sourceSinkType="Field"
						AccessPath="[android.os.BaseBundle: java.lang.Object[] values]"
						AccessPathTypes="[java.lang.Object[]]" />
				</flow>
			</flows>
		</method>
		<method id="void putByte(java.lang.String,byte)">
			<flows>
				<flow isAlias="false">
					<from sourceSinkType="Parameter" ParameterIndex="0" />
					<to sourceSinkType="Field"
						AccessPath="[android.os.BaseBundle: java.lang.Object[] keys]"
						AccessPathTypes="[java.lang.Object[]]" />
				</flow>
				<flow isAlias="false">
					<from sourceSinkType="Parameter" ParameterIndex="1" />
					<to sourceSinkType="Field"
						AccessPath="[android.os.BaseBundle: java.lang.Object[] values]"
						AccessPathTypes="[java.lang.Object[]]" />
				</flow>
			</flows>
		</method>
		<method id="void putByteArray(java.lang.String,byte[])">
			<flows>
				<flow isAlias="false">
					<from sourceSinkType="Parameter" ParameterIndex="0" />
					<to sourceSinkType="Field"
						AccessPath="[android.os.BaseBundle: java.lang.Object[] keys]"
						AccessPathTypes="[java.lang.Object[]]" />
				</flow>
				<flow isAlias="false">
					<from sourceSinkType="Parameter" ParameterIndex="1" />
					<to sourceSinkType="Field"
						AccessPath="[android.os.BaseBundle: java.lang.Object[] values]"
						AccessPathTypes="[java.lang.Object[]]" />
				</flow>
			</flows>
		</method>
		<method id="void putChar(java.lang.String,char)">
			<flows>
				<flow isAlias="false">
					<from sourceSinkType="Parameter" ParameterIndex="0" />
					<to sourceSinkType="Field"
						AccessPath="[android.os.BaseBundle: java.lang.Object[] keys]"
						AccessPathTypes="[java.lang.Object[]]" />
				</flow>
				<flow isAlias="false">
					<from sourceSinkType="Parameter" ParameterIndex="1" />
					<to sourceSinkType="Field"
						AccessPath="[android.os.BaseBundle: java.lang.Object[] values]"
						AccessPathTypes="[java.lang.Object[]]" />
				</flow>
			</flows>
		</method>
		<method id="void putCharArray(java.lang.String,char[])">
			<flows>
				<flow isAlias="false">
					<from sourceSinkType="Parameter" ParameterIndex="0" />
					<to sourceSinkType="Field"
						AccessPath="[android.os.BaseBundle: java.lang.Object[] keys]"
						AccessPathTypes="[java.lang.Object[]]" />
				</flow>
				<flow isAlias="false">
					<from sourceSinkType="Parameter" ParameterIndex="1" />
					<to sourceSinkType="Field"
						AccessPath="[android.os.BaseBundle: java.lang.Object[] values]"
						AccessPathTypes="[java.lang.Object[]]" />
				</flow>
			</flows>
		</method>
		<method id="void putCharSequence(java.lang.String,java.lang.CharSequence)">
			<flows>
				<flow isAlias="false">
					<from sourceSinkType="Parameter" ParameterIndex="0" />
					<to sourceSinkType="Field"
						AccessPath="[android.os.BaseBundle: java.lang.Object[] keys]"
						AccessPathTypes="[java.lang.Object[]]" />
				</flow>
				<flow isAlias="false">
					<from sourceSinkType="Parameter" ParameterIndex="1" />
					<to sourceSinkType="Field"
						AccessPath="[android.os.BaseBundle: java.lang.Object[] values]"
						AccessPathTypes="[java.lang.Object[]]" />
				</flow>
			</flows>
		</method>
		<method id="void putCharSequenceArray(java.lang.String,java.lang.CharSequence[])">
			<flows>
				<flow isAlias="false">
					<from sourceSinkType="Parameter" ParameterIndex="0" />
					<to sourceSinkType="Field"
						AccessPath="[android.os.BaseBundle: java.lang.Object[] keys]"
						AccessPathTypes="[java.lang.Object[]]" />
				</flow>
				<flow isAlias="false">
					<from sourceSinkType="Parameter" ParameterIndex="1" />
					<to sourceSinkType="Field"
						AccessPath="[android.os.BaseBundle: java.lang.Object[] values]"
						AccessPathTypes="[java.lang.Object[]]" />
				</flow>
			</flows>
		</method>
		<method id="void putCharSequenceArrayList(java.lang.String,java.util.ArrayList)">
			<flows>
				<flow isAlias="false">
					<from sourceSinkType="Parameter" ParameterIndex="0" />
					<to sourceSinkType="Field"
						AccessPath="[android.os.BaseBundle: java.lang.Object[] keys]"
						AccessPathTypes="[java.lang.Object[]]" />
				</flow>
				<flow isAlias="false">
					<from sourceSinkType="Parameter" ParameterIndex="1"
						AccessPath="[android.os.BaseBundle: java.lang.Object[] values]"
						AccessPathTypes="[java.lang.Object[]]" />
					<to sourceSinkType="Field"
						AccessPath="[android.os.BaseBundle: java.lang.Object[] values]"
						AccessPathTypes="[java.lang.Object[]]" />
				</flow>
			</flows>
		</method>
		<method id="void putFloat(java.lang.String,float)">
			<flows>
				<flow isAlias="false">
					<from sourceSinkType="Parameter" ParameterIndex="0" />
					<to sourceSinkType="Field"
						AccessPath="[android.os.BaseBundle: java.lang.Object[] keys]"
						AccessPathTypes="[java.lang.Object[]]" />
				</flow>
				<flow isAlias="false">
					<from sourceSinkType="Parameter" ParameterIndex="1" />
					<to sourceSinkType="Field"
						AccessPath="[android.os.BaseBundle: java.lang.Object[] values]"
						AccessPathTypes="[java.lang.Object[]]" />
				</flow>
			</flows>
		</method>
		<method id="void putFloatArray(java.lang.String,float[])">
			<flows>
				<flow isAlias="false">
					<from sourceSinkType="Parameter" ParameterIndex="0" />
					<to sourceSinkType="Field"
						AccessPath="[android.os.BaseBundle: java.lang.Object[] keys]"
						AccessPathTypes="[java.lang.Object[]]" />
				</flow>
				<flow isAlias="false">
					<from sourceSinkType="Parameter" ParameterIndex="1" />
					<to sourceSinkType="Field"
						AccessPath="[android.os.BaseBundle: java.lang.Object[] values]"
						AccessPathTypes="[java.lang.Object[]]" />
				</flow>
			</flows>
		</method>
		<method id="void putIntegerArrayList(java.lang.String,java.util.ArrayList)">
			<flows>
				<flow isAlias="false">
					<from sourceSinkType="Parameter" ParameterIndex="0" />
					<to sourceSinkType="Field"
						AccessPath="[android.os.BaseBundle: java.lang.Object[] keys]"
						AccessPathTypes="[java.lang.Object[]]" />
				</flow>
				<flow isAlias="false">
					<from sourceSinkType="Parameter" ParameterIndex="1"
						AccessPath="[android.os.BaseBundle: java.lang.Object[] values]"
						AccessPathTypes="[java.lang.Object[]]" />
					<to sourceSinkType="Field"
						AccessPath="[android.os.BaseBundle: java.lang.Object[] values]"
						AccessPathTypes="[java.lang.Object[]]" />
				</flow>
			</flows>
		</method>
		<method id="void putParcelable(java.lang.String,android.os.Parcelable)">
			<flows>
				<flow isAlias="false">
					<from sourceSinkType="Parameter" ParameterIndex="0" />
					<to sourceSinkType="Field"
						AccessPath="[android.os.BaseBundle: java.lang.Object[] keys]"
						AccessPathTypes="[java.lang.Object[]]" />
				</flow>
				<flow isAlias="false">
					<from sourceSinkType="Parameter" ParameterIndex="1"
						AccessPath="[android.os.Parcelable: byte[] data]"
						AccessPathTypes="[byte[]]" />
					<to sourceSinkType="Field"
						AccessPath="[android.os.BaseBundle: java.lang.Object[] values]"
						AccessPathTypes="[java.lang.Object[]]" />
				</flow>
			</flows>
		</method>
		<method id="void putParcelableArray(java.lang.String,android.os.Parcelable[])">
			<flows>
				<flow isAlias="false">
					<from sourceSinkType="Parameter" ParameterIndex="0" />
					<to sourceSinkType="Field"
						AccessPath="[android.os.BaseBundle: java.lang.Object[] keys]"
						AccessPathTypes="[java.lang.Object[]]" />
				</flow>
				<flow isAlias="false">
					<from sourceSinkType="Parameter" ParameterIndex="1"
						AccessPath="[android.os.Parcelable: byte[] data]"
						AccessPathTypes="[byte[]]" />
					<to sourceSinkType="Field"
						AccessPath="[android.os.BaseBundle: java.lang.Object[] values]"
						AccessPathTypes="[java.lang.Object[]]" />
				</flow>
			</flows>
		</method>
		<method id="void putParcelableArrayList(java.lang.String,java.util.ArrayList)">
			<flows>
				<flow isAlias="false">
					<from sourceSinkType="Parameter" ParameterIndex="0" />
					<to sourceSinkType="Field"
						AccessPath="[android.os.BaseBundle: java.lang.Object[] keys]"
						AccessPathTypes="[java.lang.Object[]]" />
				</flow>
				<flow isAlias="false">
					<from sourceSinkType="Parameter" ParameterIndex="1"
						AccessPath="[java.util.Collection: java.lang.Object[] innerArray]"
						AccessPathTypes="[java.lang.Object[]]" />
					<to sourceSinkType="Field"
						AccessPath="[android.os.BaseBundle: java.lang.Object[] values]"
						AccessPathTypes="[java.lang.Object[]]" />
				</flow>
			</flows>
		</method>
		<method id="void putSerializable(java.lang.String,java.io.Serializable)">
			<flows>
				<flow isAlias="false">
					<from sourceSinkType="Parameter" ParameterIndex="0" />
					<to sourceSinkType="Field"
						AccessPath="[android.os.BaseBundle: java.lang.Object[] keys]"
						AccessPathTypes="[java.lang.Object[]]" />
				</flow>
				<flow isAlias="false">
					<from sourceSinkType="Parameter" ParameterIndex="1"
						AccessPath="[java.util.Collection: java.lang.Object[] innerArray]"
						AccessPathTypes="[java.lang.Object[]]" />
					<to sourceSinkType="Field"
						AccessPath="[android.os.BaseBundle: java.lang.Object[] values]"
						AccessPathTypes="[java.lang.Object[]]" />
				</flow>
			</flows>
		</method>
		<method id="void putShort(java.lang.String,short)">
			<flows>
				<flow isAlias="false">
					<from sourceSinkType="Parameter" ParameterIndex="0" />
					<to sourceSinkType="Field"
						AccessPath="[android.os.BaseBundle: java.lang.Object[] keys]"
						AccessPathTypes="[java.lang.Object[]]" />
				</flow>
				<flow isAlias="false">
					<from sourceSinkType="Parameter" ParameterIndex="1" />
					<to sourceSinkType="Field"
						AccessPath="[android.os.BaseBundle: java.lang.Object[] values]"
						AccessPathTypes="[java.lang.Object[]]" />
				</flow>
			</flows>
		</method>
		<method id="void putShortArray(java.lang.String,short[])">
			<flows>
				<flow isAlias="false">
					<from sourceSinkType="Parameter" ParameterIndex="0" />
					<to sourceSinkType="Field"
						AccessPath="[android.os.BaseBundle: java.lang.Object[] keys]"
						AccessPathTypes="[java.lang.Object[]]" />
				</flow>
				<flow isAlias="false">
					<from sourceSinkType="Parameter" ParameterIndex="1" />
					<to sourceSinkType="Field"
						AccessPath="[android.os.BaseBundle: java.lang.Object[] values]"
						AccessPathTypes="[java.lang.Object[]]" />
				</flow>
			</flows>
		</method>
		<method id="void putSize(java.lang.String,android.util.Size)">
			<flows>
				<flow isAlias="false">
					<from sourceSinkType="Parameter" ParameterIndex="0" />
					<to sourceSinkType="Field"
						AccessPath="[android.os.BaseBundle: java.lang.Object[] keys]"
						AccessPathTypes="[java.lang.Object[]]" />
				</flow>
				<flow isAlias="false">
					<from sourceSinkType="Parameter" ParameterIndex="1"
						AccessPath="[android.util.Size: int width]"
						AccessPathTypes="[int]" />
					<to sourceSinkType="Field"
						AccessPath="[android.os.BaseBundle: java.lang.Object[] values]"
						AccessPathTypes="[java.lang.Object[]]" />
				</flow>
				<flow isAlias="false">
					<from sourceSinkType="Parameter" ParameterIndex="1"
						AccessPath="[android.util.Size: int height]"
						AccessPathTypes="[int]" />
					<to sourceSinkType="Field"
						AccessPath="[android.os.BaseBundle: java.lang.Object[] values]"
						AccessPathTypes="[java.lang.Object[]]" />
				</flow>
			</flows>
		</method>
		<method id="void putSizeF(java.lang.String,android.util.SizeF)">
			<flows>
				<flow isAlias="false">
					<from sourceSinkType="Parameter" ParameterIndex="0" />
					<to sourceSinkType="Field"
						AccessPath="[android.os.BaseBundle: java.lang.Object[] keys]"
						AccessPathTypes="[java.lang.Object[]]" />
				</flow>
				<flow isAlias="false">
					<from sourceSinkType="Parameter" ParameterIndex="1"
						AccessPath="[android.util.SizeF: float width]"
						AccessPathTypes="[float]" />
					<to sourceSinkType="Field"
						AccessPath="[android.os.BaseBundle: java.lang.Object[] values]"
						AccessPathTypes="[java.lang.Object[]]" />
				</flow>
				<flow isAlias="false">
					<from sourceSinkType="Parameter" ParameterIndex="1"
						AccessPath="[android.util.SizeF: float height]"
						AccessPathTypes="[float]" />
					<to sourceSinkType="Field"
						AccessPath="[android.os.BaseBundle: java.lang.Object[] values]"
						AccessPathTypes="[java.lang.Object[]]" />
				</flow>
			</flows>
		</method>
		<method id="void putSparseParcelableArray(java.lang.String,android.util.SparseArray)">
			<flows>
				<flow isAlias="false">
					<from sourceSinkType="Parameter" ParameterIndex="0" />
					<to sourceSinkType="Field"
						AccessPath="[android.os.BaseBundle: java.lang.Object[] keys]"
						AccessPathTypes="[java.lang.Object[]]" />
				</flow>
				<flow isAlias="false">
					<from sourceSinkType="Parameter" ParameterIndex="1"
						AccessPath="[android.util.SparseArray: byte[] data]"
						AccessPathTypes="[byte[]]" />/>
					<to sourceSinkType="Field"
						AccessPath="[android.os.BaseBundle: java.lang.Object[] values]"
						AccessPathTypes="[java.lang.Object[]]" />
				</flow>
			</flows>
		</method>
		<method id="void putParcelableArrayList(java.lang.String,java.util.ArrayList)">
			<flows>
				<flow isAlias="false">
					<from sourceSinkType="Parameter" ParameterIndex="0" />
					<to sourceSinkType="Field"
						AccessPath="[android.os.BaseBundle: java.lang.Object[] keys]"
						AccessPathTypes="[java.lang.Object[]]" />
				</flow>
				<flow isAlias="false">
					<from sourceSinkType="Parameter" ParameterIndex="1"
						AccessPath="[java.util.Collection: java.lang.Object[] innerArray]"
						AccessPathTypes="[java.lang.Object[]]" />
					<to sourceSinkType="Field"
						AccessPath="[android.os.BaseBundle: java.lang.Object[] values]"
						AccessPathTypes="[java.lang.Object[]]" />
				</flow>
			</flows>
		</method>
		<method id="void readFromParcel(android.os.Parcel)">
			<flows>
				<flow isAlias="false">
					<from sourceSinkType="Parameter" ParameterIndex="1"
						AccessPath="[android.os.Parcel: byte[] data]"
						AccessPathTypes="[byte[]]" />
					<to sourceSinkType="Field"
						AccessPath="[android.os.BaseBundle: java.lang.Object[] keys]"
						AccessPathTypes="[java.lang.Object[]]" />
				</flow>
				<flow isAlias="false">
					<from sourceSinkType="Parameter" ParameterIndex="1"
						AccessPath="[android.os.Parcel: byte[] data]"
						AccessPathTypes="[byte[]]" />
					<to sourceSinkType="Field"
						AccessPath="[android.os.BaseBundle: java.lang.Object[] values]"
						AccessPathTypes="[java.lang.Object[]]" />
				</flow>
			</flows>
		</method>
		<method id="java.lang.String toString()">
			<flows>
				<flow isAlias="false">
					<from sourceSinkType="Field"
						AccessPath="[android.os.BaseBundle: java.lang.Object[] keys]"
						AccessPathTypes="[java.lang.Object[]]" />
					<to sourceSinkType="Return" />
				</flow>
				<flow isAlias="false">
					<from sourceSinkType="Field"
						AccessPath="[android.os.BaseBundle: java.lang.Object[] values]"
						AccessPathTypes="[java.lang.Object[]]" />
					<to sourceSinkType="Return" />
				</flow>
			</flows>
		</method>
		<method id="void writeToParcel(android.os.Parcel,int)">
			<flows>
				<flow isAlias="false">
					<from sourceSinkType="Field"
						AccessPath="[android.os.BaseBundle: java.lang.Object[] keys]"
						AccessPathTypes="[java.lang.Object[]]" />
					<to sourceSinkType="Parameter" ParameterIndex="1"
						AccessPath="[android.os.Parcel: byte[] data]"
						AccessPathTypes="[byte[]]" />
				</flow>
				<flow isAlias="false">
					<from sourceSinkType="Field"
						AccessPath="[android.os.BaseBundle: java.lang.Object[] values]"
						AccessPathTypes="[java.lang.Object[]]" />
					<to sourceSinkType="Parameter" ParameterIndex="1"
						AccessPath="[android.os.Parcel: byte[] data]"
						AccessPathTypes="[byte[]]" />
				</flow>
			</flows>
		</method>
	</methods>
</summary>