<?xml version="1.0" ?>
<summary fileFormatVersion="101">
	<methods>
		<method id="com.mashape.unirest.request.HttpRequest routeParam(java.lang.String,java.lang.String)">
			<flows>
				<flow isAlias="false" typeChecking="false">
					<from sourceSinkType="Field"
						AccessPath="[com.mashape.unirest.request.BaseRequest: byte[] bytes]"
						AccessPathTypes="[byte[]]" />
					<to sourceSinkType="Return" />
				</flow>
			</flows>
		</method>
		<method id="com.mashape.unirest.request.HttpRequest basicAuth(java.lang.String,java.lang.String)">
			<flows>
				<flow isAlias="false" typeChecking="false">
					<from sourceSinkType="Field"
						AccessPath="[com.mashape.unirest.request.BaseRequest: byte[] bytes]"
						AccessPathTypes="[byte[]]" />
					<to sourceSinkType="Return" />
				</flow>
			</flows>
		</method>
		<method id="com.mashape.unirest.request.HttpRequest header(java.lang.String,java.lang.String)">
			<flows>
				<flow isAlias="false" typeChecking="false">
					<from sourceSinkType="Field"
						AccessPath="[com.mashape.unirest.request.BaseRequest: byte[] bytes]"
						AccessPathTypes="[byte[]]" />
					<to sourceSinkType="Return" />
				</flow>
			</flows>
		</method>
		<method id="com.mashape.unirest.request.HttpRequest headers(java.util.Map)">
			<flows>
				<flow isAlias="false" typeChecking="false">
					<from sourceSinkType="Field"
						AccessPath="[com.mashape.unirest.request.BaseRequest: byte[] bytes]"
						AccessPathTypes="[byte[]]" />
					<to sourceSinkType="Return" />
				</flow>
			</flows>
		</method>
		<method id="com.mashape.unirest.request.HttpRequest queryString(java.lang.String,java.util.Collection)">
			<flows>
				<flow isAlias="false" typeChecking="false">
					<from sourceSinkType="Field"
						AccessPath="[com.mashape.unirest.request.BaseRequest: byte[] bytes]"
						AccessPathTypes="[byte[]]" />
					<to sourceSinkType="Return" />
				</flow>
			</flows>
		</method>
		<method id="com.mashape.unirest.request.HttpRequest queryString(java.lang.String,java.lang.Object)">
			<flows>
				<flow isAlias="false" typeChecking="false">
					<from sourceSinkType="Field"
						AccessPath="[com.mashape.unirest.request.BaseRequest: byte[] bytes]"
						AccessPathTypes="[byte[]]" />
					<to sourceSinkType="Return" />
				</flow>
			</flows>
		</method>
		<method id="com.mashape.unirest.request.HttpRequest queryString(java.util.Map)">
			<flows>
				<flow isAlias="false" typeChecking="false">
					<from sourceSinkType="Field"
						AccessPath="[com.mashape.unirest.request.BaseRequest: byte[] bytes]"
						AccessPathTypes="[byte[]]" />
					<to sourceSinkType="Return" />
				</flow>
			</flows>
		</method>
		<method id="com.mashape.unirest.request.body.Body getBody()">
			<flows>
				<flow isAlias="false" typeChecking="false">
					<from sourceSinkType="Field"
						AccessPath="[com.mashape.unirest.request.BaseRequest: byte[] bytes]"
						AccessPathTypes="[byte[]]" />
					<to sourceSinkType="Return" />
				</flow>
			</flows>
		</method>
		<method id="java.util.Map getHeaders()">
			<flows>
				<flow isAlias="false" typeChecking="false">
					<from sourceSinkType="Field"
						AccessPath="[com.mashape.unirest.request.BaseRequest: byte[] bytes]"
						AccessPathTypes="[byte[]]" />
					<to sourceSinkType="Return" />
				</flow>
			</flows>
		</method>
	</methods>
</summary>
