<?xml version="1.0" ?>
<summary fileFormatVersion="101">
	<hierarchy superClass="java.lang.Object">
	</hierarchy>
	<methods>
		<method id="void &lt;init&gt;(java.io.Reader)">
			<flows>
				<flow isAlias="true">
					<from sourceSinkType="Parameter" ParameterIndex="0" />
					<to sourceSinkType="Field"
						AccessPath="[com.google.gson.stream.JsonReader: java.io.Reader innerReader]"
						AccessPathTypes="[java.io.Reader]" />
				</flow>
			</flows>
		</method>
		<method id="boolean nextBoolean()">
			<flows>
				<flow isAlias="false" cutSubfields="true" typeChecking="false">
					<from sourceSinkType="Field" />
					<to sourceSinkType="Return" />
				</flow>
			</flows>
		</method>
		<method id="double nextDouble()">
			<flows>
				<flow isAlias="false" cutSubfields="true" typeChecking="false">
					<from sourceSinkType="Field" />
					<to sourceSinkType="Return" />
				</flow>
			</flows>
		</method>
		<method id="int nextInt()">
			<flows>
				<flow isAlias="false" cutSubfields="true" typeChecking="false">
					<from sourceSinkType="Field" />
					<to sourceSinkType="Return" />
				</flow>
			</flows>
		</method>
		<method id="long nextLong()">
			<flows>
				<flow isAlias="false" cutSubfields="true" typeChecking="false">
					<from sourceSinkType="Field" />
					<to sourceSinkType="Return" />
				</flow>
			</flows>
		</method>
		<method id="java.lang.String nextName()">
			<flows>
				<flow isAlias="false" cutSubfields="true" typeChecking="false">
					<from sourceSinkType="Field" />
					<to sourceSinkType="Return" />
				</flow>
			</flows>
		</method>
		<method id="java.lang.String nextString()">
			<flows>
				<flow isAlias="false" cutSubfields="true" typeChecking="false">
					<from sourceSinkType="Field" />
					<to sourceSinkType="Return" />
				</flow>
			</flows>
		</method>
		<method id="java.lang.String toString()">
			<flows>
				<flow isAlias="false" cutSubfields="true" typeChecking="false">
					<from sourceSinkType="Field" />
					<to sourceSinkType="Return" />
				</flow>
			</flows>
		</method>
	</methods>
</summary>
