<?xml version="1.0" ?>
<summary fileFormatVersion="101">
	<methods>
		<method id="byte[] toByteArray(java.io.InputStream)">
			<flows>
				<flow isAlias="false" typeChecking="false">
					<from sourceSinkType="Parameter" ParameterIndex="0"
						BaseType="java.io.InputStream"
						AccessPath="[java.io.InputStream: byte[] innerArray]"
						AccessPathTypes="[byte[]]" />
					<to sourceSinkType="Return" />
				</flow>
				<flow isAlias="false" typeChecking="false">
					<from sourceSinkType="Parameter" ParameterIndex="0"
						BaseType="java.io.InputStream"
						AccessPath="[java.io.InputStream: java.net.URL url]"
						AccessPathTypes="[java.net.URL]" />
					<to sourceSinkType="Return" />
				</flow>
			</flows>
		</method>
		<method id="long copy(java.io.InputStream,java.io.OutputStream)">
			<flows>
				<flow isAlias="false" typeChecking="false">
					<from sourceSinkType="Parameter" ParameterIndex="0" />
					<to sourceSinkType="Parameter" ParameterIndex="1" />
				</flow>
			</flows>
		</method>
	</methods>
</summary>
