<?xml version="1.0" ?>
<summary fileFormatVersion="101">
	<methods>
		<method id="cz.msebera.android.httpclient.HttpEntity getEntity()">
			<flows>
				<flow isAlias="false" typeChecking="false">
					<from sourceSinkType="Field"
						AccessPath="[cz.msebera.android.httpclient.HttpResponse: byte[] bytes]"
						AccessPathTypes="[byte[]]" />
					<to sourceSinkType="Return" />
				</flow>
			</flows>
		</method>
		<method id="cz.msebera.android.httpclient.StatusLine getStatusLine()">
			<flows>
				<flow isAlias="false" typeChecking="false">
					<from sourceSinkType="Field"
						AccessPath="[cz.msebera.android.httpclient.HttpResponse: byte[] bytes]"
						AccessPathTypes="[byte[]]" />
					<to sourceSinkType="Return" />
				</flow>
			</flows>
		</method>
		<method id="java.util.Locale getLocale()">
			<flows>
				<flow isAlias="false" typeChecking="false">
					<from sourceSinkType="Field"
						AccessPath="[cz.msebera.android.httpclient.HttpResponse: byte[] bytes]"
						AccessPathTypes="[byte[]]" />
					<to sourceSinkType="Return" />
				</flow>
			</flows>
		</method>
	</methods>
</summary>
