<?xml version="1.0" ?>
<summary fileFormatVersion="101">
  <methods>
    <method id="void &lt;init&gt;(java.io.InputStream)">
      <flows>
        <flow isAlias="true" typeChecking="false">
          <from sourceSinkType="Parameter" ParameterIndex="0" />
          <to sourceSinkType="Field"
              AccessPath="[java.io.DataInputStream: java.io.InputStream innerStream]"
          	  AccessPathTypes="[java.io.InputStream]" />
        </flow>
      </flows>
    </method>
    <method id="int read()">
      <flows>
        <flow isAlias="false" cutSubfields="true" typeChecking="false">
          <from sourceSinkType="Field" />
          <to sourceSinkType="Return" />
        </flow>
      </flows>
    </method>
    <method id="int read(byte[])">
      <flows>
        <flow isAlias="false" cutSubfields="true" typeChecking="false">
          <from sourceSinkType="Field" />
          <to sourceSinkType="Parameter" ParameterIndex="0" />
        </flow>
      </flows>
    </method>
    <method id="int read(byte[],int,int)">
      <flows>
        <flow isAlias="false" cutSubfields="true" typeChecking="false">
          <from sourceSinkType="Field" />
          <to sourceSinkType="Parameter" ParameterIndex="0" />
        </flow>
      </flows>
    </method>
    <method id="boolean readBoolean()">
      <flows>
        <flow isAlias="false" cutSubfields="true" typeChecking="false">
          <from sourceSinkType="Field" />
          <to sourceSinkType="Return" />
        </flow>
      </flows>
    </method>
    <method id="byte readByte()">
      <flows>
        <flow isAlias="false" cutSubfields="true" typeChecking="false">
          <from sourceSinkType="Field" />
          <to sourceSinkType="Return" />
        </flow>
      </flows>
    </method>
    <method id="char readChar()">
      <flows>
        <flow isAlias="false" cutSubfields="true" typeChecking="false">
          <from sourceSinkType="Field" />
          <to sourceSinkType="Return" />
        </flow>
      </flows>
    </method>
    <method id="double readDouble">
      <flows>
        <flow isAlias="false" cutSubfields="true" typeChecking="false">
          <from sourceSinkType="Field" />
          <to sourceSinkType="Return" />
        </flow>
      </flows>
    </method>
    <method id="float readFloat()">
      <flows>
        <flow isAlias="false" cutSubfields="true" typeChecking="false">
          <from sourceSinkType="Field" />
          <to sourceSinkType="Return" />
        </flow>
      </flows>
    </method>
    <method id="int readFully(byte[])">
      <flows>
        <flow isAlias="false" cutSubfields="true" typeChecking="false">
          <from sourceSinkType="Field" />
          <to sourceSinkType="Parameter" ParameterIndex="0" />
        </flow>
      </flows>
    </method>
    <method id="int readFully(byte[],int,int)">
      <flows>
        <flow isAlias="false" cutSubfields="true" typeChecking="false">
          <from sourceSinkType="Field" />
          <to sourceSinkType="Parameter" ParameterIndex="0" />
        </flow>
      </flows>
    </method>
    <method id="int readInt()">
      <flows>
        <flow isAlias="false" cutSubfields="true" typeChecking="false">
          <from sourceSinkType="Field" />
          <to sourceSinkType="Return" />
        </flow>
      </flows>
    </method>
    <method id="java.lang.String readLine()">
      <flows>
        <flow isAlias="false" cutSubfields="true" typeChecking="false">
          <from sourceSinkType="Field" />
          <to sourceSinkType="Return" />
        </flow>
      </flows>
    </method>
    <method id="long readLong()">
      <flows>
        <flow isAlias="false" cutSubfields="true" typeChecking="false">
          <from sourceSinkType="Field" />
          <to sourceSinkType="Return" />
        </flow>
      </flows>
    </method>
    <method id="short readShort()">
      <flows>
        <flow isAlias="false" cutSubfields="true" typeChecking="false">
          <from sourceSinkType="Field" />
          <to sourceSinkType="Return" />
        </flow>
      </flows>
    </method>
    <method id="int readUnsignedByte()">
      <flows>
        <flow isAlias="false" cutSubfields="true" typeChecking="false">
          <from sourceSinkType="Field" />
          <to sourceSinkType="Return" />
        </flow>
      </flows>
    </method>
    <method id="int readUnsignedShort()">
      <flows>
        <flow isAlias="false" cutSubfields="true" typeChecking="false">
          <from sourceSinkType="Field" />
          <to sourceSinkType="Return" />
        </flow>
      </flows>
    </method>
    <method id="java.lang.String readUTF()">
      <flows>
        <flow isAlias="false" cutSubfields="true" typeChecking="false">
          <from sourceSinkType="Field" />
          <to sourceSinkType="Return" />
        </flow>
      </flows>
    </method>
    <method id="java.lang.String readUTF(java.io.DataInput)">
      <flows>
        <flow isAlias="false" cutSubfields="true" typeChecking="false">
          <from sourceSinkType="Parameter" ParameterIndex="0" />
          <to sourceSinkType="Return" />
        </flow>
      </flows>
    </method>
  </methods>
 </summary>
