<?xml version="1.0" encoding="UTF-8"?>
<summary fileFormatVersion="101">
	<methods>
		<method id="byte[] getAddress()">
			<flows>
				<flow isAlias="false" typeChecking="false">
					<from sourceSinkType="Field" BaseType="java.net.InetAddress"
						AccessPath="[java.net.InetAddress: java.lang.String address]"
						AccessPathTypes="[java.lang.String]" />
					<to sourceSinkType="Return" />
				</flow>
			</flows>
		</method>
		<method id="java.net.InetAddress[] getAllByName(java.lang.String)">
			<flows>
				<flow isAlias="false" typeChecking="false">
					<from sourceSinkType="Parameter" ParameterIndex="0" />
					<to sourceSinkType="Return" BaseType="java.net.InetAddress[]"
						AccessPath="[java.net.InetAddress: java.lang.String address]"
						AccessPathTypes="[java.lang.String]" />
				</flow>
				<flow isAlias="false" typeChecking="false">
					<from sourceSinkType="Parameter" ParameterIndex="0" />
					<to sourceSinkType="Return" BaseType="java.net.InetAddress[]"
						AccessPath="[java.net.InetAddress: java.lang.String host]"
						AccessPathTypes="[java.lang.String]" />
				</flow>
			</flows>
		</method>
		<method id="java.net.InetAddress getByAddress(byte[])">
			<flows>
				<flow isAlias="false" typeChecking="false">
					<from sourceSinkType="Parameter" ParameterIndex="0" />
					<to sourceSinkType="Return" BaseType="java.net.InetAddress"
						AccessPath="[java.net.InetAddress: java.lang.String address]"
						AccessPathTypes="[java.lang.String]" />
				</flow>
			</flows>
		</method>
		<method id="java.net.InetAddress getByAddress(java.lang.String,byte[])">
			<flows>
				<flow isAlias="false" typeChecking="false">
					<from sourceSinkType="Parameter" ParameterIndex="0" />
					<to sourceSinkType="Return" BaseType="java.net.InetAddress"
						AccessPath="[java.net.InetAddress: java.lang.String host]"
						AccessPathTypes="[java.lang.String]" />
				</flow>
				<flow isAlias="false" typeChecking="false">
					<from sourceSinkType="Parameter" ParameterIndex="1" />
					<to sourceSinkType="Return" BaseType="java.net.InetAddress"
						AccessPath="[java.net.InetAddress: java.lang.String address]"
						AccessPathTypes="[java.lang.String]" />
				</flow>
			</flows>
		</method>
		<method id="java.net.InetAddress getByName(java.lang.String)">
			<flows>
				<flow isAlias="false" typeChecking="false">
					<from sourceSinkType="Parameter" ParameterIndex="0" />
					<to sourceSinkType="Return" BaseType="java.net.InetAddress"
						AccessPath="[java.net.InetAddress: java.lang.String host]"
						AccessPathTypes="[java.lang.String]" />
				</flow>
			</flows>
		</method>
		<method id="java.lang.String getCanonicalHostName()">
			<flows>
				<flow isAlias="false" typeChecking="false">
					<from sourceSinkType="Field" BaseType="java.net.InetAddress"
						AccessPath="[java.net.InetAddress: java.lang.String host]"
						AccessPathTypes="[java.lang.String]" />
					<to sourceSinkType="Return" />
				</flow>
			</flows>
		</method>
		<method id="java.lang.String getHostAddress()">
			<flows>
				<flow isAlias="false" typeChecking="false">
					<from sourceSinkType="Field" BaseType="java.net.InetAddress"
						AccessPath="[java.net.InetAddress: java.lang.String address]"
						AccessPathTypes="[java.lang.String]" />
					<to sourceSinkType="Return" />
				</flow>
			</flows>
		</method>
		<method id="java.lang.String getHostName()">
			<flows>
				<flow isAlias="false" typeChecking="false">
					<from sourceSinkType="Field" BaseType="java.net.InetAddress"
						AccessPath="[java.net.InetAddress: java.lang.String host]"
						AccessPathTypes="[java.lang.String]" />
					<to sourceSinkType="Return" />
				</flow>
			</flows>
		</method>
		<method id="java.lang.String toString()">
			<flows>
				<flow isAlias="false" typeChecking="false">
					<from sourceSinkType="Field" BaseType="java.net.InetAddress"
						AccessPath="[java.net.InetAddress: java.lang.String host]"
						AccessPathTypes="[java.lang.String]" />
					<to sourceSinkType="Return" />
				</flow>
				<flow isAlias="false" typeChecking="false" cutSubfields="true">
					<from sourceSinkType="Field" BaseType="java.net.InetAddress"
						AccessPath="[java.net.InetAddress: java.lang.String address]"
						AccessPathTypes="[java.lang.String]" />
					<to sourceSinkType="Return" />
				</flow>
			</flows>
		</method>
	</methods>
</summary>