<?xml version="1.0" ?>
<summary fileFormatVersion="101">
	<methods>
		<method id="long getAsLong()">
			<flows>
				<flow isAlias="false" typeChecking="false">
					<from sourceSinkType="Field"
						AccessPath="[java.util.OptionalLong: long value]"
						AccessPathTypes="[long]" />
					<to sourceSinkType="Return" />
				</flow>
			</flows>
		</method>
		<method id="java.util.OptionalLong of(long)">
			<flows>
				<flow isAlias="false" typeChecking="false">
					<from sourceSinkType="Parameter" ParameterIndex="0" />
					<to sourceSinkType="Return"
						AccessPath="[java.util.OptionalLong: long value]"
						AccessPathTypes="[long]" />
				</flow>
			</flows>
		</method>
		<method id="long orElse(long)">
			<flows>
				<flow isAlias="false" typeChecking="false">
					<from sourceSinkType="Field"
						AccessPath="[java.util.OptionalLong: long value]"
						AccessPathTypes="[long]" />
					<to sourceSinkType="Return" />
				</flow>
				<flow isAlias="true" typeChecking="false">
					<from sourceSinkType="Parameter" ParameterIndex="0" />
					<to sourceSinkType="Return" />
				</flow>
			</flows>
		</method>
		<method id="java.lang.String toString()">
			<flows>
				<flow isAlias="false" typeChecking="false">
					<from sourceSinkType="Field"
						AccessPath="[java.util.OptionalLong: long value]"
						AccessPathTypes="[long]" />
					<to sourceSinkType="Return" />
				</flow>
			</flows>
		</method>
	</methods>
</summary>