<?xml version="1.0" encoding="UTF-8"?>
<summary fileFormatVersion="101">
	<methods>
		<method id="void &lt;init&gt;(java.lang.Runnable)">
			<flows>
				<flow isAlias="true">
					<from sourceSinkType="Parameter" ParameterIndex="0" />
					<to sourceSinkType="Field" BaseType="java.lang.Thread"
						AccessPath="[java.lang.Thread: java.lang.Runnable runnable]"
						AccessPathTypes="[java.lang.Runnable]" />
				</flow>
			</flows>
		</method>
		<method id="void &lt;init&gt;(java.lang.Runnable,java.lang.String)">
			<flows>
				<flow isAlias="true">
					<from sourceSinkType="Parameter" ParameterIndex="0" />
					<to sourceSinkType="Field" BaseType="java.lang.Thread"
						AccessPath="[java.lang.Thread: java.lang.Runnable runnable]"
						AccessPathTypes="[java.lang.Runnable]" />
				</flow>
				<flow isAlias="false">
					<from sourceSinkType="Parameter" ParameterIndex="1" />
					<to sourceSinkType="Field" BaseType="java.lang.Thread"
						AccessPath="[java.lang.Thread: java.lang.String name]"
						AccessPathTypes="[java.lang.String]" />
				</flow>
			</flows>
		</method>
		<method id="void &lt;init&gt;(java.lang.String)">
			<flows>
				<flow isAlias="false">
					<from sourceSinkType="Parameter" ParameterIndex="0" />
					<to sourceSinkType="Field" BaseType="java.lang.Thread"
						AccessPath="[java.lang.Thread: java.lang.String name]"
						AccessPathTypes="[java.lang.String]" />
				</flow>
			</flows>
		</method>
		<method id="void &lt;init&gt;(java.lang.ThreadGroup,java.lang.Runnable)">
			<flows>
				<flow isAlias="true">
					<from sourceSinkType="Parameter" ParameterIndex="0" />
					<to sourceSinkType="Field" BaseType="java.lang.Thread"
						AccessPath="[java.lang.Thread: java.lang.ThreadGroup threadGroup]"
						AccessPathTypes="[java.lang.ThreadGroup]" />
				</flow>
				<flow isAlias="true">
					<from sourceSinkType="Parameter" ParameterIndex="1" />
					<to sourceSinkType="Field" BaseType="java.lang.Thread"
						AccessPath="[java.lang.Thread: java.lang.Runnable runnable]"
						AccessPathTypes="[java.lang.Runnable]" />
				</flow>
			</flows>
		</method>
		<method id="void &lt;init&gt;(java.lang.ThreadGroup,java.lang.Runnable,java.lang.String)">
			<flows>
				<flow isAlias="true">
					<from sourceSinkType="Parameter" ParameterIndex="0" />
					<to sourceSinkType="Field" BaseType="java.lang.Thread"
						AccessPath="[java.lang.Thread: java.lang.ThreadGroup threadGroup]"
						AccessPathTypes="[java.lang.ThreadGroup]" />
				</flow>
				<flow isAlias="true">
					<from sourceSinkType="Parameter" ParameterIndex="1" />
					<to sourceSinkType="Field" BaseType="java.lang.Thread"
						AccessPath="[java.lang.Thread: java.lang.Runnable runnable]"
						AccessPathTypes="[java.lang.Runnable]" />
				</flow>
				<flow isAlias="false">
					<from sourceSinkType="Parameter" ParameterIndex="2" />
					<to sourceSinkType="Field" BaseType="java.lang.Thread"
						AccessPath="[java.lang.Thread: java.lang.String name]"
						AccessPathTypes="[java.lang.String]" />
				</flow>
			</flows>
		</method>
		<method id="void &lt;init&gt;(java.lang.ThreadGroup,java.lang.Runnable,java.lang.String,long)">
			<flows>
				<flow isAlias="true">
					<from sourceSinkType="Parameter" ParameterIndex="0" />
					<to sourceSinkType="Field" BaseType="java.lang.Thread"
						AccessPath="[java.lang.Thread: java.lang.ThreadGroup threadGroup]"
						AccessPathTypes="[java.lang.ThreadGroup]" />
				</flow>
				<flow isAlias="true">
					<from sourceSinkType="Parameter" ParameterIndex="1" />
					<to sourceSinkType="Field" BaseType="java.lang.Thread"
						AccessPath="[java.lang.Thread: java.lang.Runnable runnable]"
						AccessPathTypes="[java.lang.Runnable]" />
				</flow>
				<flow isAlias="false">
					<from sourceSinkType="Parameter" ParameterIndex="2" />
					<to sourceSinkType="Field" BaseType="java.lang.Thread"
						AccessPath="[java.lang.Thread: java.lang.String name]"
						AccessPathTypes="[java.lang.String]" />
				</flow>
				<flow isAlias="false">
					<from sourceSinkType="Parameter" ParameterIndex="2" />
					<to sourceSinkType="Field" BaseType="java.lang.Thread"
						AccessPath="[java.lang.Thread: int stackSize]"
						AccessPathTypes="[int]" />
				</flow>
			</flows>
		</method>
		<method id="java.lang.String getName()">
			<flows>
				<flow isAlias="false">
					<from sourceSinkType="Field" BaseType="java.lang.Thread"
						AccessPath="[java.lang.Thread: java.lang.String name]"
						AccessPathTypes="[java.lang.String]" />
					<to sourceSinkType="Return"/>
				</flow>
			</flows>
		</method>
		<method id="int getPriority()">
			<flows>
				<flow isAlias="false">
					<from sourceSinkType="Field" BaseType="java.lang.Thread"
						AccessPath="[java.lang.Thread: int priority]"
						AccessPathTypes="[int]" />
					<to sourceSinkType="Return"/>
				</flow>
			</flows>
		</method>
		<method id="java.lang.ThreadGroup getThreadGroup()">
			<flows>
				<flow isAlias="false">
					<from sourceSinkType="Field" BaseType="java.lang.Thread"
						AccessPath="[java.lang.Thread: java.lang.ThreadGroup threadGroup]"
						AccessPathTypes="[java.lang.ThreadGroup]" />
					<to sourceSinkType="Return"/>
				</flow>
			</flows>
		</method>
		<method id="void setName(java.lang.String)">
			<flows>
				<flow isAlias="false">
					<from sourceSinkType="Parameter" ParameterIndex="0" />
					<to sourceSinkType="Field" BaseType="java.lang.Thread"
						AccessPath="[java.lang.Thread: java.lang.String name]"
						AccessPathTypes="[java.lang.String]" />
				</flow>
			</flows>
		</method>
		<method id="void setPriority(int)">
			<flows>
				<flow isAlias="false">
					<from sourceSinkType="Parameter" ParameterIndex="0" />
					<to sourceSinkType="Field" BaseType="java.lang.Thread"
						AccessPath="[java.lang.Thread: int priority]"
						AccessPathTypes="[int]" />
				</flow>
			</flows>
		</method>
	</methods>
</summary>