<?xml version="1.0" ?>
<summary fileFormatVersion="101">
	<methods>
		<method id="void &lt;init&gt;(java.io.Writer)">
			<flows>
				<flow isAlias="true">
					<from sourceSinkType="Parameter" ParameterIndex="0" />
					<to sourceSinkType="Field"
						AccessPath="[java.io.BufferedWriter: java.io.Writer innerWriter]"
						AccessPathTypes="[java.io.Writer]" />
				</flow>
			</flows>
		</method>
		<method id="void &lt;init&gt;(java.io.Writer,int)">
			<flows>
				<flow isAlias="true">
					<from sourceSinkType="Parameter" ParameterIndex="0" />
					<to sourceSinkType="Field"
						AccessPath="[java.io.BufferedWriter: java.io.Writer innerWriter]"
						AccessPathTypes="[java.io.Writer]" />
				</flow>
			</flows>
		</method>
		<method id="java.io.Writer append(char)">
			<flows>
				<flow isAlias="false" typeChecking="false">
					<from sourceSinkType="Parameter" ParameterIndex="0" />
					<to sourceSinkType="Field"
						AccessPath="[java.io.BufferedWriter: java.io.Writer innerWriter]"
						AccessPathTypes="[java.io.Writer]" />
				</flow>
				<flow isAlias="true">
					<from sourceSinkType="Field" />
					<to sourceSinkType="Return" />
				</flow>
			</flows>
		</method>
		<method id="java.io.Writer append(java.lang.CharSequence)">
			<flows>
				<flow isAlias="false" typeChecking="false">
					<from sourceSinkType="Parameter" ParameterIndex="0" />
					<to sourceSinkType="Field"
						AccessPath="[java.io.BufferedWriter: java.io.Writer innerWriter]"
						AccessPathTypes="[java.io.Writer]" />
				</flow>
				<flow isAlias="true">
					<from sourceSinkType="Field" />
					<to sourceSinkType="Return" />
				</flow>
			</flows>
		</method>
		<method id="java.io.Writer append(java.lang.CharSequence,int,int)">
			<flows>
				<flow isAlias="false" typeChecking="false">
					<from sourceSinkType="Parameter" ParameterIndex="0" />
					<to sourceSinkType="Field"
						AccessPath="[java.io.BufferedWriter: java.io.Writer innerWriter]"
						AccessPathTypes="[java.io.Writer]" />
				</flow>
				<flow isAlias="true">
					<from sourceSinkType="Field" />
					<to sourceSinkType="Return" />
				</flow>
			</flows>
		</method>
		<method id="void write(char[],int,int)">
			<flows>
				<flow isAlias="false" typeChecking="false">
					<from sourceSinkType="Parameter" ParameterIndex="0" />
					<to sourceSinkType="Field"
						AccessPath="[java.io.BufferedWriter: java.io.Writer innerWriter]"
						AccessPathTypes="[java.io.Writer]" />
				</flow>
			</flows>
		</method>
		<method id="void write(int)">
			<flows>
				<flow isAlias="false" typeChecking="false">
					<from sourceSinkType="Parameter" ParameterIndex="0" />
					<to sourceSinkType="Field"
						AccessPath="[java.io.BufferedWriter: java.io.Writer innerWriter]"
						AccessPathTypes="[java.io.Writer]" />
				</flow>
			</flows>
		</method>
		<method id="void write(char[])">
			<flows>
				<flow isAlias="false" typeChecking="false">
					<from sourceSinkType="Parameter" ParameterIndex="0" />
					<to sourceSinkType="Field"
						AccessPath="[java.io.BufferedWriter: java.io.Writer innerWriter]"
						AccessPathTypes="[java.io.Writer]" />
				</flow>
			</flows>
		</method>
		<method id="void write(java.lang.String)">
			<flows>
				<flow isAlias="false" typeChecking="false">
					<from sourceSinkType="Parameter" ParameterIndex="0" />
					<to sourceSinkType="Field"
						AccessPath="[java.io.BufferedWriter: java.io.Writer innerWriter]"
						AccessPathTypes="[java.io.Writer]" />
				</flow>
			</flows>
		</method>
	</methods>
</summary>