<?xml version="1.0" ?>
<summary fileFormatVersion="101">
  <methods>
    <method id="void &lt;init&gt;(byte[])">
      <flows>
        <flow isAlias="true">
          <from sourceSinkType="Parameter" ParameterIndex="0" />
          <to sourceSinkType="Field"
            AccessPath="[java.io.InputStream: byte[] innerArray]"
            AccessPathTypes="[byte[]]" />
        </flow>
      </flows>
    </method>
    <method id="void &lt;init&gt;(byte[],int,int)">
      <flows>
        <flow isAlias="true">
          <from sourceSinkType="Parameter" ParameterIndex="0" />
          <to sourceSinkType="Field"
            AccessPath="[java.io.InputStream: byte[] innerArray]"
            AccessPathTypes="[byte[]]" />
        </flow>
      </flows>
    </method>
    <method id="int read()">
      <flows>
        <flow isAlias="false" cutSubfields="true" typeChecking="false">
          <from sourceSinkType="Field" />
          <to sourceSinkType="Return" />
        </flow>
      </flows>
    </method>
    <method id="int read(byte[])">
      <flows>
        <flow isAlias="false" cutSubfields="true" typeChecking="false">
          <from sourceSinkType="Field" />
          <to sourceSinkType="Parameter" ParameterIndex="0" />
        </flow>
      </flows>
    </method>
    <method id="int read(byte[],int,int)">
      <flows>
        <flow isAlias="false" cutSubfields="true" typeChecking="false">
          <from sourceSinkType="Field" />
          <to sourceSinkType="Parameter" ParameterIndex="0" />
        </flow>
      </flows>
    </method>
  </methods>
 </summary>
