<?xml version="1.0" encoding="UTF-8"?>
<summary fileFormatVersion="103">
	<hierarchy>
		<interface name="javax.xml.transform.Source" />
	</hierarchy>
	<methods>
		<method id="void &lt;init&gt;(java.io.File)">
			<flows>
				<flow isAlias="false" typeChecking="false" cutSubfields="true">
					<from sourceSinkType="Parameter" ParameterIndex="0" />
					<to sourceSinkType="Field" AccessPath="[javax.xml.transform.stream.StreamSource: java.lang.Object content]"
						AccessPathTypes="[java.lang.Object]" />
				</flow>
			</flows>
		</method>
		<method id="void &lt;init&gt;(java.io.InputStream)">
			<flows>
				<flow isAlias="false" typeChecking="false" cutSubfields="true">
					<from sourceSinkType="Parameter" ParameterIndex="0" />
					<to sourceSinkType="Field" AccessPath="[javax.xml.transform.stream.StreamSource: java.lang.Object content]"
						AccessPathTypes="[java.lang.Object]" />
				</flow>
			</flows>
		</method>
		<method id="void &lt;init&gt;(java.io.InputStream,java.lang.String)">
			<flows>
				<flow isAlias="false" typeChecking="false" cutSubfields="true">
					<from sourceSinkType="Parameter" ParameterIndex="0" />
					<to sourceSinkType="Field" AccessPath="[javax.xml.transform.stream.StreamSource: java.lang.Object content]"
						AccessPathTypes="[java.lang.Object]" />
				</flow>
			</flows>
		</method>
		<method id="void &lt;init&gt;(java.io.Reader)">
			<flows>
				<flow isAlias="false" typeChecking="false" cutSubfields="true">
					<from sourceSinkType="Parameter" ParameterIndex="0" />
					<to sourceSinkType="Field" AccessPath="[javax.xml.transform.stream.StreamSource: java.lang.Object content]"
						AccessPathTypes="[java.lang.Object]" />
				</flow>
			</flows>
		</method>
		<method id="void &lt;init&gt;(java.io.Reader,java.lang.String)">
			<flows>
				<flow isAlias="false" typeChecking="false" cutSubfields="true">
					<from sourceSinkType="Parameter" ParameterIndex="0" />
					<to sourceSinkType="Field" AccessPath="[javax.xml.transform.stream.StreamSource: java.lang.Object content]"
						AccessPathTypes="[java.lang.Object]" />
				</flow>
			</flows>
		</method>
		<method id="void &lt;init&gt;(java.lang.String)">
			<flows>
				<flow isAlias="false" typeChecking="false">
					<from sourceSinkType="Parameter" ParameterIndex="0" />
					<to sourceSinkType="Field" AccessPath="[javax.xml.transform.stream.StreamSource: java.lang.Object content]"
						AccessPathTypes="[java.lang.Object]" />
				</flow>
			</flows>
		</method>
	</methods>
</summary>