<?xml version="1.0" ?>
<summary fileFormatVersion="101">
	<hierarchy superClass="java.lang.Object">
		<interface name="java.io.Closeable" />
		<interface name="java.lang.AutoCloseable" />
	</hierarchy>
	<methods>
		<method id="int read()">
			<flows>
				<flow isAlias="false" typeChecking="false" cutSubfields="true">
					<from sourceSinkType="Field" />
					<to sourceSinkType="Return" />
				</flow>
			</flows>
		</method>
		<method id="int read(byte[])">
			<flows>
				<flow isAlias="false" typeChecking="false" cutSubfields="true">
					<from sourceSinkType="Field" />
					<to sourceSinkType="Parameter" ParameterIndex="0" />
				</flow>
			</flows>
		</method>
		<method id="int read(byte[],int,int)">
			<flows>
				<flow isAlias="false" typeChecking="false" cutSubfields="true">
					<from sourceSinkType="Field" />
					<to sourceSinkType="Parameter" ParameterIndex="0" />
				</flow>
			</flows>
		</method>
	</methods>
</summary>
