<?xml version="1.0" ?>
<summary fileFormatVersion="101">
	<methods>
		<method id="void &lt;init&gt;(java.io.OutputStream)">
			<flows>
				<flow isAlias="true" typeChecking="false">
					<from sourceSinkType="Parameter" ParameterIndex="0" />
					<to sourceSinkType="Field"
						AccessPath="[java.util.zip.ZipOutputStream: java.io.OutputStream innerStream]"
						AccessPathTypes="[java.io.OutputStream]" />
				</flow>
			</flows>
		</method>
		<method id="void &lt;init&gt;(java.io.OutputStream,java.nio.charset)">
			<flows>
				<flow isAlias="true">
					<from sourceSinkType="Parameter" ParameterIndex="0" />
					<to sourceSinkType="Field"
						AccessPath="[java.util.zip.ZipOutputStream: java.io.OutputStream innerStream]"
						AccessPathTypes="[java.io.OutputStream]" />
				</flow>
			</flows>
		</method>
    <method id="void write(byte[],int,int)">
			<flows>
				<flow isAlias="false">
					<from sourceSinkType="Parameter" ParameterIndex="0" />
					<to sourceSinkType="Field"
						AccessPath="[java.util.zip.ZipOutputStream: java.io.OutputStream innerStream]"
						AccessPathTypes="[java.io.OutputStream]" />
				</flow>
			</flows>
		</method>
    <method id="void write(int)">
      <flows>
        <flow isAlias="false">
          <from sourceSinkType="Parameter" ParameterIndex="0" />
          <to sourceSinkType="Field" AccessPath="[java.util.zip.ZipOutputStream: java.io.OutputStream innerStream]"
          	AccessPathTypes="[java.io.OutputStream]" />
        </flow>
      </flows>
    </method>
    <method id="void write(byte[])">
      <flows>
        <flow isAlias="false">
          <from sourceSinkType="Parameter" ParameterIndex="0" />
          <to sourceSinkType="Field"
          	AccessPath="[java.util.zip.ZipOutputStream: java.io.OutputStream innerStream]"
          	AccessPathTypes="[java.io.OutputStream]" />
        </flow>
      </flows>
    </method>
  </methods>
</summary>
