<?xml version="1.0" ?>
<summary fileFormatVersion="101">
  <methods>
    <method id="float[] array()">
      <flows>
        <flow isAlias="true" typeChecking="false">
          <from sourceSinkType="Field" AccessPath="[java.nio.FloatBuffer: float[] buffer]"
          	AccessPathTypes="[float[]]" />
          <to sourceSinkType="Return" />
        </flow>
      </flows>
    </method>
    <method id="java.nio.FloatBuffer asReadOnlyBuffer()">
      <flows>
        <flow isAlias="true" typeChecking="false">
          <from sourceSinkType="Field" />
          <to sourceSinkType="Return" />
        </flow>
      </flows>
    </method>
    <method id="java.nio.FloatBuffer compact()">
      <flows>
        <flow isAlias="true" typeChecking="false">
          <from sourceSinkType="Field" />
          <to sourceSinkType="Return" />
        </flow>
      </flows>
    </method>
    <method id="java.nio.FloatBuffer duplicate()">
      <flows>
        <flow isAlias="true" typeChecking="false">
          <from sourceSinkType="Field" />
          <to sourceSinkType="Return" />
        </flow>
      </flows>
    </method>
    <method id="float get()">
      <flows>
        <flow isAlias="false" typeChecking="false">
          <from sourceSinkType="Field" AccessPath="[java.nio.FloatBuffer: float[] buffer]"
          	AccessPathTypes="[float[]]" />
          <to sourceSinkType="Return" />
        </flow>
      </flows>
    </method>
    <method id="java.nio.FloatBuffer get(float[])">
      <flows>
        <flow isAlias="false" typeChecking="false">
          <from sourceSinkType="Field" AccessPath="[java.nio.FloatBuffer: float[] buffer]"
          	AccessPathTypes="[float[]]" />
          <to sourceSinkType="Parameter" ParameterIndex="0" />
        </flow>
        <flow isAlias="true" typeChecking="false">
          <from sourceSinkType="Field" />
          <to sourceSinkType="Return" />
        </flow>
      </flows>
    </method>
    <method id="java.nio.FloatBuffer get(float[],int,int)">
      <flows>
        <flow isAlias="false" typeChecking="false">
          <from sourceSinkType="Field" AccessPath="[java.nio.FloatBuffer: float[] buffer]"
          	AccessPathTypes="[float[]]" />
          <to sourceSinkType="Parameter" ParameterIndex="0" />
        </flow>
        <flow isAlias="true" typeChecking="false">
          <from sourceSinkType="Field" />
          <to sourceSinkType="Return" />
        </flow>
      </flows>
    </method>
    <method id="float get(int)">
      <flows>
        <flow isAlias="false" typeChecking="false">
          <from sourceSinkType="Field" AccessPath="[java.nio.FloatBuffer: float[] buffer]"
          	AccessPathTypes="[float[]]" />
          <to sourceSinkType="Return" />
        </flow>
      </flows>
    </method>
    <method id="java.nio.FloatBuffer put(float)">
      <flows>
        <flow isAlias="false" typeChecking="false">
          <from sourceSinkType="Parameter" ParameterIndex="0" />
          <to sourceSinkType="Field" AccessPath="[java.nio.FloatBuffer: float[] buffer]"
          	AccessPathTypes="[float[]]" />
        </flow>
        <flow isAlias="true" typeChecking="false">
          <from sourceSinkType="Field" />
          <to sourceSinkType="Return" />
        </flow>
      </flows>
    </method>
    <method id="java.nio.FloatBuffer put(float[])">
      <flows>
        <flow isAlias="false" typeChecking="false">
          <from sourceSinkType="Parameter" ParameterIndex="0" />
          <to sourceSinkType="Field" AccessPath="[java.nio.FloatBuffer: float[] buffer]"
          	AccessPathTypes="[float[]]" />
        </flow>
        <flow isAlias="true" typeChecking="false">
          <from sourceSinkType="Field" />
          <to sourceSinkType="Return" />
        </flow>
      </flows>
    </method>
    <method id="java.nio.FloatBuffer put(float[],int,int)">
      <flows>
        <flow isAlias="false" typeChecking="false">
          <from sourceSinkType="Parameter" ParameterIndex="0" />
          <to sourceSinkType="Field" AccessPath="[java.nio.FloatBuffer: float[] buffer]"
          	AccessPathTypes="[float[]]" />
        </flow>
        <flow isAlias="true" typeChecking="false">
          <from sourceSinkType="Field" />
          <to sourceSinkType="Return" />
        </flow>
      </flows>
    </method>
    <method id="java.nio.FloatBuffer put(java.nio.FloatBuffer)">
      <flows>
        <flow isAlias="false" typeChecking="false">
          <from sourceSinkType="Parameter" ParameterIndex="0" />
          <to sourceSinkType="Field" AccessPath="[java.nio.FloatBuffer: float[] buffer]"
          	AccessPathTypes="[float[]]" />
        </flow>
        <flow isAlias="true" typeChecking="false">
          <from sourceSinkType="Field" />
          <to sourceSinkType="Return" />
        </flow>
      </flows>
    </method>
    <method id="java.nio.FloatBuffer put(int,float)">
      <flows>
        <flow isAlias="false" typeChecking="false">
          <from sourceSinkType="Parameter" ParameterIndex="1" />
          <to sourceSinkType="Field" AccessPath="[java.nio.FloatBuffer: float[] buffer]"
          	AccessPathTypes="[float[]]" />
        </flow>
        <flow isAlias="true" typeChecking="false">
          <from sourceSinkType="Field" />
          <to sourceSinkType="Return" />
        </flow>
      </flows>
    </method>
    <method id="java.lang.String toString()">
      <flows>
        <flow isAlias="false" typeChecking="false">
          <from sourceSinkType="Field" AccessPath="[java.nio.FloatBuffer: float[] buffer]"
          	AccessPathTypes="[float[]]" />
          <to sourceSinkType="Return" />
        </flow>
      </flows>
    </method>
    <method id="java.nio.FloatBuffer wrap(float[])">
      <flows>
        <flow isAlias="false" typeChecking="false">
          <from sourceSinkType="Parameter" ParameterIndex="0" />
          <to sourceSinkType="Return" AccessPath="[java.nio.FloatBuffer: float[] buffer]"
          	AccessPathTypes="[float[]]" />
        </flow>
      </flows>
    </method>
    <method id="java.nio.FloatBuffer wrap(float[],int,int)">
      <flows>
        <flow isAlias="false" typeChecking="false">
          <from sourceSinkType="Parameter" ParameterIndex="0" />
          <to sourceSinkType="Return" AccessPath="[java.nio.FloatBuffer: float[] buffer]"
          	AccessPathTypes="[float[]]" />
        </flow>
      </flows>
    </method>
  </methods>
 </summary>
