<?xml version="1.0" encoding="UTF-8"?>
<summary fileFormatVersion="101">
	<methods>
		<method id="java.lang.Object get()">
			<flows>
				<flow isAlias="false" typeChecking="false">
					<from sourceSinkType="Field" BaseType="java.lang.ThreadLocal"
						AccessPath="[java.lang.ThreadLocal: java.lang.Object value]"
						AccessPathTypes="[java.lang.Object]" />
					<to sourceSinkType="Return" />
				</flow>
			</flows>
		</method>
		<method id="java.lang.Object initialValue()">
			<flows>
				<flow isAlias="false" typeChecking="false">
					<from sourceSinkType="Field" BaseType="java.lang.ThreadLocal"
						AccessPath="[java.lang.ThreadLocal: java.lang.Object value]"
						AccessPathTypes="[java.lang.Object]" />
					<to sourceSinkType="Return" />
				</flow>
			</flows>
		</method>
		<method id="void remove()">
			<clears>
				<clear sourceSinkType="Field"
					AccessPath="[java.lang.ThreadLocal: java.lang.Object value]"
					AccessPathTypes="[java.lang.Object]" />
			</clears>
		</method>
		<method id="void set(java.lang.Object)">
			<flows>
				<flow isAlias="false" typeChecking="false">
					<from sourceSinkType="Parameter" ParameterIndex="0" />
					<to sourceSinkType="Field" BaseType="java.lang.ThreadLocal"
						AccessPath="[java.lang.ThreadLocal: java.lang.Object value]"
						AccessPathTypes="[java.lang.Object]" />
				</flow>
			</flows>
		</method>
	</methods>
</summary>