<?xml version="1.0" ?>
<summary fileFormatVersion="101">
	<hierarchy superClass="java.io.Reader">
		<interface name="java.io.Closeable" />
		<interface name="java.io.Flushable" />
		<interface name="java.lang.AutoCloseable" />
	</hierarchy>
	<methods>
		<method id="void &lt;init&gt;(java.io.InputStream)">
			<flows>
				<flow isAlias="true">
					<from sourceSinkType="Parameter" ParameterIndex="0" />
					<to sourceSinkType="Field"
						AccessPath="[java.io.InputStreamReader: java.io.InputStream innerStream]"
						AccessPathTypes="[java.io.InputStream]" />
				</flow>
			</flows>
		</method>
		<method id="void &lt;init&gt;(java.io.InputStream,java.nio.charset.Charset)">
			<flows>
				<flow isAlias="true">
					<from sourceSinkType="Parameter" ParameterIndex="0" />
					<to sourceSinkType="Field"
						AccessPath="[java.io.InputStreamReader: java.io.InputStream innerStream]"
						AccessPathTypes="[java.io.InputStream]" />
				</flow>
			</flows>
		</method>
		<method id="void &lt;init&gt;(java.io.InputStream,java.nio.charset.CharsetDecoder)">
			<flows>
				<flow isAlias="true">
					<from sourceSinkType="Parameter" ParameterIndex="0" />
					<to sourceSinkType="Field"
						AccessPath="[java.io.InputStreamReader: java.io.InputStream innerStream]"
						AccessPathTypes="[java.io.InputStream]" />
				</flow>
			</flows>
		</method>
		<method id="void &lt;init&gt;(java.io.InputStream,java.lang.String)">
			<flows>
				<flow isAlias="true">
					<from sourceSinkType="Parameter" ParameterIndex="0" />
					<to sourceSinkType="Field"
						AccessPath="[java.io.InputStreamReader: java.io.InputStream innerStream]"
						AccessPathTypes="[java.io.InputStream]" />
				</flow>
			</flows>
		</method>
		<method id="int read()">
			<flows>
				<flow isAlias="false" typeChecking="false" cutSubfields="true">
					<from sourceSinkType="Field" />
					<to sourceSinkType="Return" />
				</flow>
			</flows>
		</method>
		<method id="int read(char[])">
			<flows>
				<flow isAlias="false" typeChecking="false" cutSubfields="true">
					<from sourceSinkType="Field" />
					<to sourceSinkType="Parameter" ParameterIndex="0" />
				</flow>
			</flows>
		</method>
		<method id="int read(char[],int,int)">
			<flows>
				<flow isAlias="false" typeChecking="false" cutSubfields="true">
					<from sourceSinkType="Field" />
					<to sourceSinkType="Parameter" ParameterIndex="0" />
				</flow>
			</flows>
		</method>
		<method id="int read(java.nio.CharBuffer)">
			<flows>
				<flow isAlias="false" typeChecking="false" cutSubfields="true">
					<from sourceSinkType="Field" />
					<to sourceSinkType="Parameter" ParameterIndex="0"
						AccessPath="[java.nio.CharBuffer: char[] buffer]"
						AccessPathTypes="[char[]]" />
				</flow>
			</flows>
		</method>
	</methods>
</summary>