<?xml version="1.0" ?>
<summary fileFormatVersion="101">
	<methods>
		<method id="int getAsInt()">
			<flows>
				<flow isAlias="false" typeChecking="false">
					<from sourceSinkType="Field"
						AccessPath="[java.util.OptionalInt: int value]"
						AccessPathTypes="[int]" />
					<to sourceSinkType="Return" />
				</flow>
			</flows>
		</method>
		<method id="java.util.OptionalInt of(int)">
			<flows>
				<flow isAlias="false" typeChecking="false">
					<from sourceSinkType="Parameter" ParameterIndex="0" />
					<to sourceSinkType="Return"
						AccessPath="[java.util.OptionalInt: int value]"
						AccessPathTypes="[int]" />
				</flow>
			</flows>
		</method>
		<method id="int orElse(int)">
			<flows>
				<flow isAlias="false" typeChecking="false">
					<from sourceSinkType="Field"
						AccessPath="[java.util.OptionalInt: int value]"
						AccessPathTypes="[int]" />
					<to sourceSinkType="Return" />
				</flow>
				<flow isAlias="true" typeChecking="false">
					<from sourceSinkType="Parameter" ParameterIndex="0" />
					<to sourceSinkType="Return" />
				</flow>
			</flows>
		</method>
		<method id="java.lang.String toString()">
			<flows>
				<flow isAlias="false" typeChecking="false">
					<from sourceSinkType="Field"
						AccessPath="[java.util.OptionalInt: int value]"
						AccessPathTypes="[int]" />
					<to sourceSinkType="Return" />
				</flow>
			</flows>
		</method>
	</methods>
</summary>