<?xml version="1.0" ?>
<summary fileFormatVersion="101">
	<methods>
		<method id="void &lt;init&gt;(char)">
			<flows>
				<flow isAlias="false" typeChecking="false">
					<from sourceSinkType="Parameter" ParameterIndex="0" />
					<to sourceSinkType="Field" AccessPath="[java.lang.Character: char value]"
						AccessPathTypes="[char]" />
				</flow>
			</flows>
		</method>
		<method id="char charValue()">
			<flows>
				<flow isAlias="false" typeChecking="false">
					<from sourceSinkType="Field" AccessPath="[java.lang.Character: char value]"
						AccessPathTypes="[char]" />
					<to sourceSinkType="Return" />
				</flow>
			</flows>
		</method>
		<method id="int codePointAt(char[],int)">
			<flows>
				<flow isAlias="false" typeChecking="false">
					<from sourceSinkType="Parameter" ParameterIndex="0" />
					<to sourceSinkType="Return"/>
				</flow>
			</flows>
		</method>
		<method id="int codePointAt(char[],int,int)">
			<flows>
				<flow isAlias="false" typeChecking="false">
					<from sourceSinkType="Parameter" ParameterIndex="0" />
					<to sourceSinkType="Return"/>
				</flow>
			</flows>
		</method>
		<method id="int codePointAt(java.lang.CharSequence,int)">
			<flows>
				<flow isAlias="false" typeChecking="false">
					<from sourceSinkType="Parameter" ParameterIndex="0" />
					<to sourceSinkType="Return"/>
				</flow>
			</flows>
		</method>
		<method id="int codePointBefore(char[],int)">
			<flows>
				<flow isAlias="false" typeChecking="false">
					<from sourceSinkType="Parameter" ParameterIndex="0" />
					<to sourceSinkType="Return"/>
				</flow>
			</flows>
		</method>
		<method id="int codePointBefore(char[],int,int)">
			<flows>
				<flow isAlias="false" typeChecking="false">
					<from sourceSinkType="Parameter" ParameterIndex="0" />
					<to sourceSinkType="Return"/>
				</flow>
			</flows>
		</method>
		<method id="int codePointBefore(java.lang.CharSequence,int)">
			<flows>
				<flow isAlias="false" typeChecking="false">
					<from sourceSinkType="Parameter" ParameterIndex="0" />
					<to sourceSinkType="Return"/>
				</flow>
			</flows>
		</method>
		<method id="int digit(char,int)">
			<flows>
				<flow isAlias="false" typeChecking="false">
					<from sourceSinkType="Parameter" ParameterIndex="0" />
					<to sourceSinkType="Return"/>
				</flow>
			</flows>
		</method>
		<method id="int digit(int,int)">
			<flows>
				<flow isAlias="false" typeChecking="false">
					<from sourceSinkType="Parameter" ParameterIndex="0" />
					<to sourceSinkType="Return"/>
				</flow>
			</flows>
		</method>
		<method id="char forDigit(int,int)">
			<flows>
				<flow isAlias="false" typeChecking="false">
					<from sourceSinkType="Parameter" ParameterIndex="0" />
					<to sourceSinkType="Return"/>
				</flow>
			</flows>
		</method>
		<method id="byte getDirectionality(char)">
			<flows>
				<flow isAlias="false" typeChecking="false">
					<from sourceSinkType="Parameter" ParameterIndex="0" />
					<to sourceSinkType="Return"/>
				</flow>
			</flows>
		</method>
		<method id="byte getDirectionality(int)">
			<flows>
				<flow isAlias="false" typeChecking="false">
					<from sourceSinkType="Parameter" ParameterIndex="0" />
					<to sourceSinkType="Return"/>
				</flow>
			</flows>
		</method>
		<method id="java.lang.String getName(int)">
			<flows>
				<flow isAlias="false" typeChecking="false">
					<from sourceSinkType="Parameter" ParameterIndex="0" />
					<to sourceSinkType="Return"/>
				</flow>
			</flows>
		</method>
		<method id="char reverseBytes(char)">
			<flows>
				<flow isAlias="false" typeChecking="false">
					<from sourceSinkType="Parameter" ParameterIndex="0" />
					<to sourceSinkType="Return"/>
				</flow>
			</flows>
		</method>
		<method id="char[] toChars(int)">
			<flows>
				<flow isAlias="false" typeChecking="false">
					<from sourceSinkType="Parameter" ParameterIndex="0" />
					<to sourceSinkType="Return"/>
				</flow>
			</flows>
		</method>
		<method id="int toChars(int,char[],int)">
			<flows>
				<flow isAlias="false" typeChecking="false">
					<from sourceSinkType="Parameter" ParameterIndex="0" />
					<to sourceSinkType="Parameter" ParameterIndex="1" />
				</flow>
			</flows>
		</method>
		<method id="int toCodePoint(char,char)">
			<flows>
				<flow isAlias="false" typeChecking="false">
					<from sourceSinkType="Parameter" ParameterIndex="0" />
					<to sourceSinkType="Return"/>
				</flow>
				<flow isAlias="false" typeChecking="false">
					<from sourceSinkType="Parameter" ParameterIndex="1" />
					<to sourceSinkType="Return"/>
				</flow>
			</flows>
		</method>
		<method id="char toLowerCase(char)">
			<flows>
				<flow isAlias="false" typeChecking="false">
					<from sourceSinkType="Parameter" ParameterIndex="0" />
					<to sourceSinkType="Return" />
				</flow>
			</flows>
		</method>
		<method id="int toLowerCase(int)">
			<flows>
				<flow isAlias="false" typeChecking="false">
					<from sourceSinkType="Parameter" ParameterIndex="0" />
					<to sourceSinkType="Return" />
				</flow>
			</flows>
		</method>
		<method id="java.lang.String toString()">
			<flows>
				<flow isAlias="false" typeChecking="false">
					<from sourceSinkType="Field" AccessPath="[java.lang.Character: char value]"
						AccessPathTypes="[char]" />
					<to sourceSinkType="Return" />
				</flow>
			</flows>
		</method>
		<method id="java.lang.String toString(char)">
			<flows>
				<flow isAlias="false" typeChecking="false">
					<from sourceSinkType="Parameter" ParameterIndex="0" />
					<to sourceSinkType="Return" />
				</flow>
			</flows>
		</method>
		<method id="char toTitleCase(char)">
			<flows>
				<flow isAlias="false" typeChecking="false">
					<from sourceSinkType="Parameter" ParameterIndex="0" />
					<to sourceSinkType="Return" />
				</flow>
			</flows>
		</method>
		<method id="int toTitleCase(int)">
			<flows>
				<flow isAlias="false" typeChecking="false">
					<from sourceSinkType="Parameter" ParameterIndex="0" />
					<to sourceSinkType="Return" />
				</flow>
			</flows>
		</method>
		<method id="char toUpperCase(char)">
			<flows>
				<flow isAlias="false" typeChecking="false">
					<from sourceSinkType="Parameter" ParameterIndex="0" />
					<to sourceSinkType="Return" />
				</flow>
			</flows>
		</method>
		<method id="int toUpperCase(int)">
			<flows>
				<flow isAlias="false" typeChecking="false">
					<from sourceSinkType="Parameter" ParameterIndex="0" />
					<to sourceSinkType="Return" />
				</flow>
			</flows>
		</method>
		<method id="java.lang.Character valueOf(char)">
			<flows>
				<flow isAlias="false" typeChecking="false">
					<from sourceSinkType="Parameter" ParameterIndex="0" />
					<to sourceSinkType="Return" AccessPath="[java.lang.Character: char value]"
						AccessPathTypes="[char]" />
				</flow>
			</flows>
		</method>
  </methods>
</summary>
