<?xml version="1.0" ?>
<summary fileFormatVersion="101">
	<methods>
		<method id="byte[] doFinal()">
			<flows>
				<flow isAlias="false" typeChecking="false">
					<from sourceSinkType="Field" AccessPath="[javax.crypto.Cipher: byte[] innerArray]"
						AccessPathTypes="[byte[]]" />
					<to sourceSinkType="Return"/>
				</flow>
			</flows>
		</method>
		<method id="byte[] doFinal(byte[])">
			<flows>
				<flow isAlias="false" typeChecking="false">
					<from sourceSinkType="Parameter" ParameterIndex="0" />
					<to sourceSinkType="Field" AccessPath="[javax.crypto.Cipher: byte[] innerArray]"
						AccessPathTypes="[byte[]]" />
				</flow>
				<flow isAlias="false" typeChecking="false">
					<from sourceSinkType="Field" AccessPath="[javax.crypto.Cipher: byte[] innerArray]"
						AccessPathTypes="[byte[]]" />
					<to sourceSinkType="Return"/>
				</flow>
			</flows>
		</method>
		<method id="int doFinal(byte[],int)">
			<flows>
				<flow isAlias="false" typeChecking="false">
					<from sourceSinkType="Parameter" ParameterIndex="0" />
					<to sourceSinkType="Field" AccessPath="[javax.crypto.Cipher: byte[] innerArray]"
						AccessPathTypes="[byte[]]" />
				</flow>
			</flows>
		</method>
		<method id="byte[] doFinal(byte[],int,int)">
			<flows>
				<flow isAlias="false" typeChecking="false">
					<from sourceSinkType="Parameter" ParameterIndex="0" />
					<to sourceSinkType="Field" AccessPath="[javax.crypto.Cipher: byte[] innerArray]"
						AccessPathTypes="[byte[]]" />
				</flow>
				<flow isAlias="false" typeChecking="false">
					<from sourceSinkType="Field" AccessPath="[javax.crypto.Cipher: byte[] innerArray]"
						AccessPathTypes="[byte[]]" />
					<to sourceSinkType="Return"/>
				</flow>
			</flows>
		</method>
		<method id="int doFinal(byte[],int,int,byte[])">
			<flows>
				<flow isAlias="false" typeChecking="false">
					<from sourceSinkType="Parameter" ParameterIndex="0" />
					<to sourceSinkType="Field" AccessPath="[javax.crypto.Cipher: byte[] innerArray]"
						AccessPathTypes="[byte[]]" />
				</flow>
				<flow isAlias="false" typeChecking="false">
					<from sourceSinkType="Field" AccessPath="[javax.crypto.Cipher: byte[] innerArray]"
						AccessPathTypes="[byte[]]" />
					<to sourceSinkType="Parameter" ParameterIndex="3" />
				</flow>
			</flows>
		</method>
		<method id="int doFinal(byte[],int,int,byte[],int)">
			<flows>
				<flow isAlias="false" typeChecking="false">
					<from sourceSinkType="Parameter" ParameterIndex="0" />
					<to sourceSinkType="Field" AccessPath="[javax.crypto.Cipher: byte[] innerArray]"
						AccessPathTypes="[byte[]]" />
				</flow>
				<flow isAlias="false" typeChecking="false">
					<from sourceSinkType="Field" AccessPath="[javax.crypto.Cipher: byte[] innerArray]"
						AccessPathTypes="[byte[]]" />
					<to sourceSinkType="Parameter" ParameterIndex="3" />
				</flow>
			</flows>
		</method>
		<method id="int doFinal(java.nio.ByteBuffer,java.nio.ByteBuffer)">
			<flows>
				<flow isAlias="false" typeChecking="false">
					<from sourceSinkType="Parameter" ParameterIndex="0" AccessPath="[java.nio.ByteBuffer: byte[] innerArray]"
						AccessPathTypes="[byte[]]"/>
					<to sourceSinkType="Parameter" ParameterIndex="1" AccessPath="[java.nio.ByteBuffer: byte[] innerArray]"
						AccessPathTypes="[byte[]]"/>
				</flow>
				<flow isAlias="false" typeChecking="false">
					<from sourceSinkType="Parameter" ParameterIndex="0" AccessPath="[java.nio.ByteBuffer: byte[] innerArray]"
						AccessPathTypes="[byte[]]"/>
					<to sourceSinkType="Field" AccessPath="[javax.crypto.Cipher: byte[] innerArray]"
						AccessPathTypes="[byte[]]" />
				</flow>
			</flows>
		</method>
		
		<method id="byte[] update(byte[])">
			<flows>
				<flow isAlias="false" typeChecking="false">
					<from sourceSinkType="Parameter" ParameterIndex="0" />
					<to sourceSinkType="Field" AccessPath="[javax.crypto.Cipher: byte[] innerArray]"
						AccessPathTypes="[byte[]]" />
				</flow>
				<flow isAlias="false" typeChecking="false">
					<from sourceSinkType="Field" AccessPath="[javax.crypto.Cipher: byte[] innerArray]"
						AccessPathTypes="[byte[]]" />
					<to sourceSinkType="Return"/>
				</flow>
			</flows>
		</method>
		<method id="byte[] update(byte[],int,int)">
			<flows>
				<flow isAlias="false" typeChecking="false">
					<from sourceSinkType="Parameter" ParameterIndex="0" />
					<to sourceSinkType="Field" AccessPath="[javax.crypto.Cipher: byte[] innerArray]"
						AccessPathTypes="[byte[]]" />
				</flow>
				<flow isAlias="false" typeChecking="false">
					<from sourceSinkType="Field" AccessPath="[javax.crypto.Cipher: byte[] innerArray]"
						AccessPathTypes="[byte[]]" />
					<to sourceSinkType="Return"/>
				</flow>
			</flows>
		</method>
		<method id="int update(byte[],int,int,byte[])">
			<flows>
				<flow isAlias="false" typeChecking="false">
					<from sourceSinkType="Parameter" ParameterIndex="0" />
					<to sourceSinkType="Field" AccessPath="[javax.crypto.Cipher: byte[] innerArray]"
						AccessPathTypes="[byte[]]" />
				</flow>
				<flow isAlias="false" typeChecking="false">
					<from sourceSinkType="Field" AccessPath="[javax.crypto.Cipher: byte[] innerArray]"
						AccessPathTypes="[byte[]]" />
					<to sourceSinkType="Parameter" ParameterIndex="3" />
				</flow>
			</flows>
		</method>
		<method id="int update(byte[],int,int,byte[],int)">
			<flows>
				<flow isAlias="false" typeChecking="false">
					<from sourceSinkType="Parameter" ParameterIndex="0" />
					<to sourceSinkType="Field" AccessPath="[javax.crypto.Cipher: byte[] innerArray]"
						AccessPathTypes="[byte[]]" />
				</flow>
				<flow isAlias="false" typeChecking="false">
					<from sourceSinkType="Field" AccessPath="[javax.crypto.Cipher: byte[] innerArray]"
						AccessPathTypes="[byte[]]" />
					<to sourceSinkType="Parameter" ParameterIndex="3" />
				</flow>
			</flows>
		</method>
		
		
		<method id="byte[] updateAAD">
			<flows>
				<flow isAlias="false" typeChecking="false">
					<from sourceSinkType="Parameter" ParameterIndex="0" />
					<to sourceSinkType="Field" AccessPath="[javax.crypto.Cipher: byte[] innerArray]"
						AccessPathTypes="[byte[]]" />
				</flow>
				<flow isAlias="false" typeChecking="false">
					<from sourceSinkType="Field" AccessPath="[javax.crypto.Cipher: byte[] innerArray]"
						AccessPathTypes="[byte[]]" />
					<to sourceSinkType="Return"/>
				</flow>
			</flows>
		</method>
		<method id="byte[] updateAAD(byte[],int,int)">
			<flows>
				<flow isAlias="false" typeChecking="false">
					<from sourceSinkType="Parameter" ParameterIndex="0" />
					<to sourceSinkType="Field" AccessPath="[javax.crypto.Cipher: byte[] innerArray]"
						AccessPathTypes="[byte[]]" />
				</flow>
				<flow isAlias="false" typeChecking="false">
					<from sourceSinkType="Field" AccessPath="[javax.crypto.Cipher: byte[] innerArray]"
						AccessPathTypes="[byte[]]" />
					<to sourceSinkType="Return"/>
				</flow>
			</flows>
		</method>
		<method id="int update(java.nio.ByteBuffer,java.nio.ByteBuffer)">
			<flows>
				<flow isAlias="false" typeChecking="false">
					<from sourceSinkType="Parameter" ParameterIndex="0" AccessPath="[java.nio.ByteBuffer: byte[] innerArray]"
						AccessPathTypes="[byte[]]"/>
					<to sourceSinkType="Parameter" ParameterIndex="1" AccessPath="[java.nio.ByteBuffer: byte[] innerArray]"
						AccessPathTypes="[byte[]]"/>
				</flow>
				<flow isAlias="false" typeChecking="false">
					<from sourceSinkType="Parameter" ParameterIndex="0" AccessPath="[java.nio.ByteBuffer: byte[] innerArray]"
						AccessPathTypes="[byte[]]"/>
					<to sourceSinkType="Field" AccessPath="[javax.crypto.Cipher: byte[] innerArray]"
						AccessPathTypes="[byte[]]" />
				</flow>
			</flows>
		</method>
	</methods>
</summary>