<?xml version="1.0" ?>
<summary fileFormatVersion="101">
	<hierarchy superClass="java.io.OutputStream" />
	<methods>
		<method id="void &lt;init&gt;(java.io.File)">
			<flows>
				<flow isAlias="false" typeChecking="false">
					<from sourceSinkType="Parameter" ParameterIndex="0"
						  AccessPath="[java.io.File: java.lang.String fileName]"
						  AccessPathTypes="[java.lang.String]" />
					<to sourceSinkType="Field"
						AccessPath="[java.io.OutputStream: java.io.OutputStream innerStream]"
						AccessPathTypes="[java.io.OutputStream]" />
				</flow>
			</flows>
		</method>
		<method id="void &lt;init&gt;(java.io.File,boolean)">
			<flows>
				<flow isAlias="false" typeChecking="false">
					<from sourceSinkType="Parameter" ParameterIndex="0"
						  AccessPath="[java.io.File: java.lang.String fileName]"
						  AccessPathTypes="[java.lang.String]" />
					<to sourceSinkType="Field"
						AccessPath="[java.io.OutputStream: java.io.OutputStream innerStream]"
						AccessPathTypes="[java.io.OutputStream]" />
				</flow>
			</flows>
		</method>
		<method id="void &lt;init&gt;(java.lang.String)">
			<flows>
				<flow isAlias="false" typeChecking="false">
					<from sourceSinkType="Parameter" ParameterIndex="0" />
					<to sourceSinkType="Field"
						AccessPath="[java.io.OutputStream: java.io.OutputStream innerStream]"
						AccessPathTypes="[java.io.OutputStream]" />
				</flow>
			</flows>
		</method>
		<method id="void &lt;init&gt;(java.lang.String,boolean)">
			<flows>
				<flow isAlias="false" typeChecking="false">
					<from sourceSinkType="Parameter" ParameterIndex="0" />
					<to sourceSinkType="Field"
						AccessPath="[java.io.OutputStream: java.io.OutputStream innerStream]"
						AccessPathTypes="[java.io.OutputStream]" />
				</flow>
			</flows>
		</method>
	</methods>
</summary>