<?xml version="1.0" ?>
<summary fileFormatVersion="101">
  <methods>
    <method id="int[] array()">
      <flows>
        <flow isAlias="true" typeChecking="false">
          <from sourceSinkType="Field" AccessPath="[java.nio.IntBuffer: int[] buffer]"
          	AccessPathTypes="[int[]]" />
          <to sourceSinkType="Return" />
        </flow>
      </flows>
    </method>
    <method id="java.nio.IntBuffer asReadOnlyBuffer()">
      <flows>
        <flow isAlias="true" typeChecking="false">
          <from sourceSinkType="Field" />
          <to sourceSinkType="Return" />
        </flow>
      </flows>
    </method>
    <method id="java.nio.IntBuffer compact()">
      <flows>
        <flow isAlias="true" typeChecking="false">
          <from sourceSinkType="Field" />
          <to sourceSinkType="Return" />
        </flow>
      </flows>
    </method>
    <method id="java.nio.IntBuffer duplicate()">
      <flows>
        <flow isAlias="true" typeChecking="false">
          <from sourceSinkType="Field" />
          <to sourceSinkType="Return" />
        </flow>
      </flows>
    </method>
    <method id="int get()">
      <flows>
        <flow isAlias="false" typeChecking="false">
          <from sourceSinkType="Field" AccessPath="[java.nio.IntBuffer: int[] buffer]"
          	AccessPathTypes="[int[]]" />
          <to sourceSinkType="Return" />
        </flow>
      </flows>
    </method>
    <method id="java.nio.IntBuffer get(int[])">
      <flows>
        <flow isAlias="false" typeChecking="false">
          <from sourceSinkType="Field" AccessPath="[java.nio.IntBuffer: int[] buffer]"
          	AccessPathTypes="[int[]]" />
          <to sourceSinkType="Parameter" ParameterIndex="0" />
        </flow>
        <flow isAlias="true" typeChecking="false">
          <from sourceSinkType="Field" />
          <to sourceSinkType="Return" />
        </flow>
      </flows>
    </method>
    <method id="java.nio.IntBuffer get(int[],int,int)">
      <flows>
        <flow isAlias="false" typeChecking="false">
          <from sourceSinkType="Field" AccessPath="[java.nio.IntBuffer: int[] buffer]"
          	AccessPathTypes="[int[]]" />
          <to sourceSinkType="Parameter" ParameterIndex="0" />
        </flow>
        <flow isAlias="true" typeChecking="false">
          <from sourceSinkType="Field" />
          <to sourceSinkType="Return" />
        </flow>
      </flows>
    </method>
    <method id="int get(int)">
      <flows>
        <flow isAlias="false" typeChecking="false">
          <from sourceSinkType="Field" AccessPath="[java.nio.IntBuffer: int[] buffer]"
          	AccessPathTypes="[int[]]" />
          <to sourceSinkType="Return" />
        </flow>
      </flows>
    </method>
    <method id="java.nio.IntBuffer put(int)">
      <flows>
        <flow isAlias="false" typeChecking="false">
          <from sourceSinkType="Parameter" ParameterIndex="0" />
          <to sourceSinkType="Field" AccessPath="[java.nio.IntBuffer: int[] buffer]"
          	AccessPathTypes="[int[]]" />
        </flow>
        <flow isAlias="true" typeChecking="false">
          <from sourceSinkType="Field" />
          <to sourceSinkType="Return" />
        </flow>
      </flows>
    </method>
    <method id="java.nio.IntBuffer put(int[])">
      <flows>
        <flow isAlias="false" typeChecking="false">
          <from sourceSinkType="Parameter" ParameterIndex="0" />
          <to sourceSinkType="Field" AccessPath="[java.nio.IntBuffer: int[] buffer]"
          	AccessPathTypes="[int[]]" />
        </flow>
        <flow isAlias="true" typeChecking="false">
          <from sourceSinkType="Field" />
          <to sourceSinkType="Return" />
        </flow>
      </flows>
    </method>
    <method id="java.nio.IntBuffer put(int[],int,int)">
      <flows>
        <flow isAlias="false" typeChecking="false">
          <from sourceSinkType="Parameter" ParameterIndex="0" />
          <to sourceSinkType="Field" AccessPath="[java.nio.IntBuffer: int[] buffer]"
          	AccessPathTypes="[int[]]" />
        </flow>
        <flow isAlias="true" typeChecking="false">
          <from sourceSinkType="Field" />
          <to sourceSinkType="Return" />
        </flow>
      </flows>
    </method>
    <method id="java.nio.IntBuffer put(java.nio.IntBuffer)">
      <flows>
        <flow isAlias="false" typeChecking="false">
          <from sourceSinkType="Parameter" ParameterIndex="0" />
          <to sourceSinkType="Field" AccessPath="[java.nio.IntBuffer: int[] buffer]"
          	AccessPathTypes="[int[]]" />
        </flow>
        <flow isAlias="true" typeChecking="false">
          <from sourceSinkType="Field" />
          <to sourceSinkType="Return" />
        </flow>
      </flows>
    </method>
    <method id="java.nio.IntBuffer put(int,int)">
      <flows>
        <flow isAlias="false" typeChecking="false">
          <from sourceSinkType="Parameter" ParameterIndex="1" />
          <to sourceSinkType="Field" AccessPath="[java.nio.IntBuffer: int[] buffer]"
          	AccessPathTypes="[int[]]" />
        </flow>
        <flow isAlias="true" typeChecking="false">
          <from sourceSinkType="Field" />
          <to sourceSinkType="Return" />
        </flow>
      </flows>
    </method>
    <method id="java.lang.String toString()">
      <flows>
        <flow isAlias="false" typeChecking="false">
          <from sourceSinkType="Field" AccessPath="[java.nio.IntBuffer: int[] buffer]"
          	AccessPathTypes="[int[]]" />
          <to sourceSinkType="Return" />
        </flow>
      </flows>
    </method>
    <method id="java.nio.IntBuffer wrap(int[])">
      <flows>
        <flow isAlias="false" typeChecking="false">
          <from sourceSinkType="Parameter" ParameterIndex="0" />
          <to sourceSinkType="Return" AccessPath="[java.nio.IntBuffer: int[] buffer]"
          	AccessPathTypes="[int[]]" />
        </flow>
      </flows>
    </method>
    <method id="java.nio.IntBuffer wrap(int[],int,int)">
      <flows>
        <flow isAlias="false" typeChecking="false">
          <from sourceSinkType="Parameter" ParameterIndex="0" />
          <to sourceSinkType="Return" AccessPath="[java.nio.IntBuffer: int[] buffer]"
          	AccessPathTypes="[int[]]" />
        </flow>
      </flows>
    </method>
  </methods>
 </summary>
