<?xml version="1.0" ?>
<summary fileFormatVersion="101">
	<hierarchy superClass="java.nio.Buffer" />
  <methods>
    <method id="double[] array()">
      <flows>
        <flow isAlias="true" typeChecking="false">
          <from sourceSinkType="Field" AccessPath="[java.nio.DoubleBuffer: double[] buffer]"
          	AccessPathTypes="[double[]]" />
          <to sourceSinkType="Return" />
        </flow>
      </flows>
    </method>
    <method id="java.nio.DoubleBuffer asReadOnlyBuffer()">
      <flows>
        <flow isAlias="true" typeChecking="false">
          <from sourceSinkType="Field" />
          <to sourceSinkType="Return" />
        </flow>
      </flows>
    </method>
    <method id="java.nio.DoubleBuffer compact()">
      <flows>
        <flow isAlias="true" typeChecking="false">
          <from sourceSinkType="Field" />
          <to sourceSinkType="Return" />
        </flow>
      </flows>
    </method>
    <method id="java.nio.DoubleBuffer duplicate()">
      <flows>
        <flow isAlias="true" typeChecking="false">
          <from sourceSinkType="Field" />
          <to sourceSinkType="Return" />
        </flow>
      </flows>
    </method>
    <method id="double get()">
      <flows>
        <flow isAlias="false" typeChecking="false">
          <from sourceSinkType="Field" AccessPath="[java.nio.DoubleBuffer: double[] buffer]"
          	AccessPathTypes="[double[]]" />
          <to sourceSinkType="Return" />
        </flow>
      </flows>
    </method>
    <method id="java.nio.DoubleBuffer get(double[])">
      <flows>
        <flow isAlias="false" typeChecking="false">
          <from sourceSinkType="Field" AccessPath="[java.nio.DoubleBuffer: double[] buffer]"
          	AccessPathTypes="[double[]]" />
          <to sourceSinkType="Parameter" ParameterIndex="0" />
        </flow>
        <flow isAlias="true" typeChecking="false">
          <from sourceSinkType="Field" />
          <to sourceSinkType="Return" />
        </flow>
      </flows>
    </method>
    <method id="java.nio.DoubleBuffer get(double[],int,int)">
      <flows>
        <flow isAlias="false" typeChecking="false">
          <from sourceSinkType="Field" AccessPath="[java.nio.DoubleBuffer: double[] buffer]"
          	AccessPathTypes="[double[]]" />
          <to sourceSinkType="Parameter" ParameterIndex="0" />
        </flow>
        <flow isAlias="true" typeChecking="false">
          <from sourceSinkType="Field" />
          <to sourceSinkType="Return" />
        </flow>
      </flows>
    </method>
    <method id="double get(int)">
      <flows>
        <flow isAlias="false" typeChecking="false">
          <from sourceSinkType="Field" AccessPath="[java.nio.DoubleBuffer: double[] buffer]"
          	AccessPathTypes="[double[]]" />
          <to sourceSinkType="Return" />
        </flow>
      </flows>
    </method>
    <method id="java.nio.DoubleBuffer put(double)">
      <flows>
        <flow isAlias="false" typeChecking="false">
          <from sourceSinkType="Parameter" ParameterIndex="0" />
          <to sourceSinkType="Field" AccessPath="[java.nio.DoubleBuffer: double[] buffer]"
          	AccessPathTypes="[double[]]" />
        </flow>
        <flow isAlias="true" typeChecking="false">
          <from sourceSinkType="Field" />
          <to sourceSinkType="Return" />
        </flow>
      </flows>
    </method>
    <method id="java.nio.DoubleBuffer put(double[])">
      <flows>
        <flow isAlias="false" typeChecking="false">
          <from sourceSinkType="Parameter" ParameterIndex="0" />
          <to sourceSinkType="Field" AccessPath="[java.nio.DoubleBuffer: double[] buffer]"
          	AccessPathTypes="[double[]]" />
        </flow>
        <flow isAlias="true" typeChecking="false">
          <from sourceSinkType="Field" />
          <to sourceSinkType="Return" />
        </flow>
      </flows>
    </method>
    <method id="java.nio.DoubleBuffer put(double[],int,int)">
      <flows>
        <flow isAlias="false" typeChecking="false">
          <from sourceSinkType="Parameter" ParameterIndex="0" />
          <to sourceSinkType="Field" AccessPath="[java.nio.DoubleBuffer: double[] buffer]"
          	AccessPathTypes="[double[]]" />
        </flow>
        <flow isAlias="true" typeChecking="false">
          <from sourceSinkType="Field" />
          <to sourceSinkType="Return" />
        </flow>
      </flows>
    </method>
    <method id="java.nio.DoubleBuffer put(java.nio.DoubleBuffer)">
      <flows>
        <flow isAlias="false" typeChecking="false">
          <from sourceSinkType="Parameter" ParameterIndex="0" />
          <to sourceSinkType="Field" AccessPath="[java.nio.DoubleBuffer: double[] buffer]"
          	AccessPathTypes="[double[]]" />
        </flow>
        <flow isAlias="true" typeChecking="false">
          <from sourceSinkType="Field" />
          <to sourceSinkType="Return" />
        </flow>
      </flows>
    </method>
    <method id="java.nio.DoubleBuffer put(int,double)">
      <flows>
        <flow isAlias="false" typeChecking="false">
          <from sourceSinkType="Parameter" ParameterIndex="1" />
          <to sourceSinkType="Field" AccessPath="[java.nio.DoubleBuffer: double[] buffer]"
          	AccessPathTypes="[double[]]" />
        </flow>
        <flow isAlias="true" typeChecking="false">
          <from sourceSinkType="Field" />
          <to sourceSinkType="Return" />
        </flow>
      </flows>
    </method>
    <method id="java.lang.String toString()">
      <flows>
        <flow isAlias="false" typeChecking="false">
          <from sourceSinkType="Field" AccessPath="[java.nio.DoubleBuffer: double[] buffer]"
          	AccessPathTypes="[double[]]" />
          <to sourceSinkType="Return" />
        </flow>
      </flows>
    </method>
    <method id="java.nio.DoubleBuffer wrap(double[])">
      <flows>
        <flow isAlias="false" typeChecking="false">
          <from sourceSinkType="Parameter" ParameterIndex="0" />
          <to sourceSinkType="Return" AccessPath="[java.nio.DoubleBuffer: double[] buffer]"
          	AccessPathTypes="[double[]]" />
        </flow>
      </flows>
    </method>
    <method id="java.nio.DoubleBuffer wrap(double[],int,int)">
      <flows>
        <flow isAlias="false" typeChecking="false">
          <from sourceSinkType="Parameter" ParameterIndex="0" />
          <to sourceSinkType="Return" AccessPath="[java.nio.DoubleBuffer: double[] buffer]"
          	AccessPathTypes="[double[]]" />
        </flow>
      </flows>
    </method>
  </methods>
 </summary>
