<?xml version="1.0" ?>
<summary fileFormatVersion="101">
	<hierarchy>
        <interface name="java.lang.AutoCloseable" />
        <interface name="java.sql.Wrapper" />
	</hierarchy>
	<methods>
		<method id="java.sql.Array getArray(int)">
			<flows>
				<flow isAlias="false" typeChecking="false">
					<from sourceSinkType="Field" BaseType="java.sql.ResultSet"
						AccessPath="[java.sql.ResultSet: java.lang.Object resultData]"
						AccessPathTypes="[java.lang.Object]" />
					<to sourceSinkType="Return" />
				</flow>
			</flows>
		</method>
		<method id="java.sql.Array getArray(java.lang.String)">
			<flows>
				<flow isAlias="false" typeChecking="false">
					<from sourceSinkType="Field" BaseType="java.sql.ResultSet"
						AccessPath="[java.sql.ResultSet: java.lang.Object resultData]"
						AccessPathTypes="[java.lang.Object]" />
					<to sourceSinkType="Return" />
				</flow>
			</flows>
		</method>
		<method id="java.io.InputStream getAsciiStream(int)">
			<flows>
				<flow isAlias="false" typeChecking="false">
					<from sourceSinkType="Field" BaseType="java.sql.ResultSet"
						AccessPath="[java.sql.ResultSet: java.lang.Object resultData]"
						AccessPathTypes="[java.lang.Object]" />
					<to sourceSinkType="Return" />
				</flow>
			</flows>
		</method>
		<method id="java.io.InputStream getAsciiStream(java.lang.String)">
			<flows>
				<flow isAlias="false" typeChecking="false">
					<from sourceSinkType="Field" BaseType="java.sql.ResultSet"
						AccessPath="[java.sql.ResultSet: java.lang.Object resultData]"
						AccessPathTypes="[java.lang.Object]" />
					<to sourceSinkType="Return" />
				</flow>
			</flows>
		</method>
		<method id="java.math.BigDecimal getBigDecimal(int)">
			<flows>
				<flow isAlias="false" typeChecking="false">
					<from sourceSinkType="Field" BaseType="java.sql.ResultSet"
						AccessPath="[java.sql.ResultSet: java.lang.Object resultData]"
						AccessPathTypes="[java.lang.Object]" />
					<to sourceSinkType="Return" />
				</flow>
			</flows>
		</method>
		<method id="java.math.BigDecimal getBigDecimal(int,int)">
			<flows>
				<flow isAlias="false" typeChecking="false">
					<from sourceSinkType="Field" BaseType="java.sql.ResultSet"
						AccessPath="[java.sql.ResultSet: java.lang.Object resultData]"
						AccessPathTypes="[java.lang.Object]" />
					<to sourceSinkType="Return" />
				</flow>
			</flows>
		</method>
		<method id="java.math.BigDecimal getBigDecimal(java.lang.String)">
			<flows>
				<flow isAlias="false" typeChecking="false">
					<from sourceSinkType="Field" BaseType="java.sql.ResultSet"
						AccessPath="[java.sql.ResultSet: java.lang.Object resultData]"
						AccessPathTypes="[java.lang.Object]" />
					<to sourceSinkType="Return" />
				</flow>
			</flows>
		</method>
		<method id="java.math.BigDecimal getBigDecimal(java.lang.String,int)">
			<flows>
				<flow isAlias="false" typeChecking="false">
					<from sourceSinkType="Field" BaseType="java.sql.ResultSet"
						AccessPath="[java.sql.ResultSet: java.lang.Object resultData]"
						AccessPathTypes="[java.lang.Object]" />
					<to sourceSinkType="Return" />
				</flow>
			</flows>
		</method>
		<method id="java.io.InputStream getBinaryStream(int)">
			<flows>
				<flow isAlias="false" typeChecking="false">
					<from sourceSinkType="Field" BaseType="java.sql.ResultSet"
						AccessPath="[java.sql.ResultSet: java.lang.Object resultData]"
						AccessPathTypes="[java.lang.Object]" />
					<to sourceSinkType="Return" />
				</flow>
			</flows>
		</method>
		<method id="java.io.InputStream getBinaryStream(java.lang.String)">
			<flows>
				<flow isAlias="false" typeChecking="false">
					<from sourceSinkType="Field" BaseType="java.sql.ResultSet"
						AccessPath="[java.sql.ResultSet: java.lang.Object resultData]"
						AccessPathTypes="[java.lang.Object]" />
					<to sourceSinkType="Return" />
				</flow>
			</flows>
		</method>
		<method id="java.sql.Blob getBlob(int)">
			<flows>
				<flow isAlias="false" typeChecking="false">
					<from sourceSinkType="Field" BaseType="java.sql.ResultSet"
						AccessPath="[java.sql.ResultSet: java.lang.Object resultData]"
						AccessPathTypes="[java.lang.Object]" />
					<to sourceSinkType="Return" />
				</flow>
			</flows>
		</method>
		<method id="java.sql.Blob getBlob(java.lang.String)">
			<flows>
				<flow isAlias="false" typeChecking="false">
					<from sourceSinkType="Field" BaseType="java.sql.ResultSet"
						AccessPath="[java.sql.ResultSet: java.lang.Object resultData]"
						AccessPathTypes="[java.lang.Object]" />
					<to sourceSinkType="Return" />
				</flow>
			</flows>
		</method>
		<method id="boolean getBoolean(int)">
			<flows>
				<flow isAlias="false" typeChecking="false">
					<from sourceSinkType="Field" BaseType="java.sql.ResultSet"
						AccessPath="[java.sql.ResultSet: java.lang.Object resultData]"
						AccessPathTypes="[java.lang.Object]" />
					<to sourceSinkType="Return" />
				</flow>
			</flows>
		</method>
		<method id="boolean getBoolean(java.lang.String)">
			<flows>
				<flow isAlias="false" typeChecking="false">
					<from sourceSinkType="Field" BaseType="java.sql.ResultSet"
						AccessPath="[java.sql.ResultSet: java.lang.Object resultData]"
						AccessPathTypes="[java.lang.Object]" />
					<to sourceSinkType="Return" />
				</flow>
			</flows>
		</method>
		<method id="byte getByte(int)">
			<flows>
				<flow isAlias="false" typeChecking="false">
					<from sourceSinkType="Field" BaseType="java.sql.ResultSet"
						AccessPath="[java.sql.ResultSet: java.lang.Object resultData]"
						AccessPathTypes="[java.lang.Object]" />
					<to sourceSinkType="Return" />
				</flow>
			</flows>
		</method>
		<method id="byte getByte(java.lang.String)">
			<flows>
				<flow isAlias="false" typeChecking="false">
					<from sourceSinkType="Field" BaseType="java.sql.ResultSet"
						AccessPath="[java.sql.ResultSet: java.lang.Object resultData]"
						AccessPathTypes="[java.lang.Object]" />
					<to sourceSinkType="Return" />
				</flow>
			</flows>
		</method>
		<method id="byte[] getBytes(int)">
			<flows>
				<flow isAlias="false" typeChecking="false">
					<from sourceSinkType="Field" BaseType="java.sql.ResultSet"
						AccessPath="[java.sql.ResultSet: java.lang.Object resultData]"
						AccessPathTypes="[java.lang.Object]" />
					<to sourceSinkType="Return" />
				</flow>
			</flows>
		</method>
		<method id="byte[] getBytes(java.lang.String)">
			<flows>
				<flow isAlias="false" typeChecking="false">
					<from sourceSinkType="Field" BaseType="java.sql.ResultSet"
						AccessPath="[java.sql.ResultSet: java.lang.Object resultData]"
						AccessPathTypes="[java.lang.Object]" />
					<to sourceSinkType="Return" />
				</flow>
			</flows>
		</method>
		<method id="java.io.Reader getCharacterStream(int)">
			<flows>
				<flow isAlias="false" typeChecking="false">
					<from sourceSinkType="Field" BaseType="java.sql.ResultSet"
						AccessPath="[java.sql.ResultSet: java.lang.Object resultData]"
						AccessPathTypes="[java.lang.Object]" />
					<to sourceSinkType="Return" />
				</flow>
			</flows>
		</method>
		<method id="java.io.Reader getCharacterStream(java.lang.String)">
			<flows>
				<flow isAlias="false" typeChecking="false">
					<from sourceSinkType="Field" BaseType="java.sql.ResultSet"
						AccessPath="[java.sql.ResultSet: java.lang.Object resultData]"
						AccessPathTypes="[java.lang.Object]" />
					<to sourceSinkType="Return" />
				</flow>
			</flows>
		</method>
		<method id="java.sql.Clob getClob(int)">
			<flows>
				<flow isAlias="false" typeChecking="false">
					<from sourceSinkType="Field" BaseType="java.sql.ResultSet"
						AccessPath="[java.sql.ResultSet: java.lang.Object resultData]"
						AccessPathTypes="[java.lang.Object]" />
					<to sourceSinkType="Return" />
				</flow>
			</flows>
		</method>
		<method id="java.sql.Clob getClob(java.lang.String)">
			<flows>
				<flow isAlias="false" typeChecking="false">
					<from sourceSinkType="Field" BaseType="java.sql.ResultSet"
						AccessPath="[java.sql.ResultSet: java.lang.Object resultData]"
						AccessPathTypes="[java.lang.Object]" />
					<to sourceSinkType="Return" />
				</flow>
			</flows>
		</method>
		<method id="java.sql.Date getDate(int)">
			<flows>
				<flow isAlias="false" typeChecking="false">
					<from sourceSinkType="Field" BaseType="java.sql.ResultSet"
						AccessPath="[java.sql.ResultSet: java.lang.Object resultData]"
						AccessPathTypes="[java.lang.Object]" />
					<to sourceSinkType="Return" />
				</flow>
			</flows>
		</method>
		<method id="java.sql.Date getDate(int,java.util.Calendar)">
			<flows>
				<flow isAlias="false" typeChecking="false">
					<from sourceSinkType="Field" BaseType="java.sql.ResultSet"
						AccessPath="[java.sql.ResultSet: java.lang.Object resultData]"
						AccessPathTypes="[java.lang.Object]" />
					<to sourceSinkType="Return" />
				</flow>
			</flows>
		</method>
		<method id="java.sql.Date getDate(java.lang.String)">
			<flows>
				<flow isAlias="false" typeChecking="false">
					<from sourceSinkType="Field" BaseType="java.sql.ResultSet"
						AccessPath="[java.sql.ResultSet: java.lang.Object resultData]"
						AccessPathTypes="[java.lang.Object]" />
					<to sourceSinkType="Return" />
				</flow>
			</flows>
		</method>
		<method id="java.sql.Date getDate(java.lang.String,java.util.Calendar)">
			<flows>
				<flow isAlias="false" typeChecking="false">
					<from sourceSinkType="Field" BaseType="java.sql.ResultSet"
						AccessPath="[java.sql.ResultSet: java.lang.Object resultData]"
						AccessPathTypes="[java.lang.Object]" />
					<to sourceSinkType="Return" />
				</flow>
			</flows>
		</method>
		<method id="double getDouble(int)">
			<flows>
				<flow isAlias="false" typeChecking="false">
					<from sourceSinkType="Field" BaseType="java.sql.ResultSet"
						AccessPath="[java.sql.ResultSet: java.lang.Object resultData]"
						AccessPathTypes="[java.lang.Object]" />
					<to sourceSinkType="Return" />
				</flow>
			</flows>
		</method>
		<method id="double getDouble(java.lang.String)">
			<flows>
				<flow isAlias="false" typeChecking="false">
					<from sourceSinkType="Field" BaseType="java.sql.ResultSet"
						AccessPath="[java.sql.ResultSet: java.lang.Object resultData]"
						AccessPathTypes="[java.lang.Object]" />
					<to sourceSinkType="Return" />
				</flow>
			</flows>
		</method>
		<method id="float getFloat(int)">
			<flows>
				<flow isAlias="false" typeChecking="false">
					<from sourceSinkType="Field" BaseType="java.sql.ResultSet"
						AccessPath="[java.sql.ResultSet: java.lang.Object resultData]"
						AccessPathTypes="[java.lang.Object]" />
					<to sourceSinkType="Return" />
				</flow>
			</flows>
		</method>
		<method id="float getFloat(java.lang.String)">
			<flows>
				<flow isAlias="false" typeChecking="false">
					<from sourceSinkType="Field" BaseType="java.sql.ResultSet"
						AccessPath="[java.sql.ResultSet: java.lang.Object resultData]"
						AccessPathTypes="[java.lang.Object]" />
					<to sourceSinkType="Return" />
				</flow>
			</flows>
		</method>
		<method id="int getInt(int)">
			<flows>
				<flow isAlias="false" typeChecking="false">
					<from sourceSinkType="Field" BaseType="java.sql.ResultSet"
						AccessPath="[java.sql.ResultSet: java.lang.Object resultData]"
						AccessPathTypes="[java.lang.Object]" />
					<to sourceSinkType="Return" />
				</flow>
			</flows>
		</method>
		<method id="int getInt(java.lang.String)">
			<flows>
				<flow isAlias="false" typeChecking="false">
					<from sourceSinkType="Field" BaseType="java.sql.ResultSet"
						AccessPath="[java.sql.ResultSet: java.lang.Object resultData]"
						AccessPathTypes="[java.lang.Object]" />
					<to sourceSinkType="Return" />
				</flow>
			</flows>
		</method>
		<method id="long getLong(int)">
			<flows>
				<flow isAlias="false" typeChecking="false">
					<from sourceSinkType="Field" BaseType="java.sql.ResultSet"
						AccessPath="[java.sql.ResultSet: java.lang.Object resultData]"
						AccessPathTypes="[java.lang.Object]" />
					<to sourceSinkType="Return" />
				</flow>
			</flows>
		</method>
		<method id="long getLong(java.lang.String)">
			<flows>
				<flow isAlias="false" typeChecking="false">
					<from sourceSinkType="Field" BaseType="java.sql.ResultSet"
						AccessPath="[java.sql.ResultSet: java.lang.Object resultData]"
						AccessPathTypes="[java.lang.Object]" />
					<to sourceSinkType="Return" />
				</flow>
			</flows>
		</method>
		<method id="java.io.Reader getNCharacterStream(int)">
			<flows>
				<flow isAlias="false" typeChecking="false">
					<from sourceSinkType="Field" BaseType="java.sql.ResultSet"
						AccessPath="[java.sql.ResultSet: java.lang.Object resultData]"
						AccessPathTypes="[java.lang.Object]" />
					<to sourceSinkType="Return" />
				</flow>
			</flows>
		</method>
		<method id="java.io.Reader getNCharacterStream(java.lang.String)">
			<flows>
				<flow isAlias="false" typeChecking="false">
					<from sourceSinkType="Field" BaseType="java.sql.ResultSet"
						AccessPath="[java.sql.ResultSet: java.lang.Object resultData]"
						AccessPathTypes="[java.lang.Object]" />
					<to sourceSinkType="Return" />
				</flow>
			</flows>
		</method>
		<method id="java.sql.NClob getNClob(int)">
			<flows>
				<flow isAlias="false" typeChecking="false">
					<from sourceSinkType="Field" BaseType="java.sql.ResultSet"
						AccessPath="[java.sql.ResultSet: java.lang.Object resultData]"
						AccessPathTypes="[java.lang.Object]" />
					<to sourceSinkType="Return" />
				</flow>
			</flows>
		</method>
		<method id="java.sql.NClob getNClob(java.lang.String)">
			<flows>
				<flow isAlias="false" typeChecking="false">
					<from sourceSinkType="Field" BaseType="java.sql.ResultSet"
						AccessPath="[java.sql.ResultSet: java.lang.Object resultData]"
						AccessPathTypes="[java.lang.Object]" />
					<to sourceSinkType="Return" />
				</flow>
			</flows>
		</method>
		<method id="java.lang.String getNString(int)">
			<flows>
				<flow isAlias="false" typeChecking="false">
					<from sourceSinkType="Field" BaseType="java.sql.ResultSet"
						AccessPath="[java.sql.ResultSet: java.lang.Object resultData]"
						AccessPathTypes="[java.lang.Object]" />
					<to sourceSinkType="Return" />
				</flow>
			</flows>
		</method>
		<method id="java.lang.String getNString(java.lang.String)">
			<flows>
				<flow isAlias="false" typeChecking="false">
					<from sourceSinkType="Field" BaseType="java.sql.ResultSet"
						AccessPath="[java.sql.ResultSet: java.lang.Object resultData]"
						AccessPathTypes="[java.lang.Object]" />
					<to sourceSinkType="Return" />
				</flow>
			</flows>
		</method>
		<method id="java.lang.Object getObject(int)">
			<flows>
				<flow isAlias="false" typeChecking="false">
					<from sourceSinkType="Field" BaseType="java.sql.ResultSet"
						AccessPath="[java.sql.ResultSet: java.lang.Object resultData]"
						AccessPathTypes="[java.lang.Object]" />
					<to sourceSinkType="Return" />
				</flow>
			</flows>
		</method>
		<method id="java.lang.Object getObject(int,java.lang.Class)">
			<flows>
				<flow isAlias="false" typeChecking="false">
					<from sourceSinkType="Field" BaseType="java.sql.ResultSet"
						AccessPath="[java.sql.ResultSet: java.lang.Object resultData]"
						AccessPathTypes="[java.lang.Object]" />
					<to sourceSinkType="Return" />
				</flow>
			</flows>
		</method>
		<method id="java.lang.Object getObject(int,java.util.Map)">
			<flows>
				<flow isAlias="false" typeChecking="false">
					<from sourceSinkType="Field" BaseType="java.sql.ResultSet"
						AccessPath="[java.sql.ResultSet: java.lang.Object resultData]"
						AccessPathTypes="[java.lang.Object]" />
					<to sourceSinkType="Return" />
				</flow>
			</flows>
		</method>
		<method id="java.lang.Object getObject(java.lang.String)">
			<flows>
				<flow isAlias="false" typeChecking="false">
					<from sourceSinkType="Field" BaseType="java.sql.ResultSet"
						AccessPath="[java.sql.ResultSet: java.lang.Object resultData]"
						AccessPathTypes="[java.lang.Object]" />
					<to sourceSinkType="Return" />
				</flow>
			</flows>
		</method>
		<method id="java.lang.Object getObject(java.lang.String,java.lang.Class)">
			<flows>
				<flow isAlias="false" typeChecking="false">
					<from sourceSinkType="Field" BaseType="java.sql.ResultSet"
						AccessPath="[java.sql.ResultSet: java.lang.Object resultData]"
						AccessPathTypes="[java.lang.Object]" />
					<to sourceSinkType="Return" />
				</flow>
			</flows>
		</method>
		<method id="java.lang.Object getObject(java.lang.String,java.util.Map)">
			<flows>
				<flow isAlias="false" typeChecking="false">
					<from sourceSinkType="Field" BaseType="java.sql.ResultSet"
						AccessPath="[java.sql.ResultSet: java.lang.Object resultData]"
						AccessPathTypes="[java.lang.Object]" />
					<to sourceSinkType="Return" />
				</flow>
			</flows>
		</method>
		<method id="java.sql.Ref getRef(int)">
			<flows>
				<flow isAlias="false" typeChecking="false">
					<from sourceSinkType="Field" BaseType="java.sql.ResultSet"
						AccessPath="[java.sql.ResultSet: java.lang.Object resultData]"
						AccessPathTypes="[java.lang.Object]" />
					<to sourceSinkType="Return" />
				</flow>
			</flows>
		</method>
		<method id="java.sql.Ref getRef(java.lang.String)">
			<flows>
				<flow isAlias="false" typeChecking="false">
					<from sourceSinkType="Field" BaseType="java.sql.ResultSet"
						AccessPath="[java.sql.ResultSet: java.lang.Object resultData]"
						AccessPathTypes="[java.lang.Object]" />
					<to sourceSinkType="Return" />
				</flow>
			</flows>
		</method>
		<method id="short getShort(int)">
			<flows>
				<flow isAlias="false" typeChecking="false">
					<from sourceSinkType="Field" BaseType="java.sql.ResultSet"
						AccessPath="[java.sql.ResultSet: java.lang.Object resultData]"
						AccessPathTypes="[java.lang.Object]" />
					<to sourceSinkType="Return" />
				</flow>
			</flows>
		</method>
		<method id="short getShort(java.lang.String)">
			<flows>
				<flow isAlias="false" typeChecking="false">
					<from sourceSinkType="Field" BaseType="java.sql.ResultSet"
						AccessPath="[java.sql.ResultSet: java.lang.Object resultData]"
						AccessPathTypes="[java.lang.Object]" />
					<to sourceSinkType="Return" />
				</flow>
			</flows>
		</method>
		<method id="java.sql.SQLXML getSQLXML(int)">
			<flows>
				<flow isAlias="false" typeChecking="false">
					<from sourceSinkType="Field" BaseType="java.sql.ResultSet"
						AccessPath="[java.sql.ResultSet: java.lang.Object resultData]"
						AccessPathTypes="[java.lang.Object]" />
					<to sourceSinkType="Return" />
				</flow>
			</flows>
		</method>
		<method id="java.sql.SQLXML getSQLXML(java.lang.String)">
			<flows>
				<flow isAlias="false" typeChecking="false">
					<from sourceSinkType="Field" BaseType="java.sql.ResultSet"
						AccessPath="[java.sql.ResultSet: java.lang.Object resultData]"
						AccessPathTypes="[java.lang.Object]" />
					<to sourceSinkType="Return" />
				</flow>
			</flows>
		</method>
		<method id="java.sql.Statement getStatement()">
			<flows>
				<flow isAlias="false" typeChecking="false">
					<from sourceSinkType="Field" BaseType="java.sql.ResultSet"
						AccessPath="[java.sql.ResultSet: java.sql.Statement statement]"
						AccessPathTypes="[java.sql.Statement]" />
					<to sourceSinkType="Return" />
				</flow>
			</flows>
		</method>
		<method id="java.lang.String getString(int)">
			<flows>
				<flow isAlias="false" typeChecking="false">
					<from sourceSinkType="Field" BaseType="java.sql.ResultSet"
						AccessPath="[java.sql.ResultSet: java.lang.Object resultData]"
						AccessPathTypes="[java.lang.Object]" />
					<to sourceSinkType="Return" />
				</flow>
			</flows>
		</method>
		<method id="java.lang.String getString(java.lang.String)">
			<flows>
				<flow isAlias="false" typeChecking="false">
					<from sourceSinkType="Field" BaseType="java.sql.ResultSet"
						AccessPath="[java.sql.ResultSet: java.lang.Object resultData]"
						AccessPathTypes="[java.lang.Object]" />
					<to sourceSinkType="Return" />
				</flow>
			</flows>
		</method>
		<method id="java.sql.Time getTime(int)">
			<flows>
				<flow isAlias="false" typeChecking="false">
					<from sourceSinkType="Field" BaseType="java.sql.ResultSet"
						AccessPath="[java.sql.ResultSet: java.lang.Object resultData]"
						AccessPathTypes="[java.lang.Object]" />
					<to sourceSinkType="Return" />
				</flow>
			</flows>
		</method>
		<method id="java.sql.Time getTime(int,java.util.Calendar)">
			<flows>
				<flow isAlias="false" typeChecking="false">
					<from sourceSinkType="Field" BaseType="java.sql.ResultSet"
						AccessPath="[java.sql.ResultSet: java.lang.Object resultData]"
						AccessPathTypes="[java.lang.Object]" />
					<to sourceSinkType="Return" />
				</flow>
			</flows>
		</method>
		<method id="java.sql.Time getTime(java.lang.String)">
			<flows>
				<flow isAlias="false" typeChecking="false">
					<from sourceSinkType="Field" BaseType="java.sql.ResultSet"
						AccessPath="[java.sql.ResultSet: java.lang.Object resultData]"
						AccessPathTypes="[java.lang.Object]" />
					<to sourceSinkType="Return" />
				</flow>
			</flows>
		</method>
		<method id="java.sql.Time getTime(java.lang.String,java.util.Calendar)">
			<flows>
				<flow isAlias="false" typeChecking="false">
					<from sourceSinkType="Field" BaseType="java.sql.ResultSet"
						AccessPath="[java.sql.ResultSet: java.lang.Object resultData]"
						AccessPathTypes="[java.lang.Object]" />
					<to sourceSinkType="Return" />
				</flow>
			</flows>
		</method>
		<method id="java.sql.Timestamp getTimestamp(int)">
			<flows>
				<flow isAlias="false" typeChecking="false">
					<from sourceSinkType="Field" BaseType="java.sql.ResultSet"
						AccessPath="[java.sql.ResultSet: java.lang.Object resultData]"
						AccessPathTypes="[java.lang.Object]" />
					<to sourceSinkType="Return" />
				</flow>
			</flows>
		</method>
		<method id="java.sql.Timestamp getTimestamp(int,java.util.Calendar)">
			<flows>
				<flow isAlias="false" typeChecking="false">
					<from sourceSinkType="Field" BaseType="java.sql.ResultSet"
						AccessPath="[java.sql.ResultSet: java.lang.Object resultData]"
						AccessPathTypes="[java.lang.Object]" />
					<to sourceSinkType="Return" />
				</flow>
			</flows>
		</method>
		<method id="java.sql.Timestamp getTimestamp(java.lang.String)">
			<flows>
				<flow isAlias="false" typeChecking="false">
					<from sourceSinkType="Field" BaseType="java.sql.ResultSet"
						AccessPath="[java.sql.ResultSet: java.lang.Object resultData]"
						AccessPathTypes="[java.lang.Object]" />
					<to sourceSinkType="Return" />
				</flow>
			</flows>
		</method>
		<method id="java.sql.Timestamp getTimestamp(java.lang.String,java.util.Calendar)">
			<flows>
				<flow isAlias="false" typeChecking="false">
					<from sourceSinkType="Field" BaseType="java.sql.ResultSet"
						AccessPath="[java.sql.ResultSet: java.lang.Object resultData]"
						AccessPathTypes="[java.lang.Object]" />
					<to sourceSinkType="Return" />
				</flow>
			</flows>
		</method>
		<method id="java.io.InputStream getUnicodeStream(int)">
			<flows>
				<flow isAlias="false" typeChecking="false">
					<from sourceSinkType="Field" BaseType="java.sql.ResultSet"
						AccessPath="[java.sql.ResultSet: java.lang.Object resultData]"
						AccessPathTypes="[java.lang.Object]" />
					<to sourceSinkType="Return" />
				</flow>
			</flows>
		</method>
		<method id="java.io.InputStream getUnicodeStream(java.lang.String)">
			<flows>
				<flow isAlias="false" typeChecking="false">
					<from sourceSinkType="Field" BaseType="java.sql.ResultSet"
						AccessPath="[java.sql.ResultSet: java.lang.Object resultData]"
						AccessPathTypes="[java.lang.Object]" />
					<to sourceSinkType="Return" />
				</flow>
			</flows>
		</method>
		<method id="java.net.URL getURL(int)">
			<flows>
				<flow isAlias="false" typeChecking="false">
					<from sourceSinkType="Field" BaseType="java.sql.ResultSet"
						AccessPath="[java.sql.ResultSet: java.lang.Object resultData]"
						AccessPathTypes="[java.lang.Object]" />
					<to sourceSinkType="Return" />
				</flow>
			</flows>
		</method>
		<method id="java.net.URL getURL(java.lang.String)">
			<flows>
				<flow isAlias="false" typeChecking="false">
					<from sourceSinkType="Field" BaseType="java.sql.ResultSet"
						AccessPath="[java.sql.ResultSet: java.lang.Object resultData]"
						AccessPathTypes="[java.lang.Object]" />
					<to sourceSinkType="Return" />
				</flow>
			</flows>
		</method>
	</methods>
</summary>