<?xml version="1.0" ?>
<summary fileFormatVersion="101">
	<methods>
		<method id="boolean get(java.lang.String,boolean)">
			<flows>
				<flow isAlias="false" typeChecking="false" cutSubfields="true">>
					<from sourceSinkType="Field" />
					<to sourceSinkType="Return" />
				</flow>
			</flows>
		</method>
		<method id="boolean get(java.lang.String,byte)">
			<flows>
				<flow isAlias="false" typeChecking="false" cutSubfields="true">>
					<from sourceSinkType="Field" />
					<to sourceSinkType="Return" />
				</flow>
			</flows>
		</method>
		<method id="boolean get(java.lang.String,char)">
			<flows>
				<flow isAlias="false" typeChecking="false" cutSubfields="true">>
					<from sourceSinkType="Field" />
					<to sourceSinkType="Return" />
				</flow>
			</flows>
		</method>
		<method id="boolean get(java.lang.String,double)">
			<flows>
				<flow isAlias="false" typeChecking="false" cutSubfields="true">>
					<from sourceSinkType="Field" />
					<to sourceSinkType="Return" />
				</flow>
			</flows>
		</method>
		<method id="boolean get(java.lang.String,float)">
			<flows>
				<flow isAlias="false" typeChecking="false" cutSubfields="true">>
					<from sourceSinkType="Field" />
					<to sourceSinkType="Return" />
				</flow>
			</flows>
		</method>
		<method id="boolean get(java.lang.String,int)">
			<flows>
				<flow isAlias="false" typeChecking="false" cutSubfields="true">>
					<from sourceSinkType="Field" />
					<to sourceSinkType="Return" />
				</flow>
			</flows>
		</method>
		<method id="boolean get(java.lang.String,long)">
			<flows>
				<flow isAlias="false" typeChecking="false" cutSubfields="true">>
					<from sourceSinkType="Field" />
					<to sourceSinkType="Return" />
				</flow>
			</flows>
		</method>
		<method id="boolean get(java.lang.String,java.lang.Object)" cutSubfields="true">>
			<flows>
				<flow isAlias="false" typeChecking="false">
					<from sourceSinkType="Field" />
					<to sourceSinkType="Return" />
				</flow>
			</flows>
		</method>
		<method id="boolean get(java.lang.String,short)">
			<flows>
				<flow isAlias="false" typeChecking="false" cutSubfields="true">>
					<from sourceSinkType="Field" />
					<to sourceSinkType="Return" />
				</flow>
			</flows>
		</method>
	</methods>
</summary>
