<?xml version="1.0" ?>
<summary fileFormatVersion="101">
	<methods>
		<method id="void add(java.lang.Object)">
			<flows>
				<flow isAlias="false" typeChecking="false">
					<from sourceSinkType="Parameter" ParameterIndex="0" />
					<to sourceSinkType="Field" AccessPath="[java.util.Iterator: java.util.List innerList,java.util.Collection: java.lang.Object[] innerArray]"
						AccessPathTypes="[java.util.List,java.lang.Object[]]" />
				</flow>
			</flows>
		</method>
		<method id="java.lang.Object next()">
			<flows>
				<flow isAlias="false" typeChecking="false">
					<from sourceSinkType="Field" AccessPath="[java.util.Iterator: java.util.List innerList,java.util.Collection: java.lang.Object[] innerArray]"
						AccessPathTypes="[java.util.List,java.lang.Object[]]" />
					<to sourceSinkType="Return" />
				</flow>
			</flows>
		</method>
		<method id="java.lang.Object previous()">
			<flows>
				<flow isAlias="false" typeChecking="false">
					<from sourceSinkType="Field" AccessPath="[java.util.Iterator: java.util.List innerList,java.util.Collection: java.lang.Object[] innerArray]"
						AccessPathTypes="[java.util.List,java.lang.Object[]]" />
					<to sourceSinkType="Return" />
				</flow>
			</flows>
		</method>
		<method id="void set(java.lang.Object)">
			<flows>
				<flow isAlias="false" typeChecking="false">
					<from sourceSinkType="Parameter" ParameterIndex="0" />
					<to sourceSinkType="Field" AccessPath="[java.util.Iterator: java.util.List innerList,java.util.Collection: java.lang.Object[] innerArray]"
						AccessPathTypes="[java.util.List,java.lang.Object[]]" />
				</flow>
			</flows>
		</method>
	</methods>
</summary>