<?xml version="1.0" ?>
<summary fileFormatVersion="101">
	<methods>
		<method id="java.lang.Object get(java.lang.Object,int)">
			<flows>
				<flow isAlias="false" typeChecking="false">
					<from sourceSinkType="Parameter" ParameterIndex="0" />
					<to sourceSinkType="Return" />
				</flow>
			</flows>
		</method>
		<method id="boolean getBoolean(java.lang.Object,int)">
			<flows>
				<flow isAlias="false" typeChecking="false">
					<from sourceSinkType="Parameter" ParameterIndex="0" />
					<to sourceSinkType="Return" />
				</flow>
			</flows>
		</method>
		<method id="byte getByte(java.lang.Object,int)">
			<flows>
				<flow isAlias="false" typeChecking="false">
					<from sourceSinkType="Parameter" ParameterIndex="0" />
					<to sourceSinkType="Return" />
				</flow>
			</flows>
		</method>
		<method id="char getChar(java.lang.Object,int)">
			<flows>
				<flow isAlias="false" typeChecking="false">
					<from sourceSinkType="Parameter" ParameterIndex="0" />
					<to sourceSinkType="Return" />
				</flow>
			</flows>
		</method>
		<method id="short getShort(java.lang.Object,int)">
			<flows>
				<flow isAlias="false" typeChecking="false">
					<from sourceSinkType="Parameter" ParameterIndex="0" />
					<to sourceSinkType="Return" />
				</flow>
			</flows>
		</method>
		<method id="int getInt(java.lang.Object,int)">
			<flows>
				<flow isAlias="false" typeChecking="false">
					<from sourceSinkType="Parameter" ParameterIndex="0" />
					<to sourceSinkType="Return" />
				</flow>
			</flows>
		</method>
		<method id="long getLong(java.lang.Object,int)">
			<flows>
				<flow isAlias="false" typeChecking="false">
					<from sourceSinkType="Parameter" ParameterIndex="0" />
					<to sourceSinkType="Return" />
				</flow>
			</flows>
		</method>
		<method id="float getFloat(java.lang.Object,int)">
			<flows>
				<flow isAlias="false" typeChecking="false">
					<from sourceSinkType="Parameter" ParameterIndex="0" />
					<to sourceSinkType="Return" />
				</flow>
			</flows>
		</method>
		<method id="double getDouble(java.lang.Object,int)">
			<flows>
				<flow isAlias="false" typeChecking="false">
					<from sourceSinkType="Parameter" ParameterIndex="0" />
					<to sourceSinkType="Return" />
				</flow>
			</flows>
		</method>
		<method id="void set(java.lang.Object,int,java.lang.Object)">
			<flows>
				<flow isAlias="false" typeChecking="false">
					<from sourceSinkType="Parameter" ParameterIndex="2" />
					<to sourceSinkType="Parameter" ParameterIndex="0" />
				</flow>
			</flows>
		</method>
		<method id="void setBoolean(java.lang.Object,int,boolean)">
			<flows>
				<flow isAlias="false" typeChecking="false">
					<from sourceSinkType="Parameter" ParameterIndex="2" />
					<to sourceSinkType="Parameter" ParameterIndex="0" />
				</flow>
			</flows>
		</method>
		<method id="void setByte(java.lang.Object,int,byte)">
			<flows>
				<flow isAlias="false" typeChecking="false">
					<from sourceSinkType="Parameter" ParameterIndex="2" />
					<to sourceSinkType="Parameter" ParameterIndex="0" />
				</flow>
			</flows>
		</method>
		<method id="void setChar(java.lang.Object,int,char)">
			<flows>
				<flow isAlias="false" typeChecking="false">
					<from sourceSinkType="Parameter" ParameterIndex="2" />
					<to sourceSinkType="Parameter" ParameterIndex="0" />
				</flow>
			</flows>
		</method>
		<method id="void setShort(java.lang.Object,int,short)">
			<flows>
				<flow isAlias="false" typeChecking="false">
					<from sourceSinkType="Parameter" ParameterIndex="2" />
					<to sourceSinkType="Parameter" ParameterIndex="0" />
				</flow>
			</flows>
		</method>
		<method id="void setInt(java.lang.Object,int,int)">
			<flows>
				<flow isAlias="false" typeChecking="false">
					<from sourceSinkType="Parameter" ParameterIndex="2" />
					<to sourceSinkType="Parameter" ParameterIndex="0" />
				</flow>
			</flows>
		</method>
		<method id="void setLong(java.lang.Object,int,long)">
			<flows>
				<flow isAlias="false" typeChecking="false">
					<from sourceSinkType="Parameter" ParameterIndex="2" />
					<to sourceSinkType="Parameter" ParameterIndex="0" />
				</flow>
			</flows>
		</method>
		<method id="void setFloat(java.lang.Object,int,float)">
			<flows>
				<flow isAlias="false" typeChecking="false">
					<from sourceSinkType="Parameter" ParameterIndex="2" />
					<to sourceSinkType="Parameter" ParameterIndex="0" />
				</flow>
			</flows>
		</method>
		<method id="void setDouble(java.lang.Object,int,double)">
			<flows>
				<flow isAlias="false" typeChecking="false">
					<from sourceSinkType="Parameter" ParameterIndex="2" />
					<to sourceSinkType="Parameter" ParameterIndex="0" />
				</flow>
			</flows>
		</method>
	</methods>
</summary>