<?xml version="1.0" ?>
<summary fileFormatVersion="101">
	<methods>
		<method id="void &lt;init&gt;(java.util.List)">
			<flows>
				<flow isAlias="true" typeChecking="false">
					<from sourceSinkType="Parameter" ParameterIndex="0" />
					<to sourceSinkType="Field"
						AccessPath="[java.lang.ProcessBuilder: java.lang.Object value]"
						AccessPathTypes="[java.lang.Object]" />
				</flow>
			</flows>
		</method>
		<method id="void &lt;init&gt;(java.lang.String[])">
			<flows>
				<flow isAlias="false" typeChecking="false">
					<from sourceSinkType="Parameter" ParameterIndex="0" />
					<to sourceSinkType="Field"
						AccessPath="[java.lang.ProcessBuilder: java.lang.Object value]"
						AccessPathTypes="[java.lang.Object]" />
				</flow>
			</flows>
		</method>
		<method id="java.util.List command()">
			<flows>
				<flow isAlias="true" typeChecking="false">
					<from sourceSinkType="Field"
						AccessPath="[java.lang.ProcessBuilder: java.lang.Object value]"
						AccessPathTypes="[java.lang.Object]" />
					<to sourceSinkType="Return" />
				</flow>
			</flows>
		</method>
		<method id="java.lang.ProcessBuilder command(java.lang.String[])">
			<flows>
				<flow isAlias="false" typeChecking="false">
					<from sourceSinkType="Parameter" ParameterIndex="0" />
					<to sourceSinkType="Field" AccessPath="[java.lang.ProcessBuilder: java.lang.Object value]"
						AccessPathTypes="[java.lang.Object]" />
				</flow>
				<flow isAlias="true" typeChecking="false">
					<from sourceSinkType="Field" />
					<to sourceSinkType="Return" />
				</flow>
			</flows>
		</method>
		<method id="java.lang.ProcessBuilder command(java.util.List)">
			<flows>
				<flow isAlias="true" typeChecking="false">
					<from sourceSinkType="Parameter" ParameterIndex="0" />
					<to sourceSinkType="Field"
						AccessPath="[java.lang.ProcessBuilder: java.lang.Object value]"
						AccessPathTypes="[java.lang.Object]" />
				</flow>
                <flow isAlias="true" typeChecking="false">
                    <from sourceSinkType="Field" />
                    <to sourceSinkType="Return" />
                </flow>
			</flows>
		</method>
  </methods>
</summary>
