<?xml version="1.0" ?>
<summary fileFormatVersion="101" isInterface="true">
	<hierarchy>
		<interface name="java.util.Collection" />
		<interface name="java.lang.Iterable" />
	</hierarchy>
	<methods>
		<method id="java.util.Spliterator spliterator()">
			<flows>
				<flow isAlias="false" typeChecking="false">
					<from sourceSinkType="Field" />
					<to sourceSinkType="Return" AccessPath="[java.util.Spliterator: java.lang.Object innerCollection]"
						AccessPathTypes="[java.lang.Object]" />
				</flow>
			</flows>
		</method>
	</methods>
</summary>