<?xml version="1.0" encoding="UTF-8"?>
<summary fileFormatVersion="101">
	<methods>
		<method id="void &lt;init&gt;(java.lang.String,char[])">
			<flows>
				<flow isAlias="false" typeChecking="false">
					<from sourceSinkType="Parameter" ParameterIndex="0" />
					<to sourceSinkType="Field" BaseType="java.net.PasswordAuthentication"
						AccessPath="[java.net.PasswordAuthentication: java.lang.String userName]"
						AccessPathTypes="[java.lang.String]" />
				</flow>
				<flow isAlias="false" typeChecking="false">
					<from sourceSinkType="Parameter" ParameterIndex="1" />
					<to sourceSinkType="Field" BaseType="java.net.PasswordAuthentication"
						AccessPath="[java.net.PasswordAuthentication: char[] password]"
						AccessPathTypes="[char[]]" />
				</flow>
			</flows>
		</method>
		<method id="char[] getPassword()">
			<flows>
				<flow isAlias="false" typeChecking="false">
					<from sourceSinkType="Field" BaseType="java.net.PasswordAuthentication"
						AccessPath="[java.net.PasswordAuthentication: char[] password]"
						AccessPathTypes="[char[]]" />
					<to sourceSinkType="Return" />
				</flow>
			</flows>
		</method>
		<method id="java.lang.String getUserName()">
			<flows>
				<flow isAlias="false" typeChecking="false">
					<from sourceSinkType="Field" BaseType="java.net.PasswordAuthentication"
						AccessPath="[java.net.PasswordAuthentication: java.lang.String userName]"
						AccessPathTypes="[java.lang.String]" />
					<to sourceSinkType="Return" />
				</flow>
			</flows>
		</method>
	</methods>
</summary>