<?xml version="1.0" ?>
<summary fileFormatVersion="101">
	<hierarchy superClass="java.io.Reader">
		<interface name="java.io.Closeable" />
		<interface name="java.io.Flushable" />
		<interface name="java.lang.AutoCloseable" />
	</hierarchy>
  <methods>
    <method id="void &lt;init&gt;(java.lang.String)">
      <flows>
        <flow isAlias="false" typeChecking="false">
          <from sourceSinkType="Parameter" ParameterIndex="0" />
          <to sourceSinkType="Field"
            AccessPath="[java.io.StringReader: java.lang.String string]"
          	AccessPathTypes="[java.lang.String]" />
        </flow>
      </flows>
    </method>
    <method id="int read()">
      <flows>
        <flow isAlias="false" cutSubfields="true" typeChecking="false">
          <from sourceSinkType="Field"  />
          <to sourceSinkType="Return" />
        </flow>
      </flows>
    </method>
    <method id="int read(char[])">
      <flows>
        <flow isAlias="false" cutSubfields="true" typeChecking="false">
          <from sourceSinkType="Field" />
          <to sourceSinkType="Parameter" ParameterIndex="0" />
        </flow>
      </flows>
    </method>
    <method id="int read(java.nio.CharBuffer)">
      <flows>
        <flow isAlias="false" cutSubfields="true" typeChecking="false">
          <from sourceSinkType="Field" />
          <to sourceSinkType="Parameter" ParameterIndex="0" />
        </flow>
      </flows>
    </method>
    <method id="int read(char[],int,int)">
      <flows>
        <flow isAlias="false" cutSubfields="true" typeChecking="false">
          <from sourceSinkType="Field" />
          <to sourceSinkType="Parameter" ParameterIndex="0" />
        </flow>
      </flows>
    </method>
  </methods>
 </summary>
