<?xml version="1.0" ?>
<summary fileFormatVersion="101">
	<methods>
		<method id="double getAsDouble()">
			<flows>
				<flow isAlias="false" typeChecking="false">
					<from sourceSinkType="Field"
						AccessPath="[java.util.OptionalDouble: double value]"
						AccessPathTypes="[double]" />
					<to sourceSinkType="Return" />
				</flow>
			</flows>
		</method>
		<method id="java.util.OptionalDouble of(double)">
			<flows>
				<flow isAlias="false" typeChecking="false">
					<from sourceSinkType="Parameter" ParameterIndex="0" />
					<to sourceSinkType="Return"
						AccessPath="[java.util.OptionalDouble: double value]"
						AccessPathTypes="[double]" />
				</flow>
			</flows>
		</method>
		<method id="double orElse(double)">
			<flows>
				<flow isAlias="false" typeChecking="false">
					<from sourceSinkType="Field"
						AccessPath="[java.util.OptionalDouble: double value]"
						AccessPathTypes="[double]" />
					<to sourceSinkType="Return" />
				</flow>
				<flow isAlias="true" typeChecking="false">
					<from sourceSinkType="Parameter" ParameterIndex="0" />
					<to sourceSinkType="Return" />
				</flow>
			</flows>
		</method>
		<method id="java.lang.String toString()">
			<flows>
				<flow isAlias="false" typeChecking="false">
					<from sourceSinkType="Field"
						AccessPath="[java.util.OptionalDouble: double value]"
						AccessPathTypes="[double]" />
					<to sourceSinkType="Return" />
				</flow>
			</flows>
		</method>
	</methods>
</summary>