<?xml version="1.0" ?>
<summary fileFormatVersion="101">
	<methods>
		<method id="void put(java.lang.String,boolean)">
			<flows>
				<flow isAlias="false" typeChecking="false">
					<from sourceSinkType="Parameter" ParameterIndex="1" />
					<to sourceSinkType="Field"
						AccessPath="[java.io.ObjectOutputStream$PutField: java.io.OutputStream innerStream]"
						AccessPathTypes="[java.io.OutputStream]" />
				</flow>
			</flows>
		</method>
		<method id="void put(java.lang.String,byte)">
			<flows>
				<flow isAlias="false" typeChecking="false">
					<from sourceSinkType="Parameter" ParameterIndex="1" />
					<to sourceSinkType="Field"
						AccessPath="[java.io.ObjectOutputStream$PutField: java.io.OutputStream innerStream]"
						AccessPathTypes="[java.io.OutputStream]" />
				</flow>
			</flows>
		</method>
		<method id="void put(java.lang.String,char)">
			<flows>
				<flow isAlias="false" typeChecking="false">
					<from sourceSinkType="Parameter" ParameterIndex="1" />
					<to sourceSinkType="Field"
						AccessPath="[java.io.ObjectOutputStream$PutField: java.io.OutputStream innerStream]"
						AccessPathTypes="[java.io.OutputStream]" />
				</flow>
			</flows>
		</method>
		<method id="void put(java.lang.String,double)">
			<flows>
				<flow isAlias="false" typeChecking="false">
					<from sourceSinkType="Parameter" ParameterIndex="1" />
					<to sourceSinkType="Field"
						AccessPath="[java.io.ObjectOutputStream$PutField: java.io.OutputStream innerStream]"
						AccessPathTypes="[java.io.OutputStream]" />
				</flow>
			</flows>
		</method>
		<method id="void put(java.lang.String,float)">
			<flows>
				<flow isAlias="false" typeChecking="false">
					<from sourceSinkType="Parameter" ParameterIndex="1" />
					<to sourceSinkType="Field"
						AccessPath="[java.io.ObjectOutputStream$PutField: java.io.OutputStream innerStream]"
						AccessPathTypes="[java.io.OutputStream]" />
				</flow>
			</flows>
		</method>
		<method id="void put(java.lang.String,int)">
			<flows>
				<flow isAlias="false" typeChecking="false">
					<from sourceSinkType="Parameter" ParameterIndex="1" />
					<to sourceSinkType="Field"
						AccessPath="[java.io.ObjectOutputStream$PutField: java.io.OutputStream innerStream]"
						AccessPathTypes="[java.io.OutputStream]" />
				</flow>
			</flows>
		</method>
		<method id="void put(java.lang.String,long)">
			<flows>
				<flow isAlias="false" typeChecking="false">
					<from sourceSinkType="Parameter" ParameterIndex="1" />
					<to sourceSinkType="Field"
						AccessPath="[java.io.ObjectOutputStream$PutField: java.io.OutputStream innerStream]"
						AccessPathTypes="[java.io.OutputStream]" />
				</flow>
			</flows>
		</method>
		<method id="void put(java.lang.String,java.lang.Object)">
			<flows>
				<flow isAlias="false" typeChecking="false">
					<from sourceSinkType="Parameter" ParameterIndex="1" />
					<to sourceSinkType="Field"
						AccessPath="[java.io.ObjectOutputStream$PutField: java.io.OutputStream innerStream]"
						AccessPathTypes="[java.io.OutputStream]" />
				</flow>
			</flows>
		</method>
		<method id="void put(java.lang.String,short)">
			<flows>
				<flow isAlias="false" typeChecking="false">
					<from sourceSinkType="Parameter" ParameterIndex="1" />
					<to sourceSinkType="Field"
						AccessPath="[java.io.ObjectOutputStream$PutField: java.io.OutputStream innerStream]"
						AccessPathTypes="[java.io.OutputStream]" />
				</flow>
			</flows>
		</method>
		<method id="void write(java.io.ObjectOutput)">
			<flows>
				<flow isAlias="false" typeChecking="false" cutSubfields="true">
					<from sourceSinkType="Field" />
					<to sourceSinkType="Return" />
				</flow>
			</flows>
		</method>
	</methods>
</summary>
