<?xml version="1.0" ?>
<summary fileFormatVersion="101">
	<methods>
		<method id="void &lt;init&gt;(double)">
			<flows>
				<flow isAlias="false" typeChecking="false">
					<from sourceSinkType="Parameter" ParameterIndex="0" />
					<to sourceSinkType="Field" AccessPath="[java.lang.Double: double value]"
						AccessPathTypes="[double]" />
				</flow>
			</flows>
		</method>
		<method id="void &lt;init&gt;(java.lang.String)">
			<flows>
				<flow isAlias="false" typeChecking="false">
					<from sourceSinkType="Parameter" ParameterIndex="0" />
					<to sourceSinkType="Field" AccessPath="[java.lang.Double: double value]"
						AccessPathTypes="[double]" />
				</flow>
			</flows>
		</method>
		<method id="byte byteValue()">
			<flows>
				<flow isAlias="false" typeChecking="false">
					<from sourceSinkType="Field" AccessPath="[java.lang.Double: double value]"
						AccessPathTypes="[double]" />
					<to sourceSinkType="Return" />
				</flow>
			</flows>
		</method>
		<method id="long doubleToLongBits(double)">
			<flows>
				<flow isAlias="false" typeChecking="false">
					<from sourceSinkType="Parameter" ParameterIndex="0" />
					<to sourceSinkType="Return" />
				</flow>
			</flows>
		</method>
		<method id="long doubleToRawLongBits(double)">
			<flows>
				<flow isAlias="false" typeChecking="false">
					<from sourceSinkType="Parameter" ParameterIndex="0" />
					<to sourceSinkType="Return" />
				</flow>
			</flows>
		</method>
		<method id="double doubleValue()">
			<flows>
				<flow isAlias="false" typeChecking="false">
					<from sourceSinkType="Field" AccessPath="[java.lang.Double: double value]"
						AccessPathTypes="[double]" />
					<to sourceSinkType="Return" />
				</flow>
			</flows>
		</method>
		<method id="float floatValue()">
			<flows>
				<flow isAlias="false" typeChecking="false">
					<from sourceSinkType="Field" AccessPath="[java.lang.Double: double value]"
						AccessPathTypes="[double]" />
					<to sourceSinkType="Return" />
				</flow>
			</flows>
		</method>
		<method id="int intValue()">
			<flows>
				<flow isAlias="false" typeChecking="false">
					<from sourceSinkType="Field" AccessPath="[java.lang.Double: double value]"
						AccessPathTypes="[double]" />
					<to sourceSinkType="Return" />
				</flow>
			</flows>
		</method>
		<method id="double longBitsToDouble(long)">
			<flows>
				<flow isAlias="false" typeChecking="false">
					<from sourceSinkType="Parameter" ParameterIndex="0" />
					<to sourceSinkType="Return" />
				</flow>
			</flows>
		</method>
		<method id="long longValue()">
			<flows>
				<flow isAlias="false" typeChecking="false">
					<from sourceSinkType="Field" AccessPath="[java.lang.Double: double value]"
						AccessPathTypes="[double]" />
					<to sourceSinkType="Return" />
				</flow>
			</flows>
		</method>
		<method id="double parseDouble(java.lang.String)">
			<flows>
				<flow isAlias="false" typeChecking="false">
					<from sourceSinkType="Parameter" ParameterIndex="0" />
					<to sourceSinkType="Return" AccessPath="[java.lang.Double: double value]"
						AccessPathTypes="[double]" />
				</flow>
			</flows>
		</method>
		<method id="short shortValue()">
			<flows>
				<flow isAlias="false" typeChecking="false">
					<from sourceSinkType="Field" AccessPath="[java.lang.Double: double value]"
						AccessPathTypes="[double]" />
					<to sourceSinkType="Return" />
				</flow>
			</flows>
		</method>
		<method id="java.lang.String toHexString()">
			<flows>
				<flow isAlias="false" typeChecking="false">
					<from sourceSinkType="Field" AccessPath="[java.lang.Double: double value]"
						AccessPathTypes="[double]" />
					<to sourceSinkType="Return" />
				</flow>
			</flows>
		</method>
		<method id="java.lang.String toString()">
			<flows>
				<flow isAlias="false" typeChecking="false">
					<from sourceSinkType="Field" AccessPath="[java.lang.Double: double value]"
						AccessPathTypes="[double]" />
					<to sourceSinkType="Return" />
				</flow>
			</flows>
		</method>
		<method id="java.lang.String toString(double)">
			<flows>
				<flow isAlias="false" typeChecking="false">
					<from sourceSinkType="Parameter" ParameterIndex="0" />
					<to sourceSinkType="Return" />
				</flow>
			</flows>
		</method>
		<method id="java.lang.Double valueOf(double)">
			<flows>
				<flow isAlias="false" typeChecking="false">
					<from sourceSinkType="Parameter" ParameterIndex="0" />
					<to sourceSinkType="Return" AccessPath="[java.lang.Double: java.lang.Double value]"
						AccessPathTypes="[java.lang.Double]" />
				</flow>
			</flows>
		</method>
		<method id="java.lang.Double valueOf(java.lang.String)">
			<flows>
				<flow isAlias="false" typeChecking="false">
					<from sourceSinkType="Parameter" ParameterIndex="0" />
					<to sourceSinkType="Return" AccessPath="[java.lang.Double: java.lang.Double value]"
						AccessPathTypes="[java.lang.Double]" />
				</flow>
			</flows>
		</method>
  </methods>
</summary>
