<?xml version="1.0" ?>
<summary fileFormatVersion="101">
	<hierarchy>
		<interface name="java.util.Set" />
	</hierarchy>
	<methods>
		<method id="void &lt;init&gt;(java.util.Collection)">
			<flows>
				<flow isAlias="false" typeChecking="false">
					<from sourceSinkType="Parameter" ParameterIndex="0" />
					<to sourceSinkType="Field" 
						AccessPath="[java.util.Collection: java.lang.Object[] innerArray]"
						AccessPathTypes="[java.lang.Object[]]" />
				</flow>
			</flows>
		</method>
	</methods>
</summary>