<?xml version="1.0" ?>
<summary fileFormatVersion="101">
	<methods>
		<method id="void &lt;init&gt;(java.io.OutputStream)">
			<flows>
				<flow isAlias="true">
					<from sourceSinkType="Parameter" ParameterIndex="0"
            AccessPath="[java.io.OutputStream: java.io.OutputStream innerStream]"
						AccessPathTypes="[java.io.OutputStream]" />
					<to sourceSinkType="Field"
            AccessPath="[java.io.OutputStream: java.io.OutputStream innerStream]"
						AccessPathTypes="[java.io.OutputStream]" />
				</flow>
				<flow isAlias="true" typeChecking="true">
					<from sourceSinkType="Parameter" ParameterIndex="0"
						AccessPath="[java.io.OutputStream: byte[] innerArray]"
						AccessPathTypes="[byte[]]" />
					<to sourceSinkType="Field"
            AccessPath="[java.io.OutputStream: java.io.OutputStream innerStream]"
						AccessPathTypes="[java.io.OutputStream]" />
				</flow>
			</flows>
		</method>
    <method id="void write(byte[])">
      <flows>
        <flow isAlias="false" typeChecking="false">>
          <from sourceSinkType="Parameter" ParameterIndex="0" />
					<to sourceSinkType="Field"
            AccessPath="[java.io.OutputStream: java.io.OutputStream innerStream]"
						AccessPathTypes="[java.io.OutputStream]" />
        </flow>
      </flows>
    </method>
    <method id="void write(byte[],int,int)">
      <flows>
        <flow isAlias="false" typeChecking="false">
          <from sourceSinkType="Parameter" ParameterIndex="0" />
					<to sourceSinkType="Field"
            AccessPath="[java.io.OutputStream: java.io.OutputStream innerStream]"
						AccessPathTypes="[java.io.OutputStream]" />
        </flow>
      </flows>
    </method>
    <method id="void write(int)">
      <flows>
        <flow isAlias="false" typeChecking="false">
          <from sourceSinkType="Parameter" ParameterIndex="0" />
					<to sourceSinkType="Field"
            AccessPath="[java.io.OutputStream: java.io.OutputStream innerStream]"
						AccessPathTypes="[java.io.OutputStream]" />
        </flow>
      </flows>
    </method>
    <method id="void writeBoolean(boolean)">
      <flows>
        <flow isAlias="false" typeChecking="false">
          <from sourceSinkType="Parameter" ParameterIndex="0" />
					<to sourceSinkType="Field"
            AccessPath="[java.io.OutputStream: java.io.OutputStream innerStream]"
						AccessPathTypes="[java.io.OutputStream]" />
        </flow>
      </flows>
    </method>
    <method id="void writeByte(int)">
      <flows>
        <flow isAlias="false" typeChecking="false">
          <from sourceSinkType="Parameter" ParameterIndex="0" />
					<to sourceSinkType="Field"
            AccessPath="[java.io.OutputStream: java.io.OutputStream innerStream]"
						AccessPathTypes="[java.io.OutputStream]" />
        </flow>
      </flows>
    </method>
    <method id="void writeBytes(java.lang.String)">
      <flows>
        <flow isAlias="false" typeChecking="false">
          <from sourceSinkType="Parameter" ParameterIndex="0" />
					<to sourceSinkType="Field"
            AccessPath="[java.io.OutputStream: java.io.OutputStream innerStream]"
						AccessPathTypes="[java.io.OutputStream]" />
        </flow>
      </flows>
    </method>
    <method id="void writeChar(int)">
      <flows>
        <flow isAlias="false" typeChecking="false">
          <from sourceSinkType="Parameter" ParameterIndex="0" />
					<to sourceSinkType="Field"
            AccessPath="[java.io.OutputStream: java.io.OutputStream innerStream]"
						AccessPathTypes="[java.io.OutputStream]" />
        </flow>
      </flows>
    </method>
    <method id="void writeChars(java.lang.String)">
      <flows>
        <flow isAlias="false" typeChecking="false">
          <from sourceSinkType="Parameter" ParameterIndex="0" />
					<to sourceSinkType="Field"
            AccessPath="[java.io.OutputStream: java.io.OutputStream innerStream]"
						AccessPathTypes="[java.io.OutputStream]" />
        </flow>
      </flows>
    </method>
    <method id="void writeClassDescription(java.io.ObjectStreamClass)">
      <flows>
        <flow isAlias="false" typeChecking="false">
          <from sourceSinkType="Parameter" ParameterIndex="0" />
					<to sourceSinkType="Field"
            AccessPath="[java.io.OutputStream: java.io.OutputStream innerStream]"
						AccessPathTypes="[java.io.OutputStream]" />
        </flow>
      </flows>
    </method>
    <method id="void writeDouble(double)">
      <flows>
        <flow isAlias="false" typeChecking="false">
          <from sourceSinkType="Parameter" ParameterIndex="0" />
					<to sourceSinkType="Field"
            AccessPath="[java.io.OutputStream: java.io.OutputStream innerStream]"
						AccessPathTypes="[java.io.OutputStream]" />
        </flow>
      </flows>
    </method>
    <method id="void writeFloat(float)">
      <flows>
        <flow isAlias="false" typeChecking="false">
          <from sourceSinkType="Parameter" ParameterIndex="0" />
					<to sourceSinkType="Field"
            AccessPath="[java.io.OutputStream: java.io.OutputStream innerStream]"
						AccessPathTypes="[java.io.OutputStream]" />
        </flow>
      </flows>
    </method>
    <method id="void writeInt(int)">
      <flows>
        <flow isAlias="false" typeChecking="false">
          <from sourceSinkType="Parameter" ParameterIndex="0" />
					<to sourceSinkType="Field"
            AccessPath="[java.io.OutputStream: java.io.OutputStream innerStream]"
						AccessPathTypes="[java.io.OutputStream]" />
        </flow>
      </flows>
    </method>
    <method id="void writeLong(long)">
      <flows>
        <flow isAlias="false" typeChecking="false">
          <from sourceSinkType="Parameter" ParameterIndex="0" />
					<to sourceSinkType="Field"
            AccessPath="[java.io.OutputStream: java.io.OutputStream innerStream]"
						AccessPathTypes="[java.io.OutputStream]" />
        </flow>
      </flows>
    </method>
    <method id="void writeObject(java.lang.Object)">
      <flows>
        <flow isAlias="false" typeChecking="false">
          <from sourceSinkType="Parameter" ParameterIndex="0" />
					<to sourceSinkType="Field"
            AccessPath="[java.io.OutputStream: java.io.OutputStream innerStream]"
						AccessPathTypes="[java.io.OutputStream]" />
        </flow>
      </flows>
    </method>
    <method id="void writeObjectOverride(java.lang.Object)">
      <flows>
        <flow isAlias="false" typeChecking="false">
          <from sourceSinkType="Parameter" ParameterIndex="0" />
					<to sourceSinkType="Field"
            AccessPath="[java.io.OutputStream: java.io.OutputStream innerStream]"
						AccessPathTypes="[java.io.OutputStream]" />
        </flow>
      </flows>
    </method>
    <method id="void writeShort(int)">
      <flows>
        <flow isAlias="false" typeChecking="false">
          <from sourceSinkType="Parameter" ParameterIndex="0" />
					<to sourceSinkType="Field"
            AccessPath="[java.io.OutputStream: java.io.OutputStream innerStream]"
						AccessPathTypes="[java.io.OutputStream]" />
        </flow>
      </flows>
    </method>
    <method id="void writeUnshared(java.lang.Object)">
      <flows>
        <flow isAlias="false" typeChecking="false">
          <from sourceSinkType="Parameter" ParameterIndex="0" />
					<to sourceSinkType="Field"
            AccessPath="[java.io.OutputStream: java.io.OutputStream innerStream]"
						AccessPathTypes="[java.io.OutputStream]" />
        </flow>
      </flows>
    </method>
    <method id="void writeUTF(java.lang.String)">
      <flows>
        <flow isAlias="false" typeChecking="false">
          <from sourceSinkType="Parameter" ParameterIndex="0" />
					<to sourceSinkType="Field"
            AccessPath="[java.io.OutputStream: java.io.OutputStream innerStream]"
						AccessPathTypes="[java.io.OutputStream]" />
        </flow>
      </flows>
    </method>
		<method id="java.io.ObjectOutputStream$PutField putFields()">
			<flows>
				<flow isAlias="true">
					<from sourceSinkType="Field" AccessPath="[java.io.ObjectOutputStream: java.io.OutputStream bufferedStream]"
						AccessPathTypes="[java.io.OutputStream]" />
					<to sourceSinkType="Return" AccessPath="[java.io.ObjectOutputStream$PutField: java.io.OutputStream innerStream]"
						AccessPathTypes="[java.io.OutputStream]" />
				</flow>
			</flows>
		</method>
		<method id="void writeFields()">
			<flows>
				<flow isAlias="false">
					<from sourceSinkType="Field" AccessPath="[java.io.ObjectOutputStream: java.io.OutputStream bufferedStream]"
						AccessPathTypes="[java.io.OutputStream]" />
					<to sourceSinkType="Field" AccessPath="[java.io.OutputStream: java.io.OutputStream innerStream]"
						AccessPathTypes="[java.io.OutputStream]" />
				</flow>
			</flows>
		</method>
	</methods>
</summary>
