<?xml version="1.0" ?>
<summary fileFormatVersion="101">
	<methods>
		<method id="void &lt;init&gt;(byte)">
			<flows>
				<flow isAlias="false" typeChecking="false">
					<from sourceSinkType="Parameter" ParameterIndex="0" />
					<to sourceSinkType="Field" AccessPath="[java.lang.Byte: byte value]"
						AccessPathTypes="[byte]" />
				</flow>
			</flows>
		</method>
		<method id="void &lt;init&gt;(java.lang.String)">
			<flows>
				<flow isAlias="false" typeChecking="false">
					<from sourceSinkType="Parameter" ParameterIndex="0" />
					<to sourceSinkType="Field" AccessPath="[java.lang.Byte: byte value]"
						AccessPathTypes="[byte]" />
				</flow>
			</flows>
		</method>
		<method id="byte byteValue()">
			<flows>
				<flow isAlias="false" typeChecking="false">
					<from sourceSinkType="Field" AccessPath="[java.lang.Byte: byte value]"
						AccessPathTypes="[byte]" />
					<to sourceSinkType="Return" />
				</flow>
			</flows>
		</method>
		<method id="java.lang.Byte decode(java.lang.String)">
			<flows>
				<flow isAlias="false" typeChecking="false">
					<from sourceSinkType="Parameter" ParameterIndex="0" />
					<to sourceSinkType="Return" AccessPath="[java.lang.Byte: byte value]"
						AccessPathTypes="[byte]" />
				</flow>
			</flows>
		</method>
		<method id="double doubleValue()">
			<flows>
				<flow isAlias="false" typeChecking="false">
					<from sourceSinkType="Field" AccessPath="[java.lang.Byte: byte value]"
						AccessPathTypes="[byte]" />
					<to sourceSinkType="Return" />
				</flow>
			</flows>
		</method>
		<method id="float floatValue()">
			<flows>
				<flow isAlias="false" typeChecking="false">
					<from sourceSinkType="Field" AccessPath="[java.lang.Byte: byte value]"
						AccessPathTypes="[byte]" />
					<to sourceSinkType="Return" />
				</flow>
			</flows>
		</method>
		<method id="int intValue()">
			<flows>
				<flow isAlias="false" typeChecking="false">
					<from sourceSinkType="Field" AccessPath="[java.lang.Byte: byte value]"
						AccessPathTypes="[byte]" />
					<to sourceSinkType="Return" />
				</flow>
			</flows>
		</method>
		<method id="long longValue()">
			<flows>
				<flow isAlias="false" typeChecking="false">
					<from sourceSinkType="Field" AccessPath="[java.lang.Byte: byte value]"
						AccessPathTypes="[byte]" />
					<to sourceSinkType="Return" />
				</flow>
			</flows>
		</method>
		<method id="byte parseByte(java.lang.String)">
			<flows>
				<flow isAlias="false" typeChecking="false">
					<from sourceSinkType="Parameter" ParameterIndex="0" />
					<to sourceSinkType="Return" AccessPath="[java.lang.Byte: byte value]"
						AccessPathTypes="[byte]" />
				</flow>
			</flows>
		</method>
		<method id="byte parseByte(java.lang.String,int)">
			<flows>
				<flow isAlias="false" typeChecking="false">
					<from sourceSinkType="Parameter" ParameterIndex="0" />
					<to sourceSinkType="Return" AccessPath="[java.lang.Byte: byte value]"
						AccessPathTypes="[byte]" />
				</flow>
			</flows>
		</method>
		<method id="short shortValue()">
			<flows>
				<flow isAlias="false" typeChecking="false">
					<from sourceSinkType="Field" AccessPath="[java.lang.Byte: byte value]"
						AccessPathTypes="[byte]" />
					<to sourceSinkType="Return" />
				</flow>
			</flows>
		</method>
		<method id="java.lang.String toString()">
			<flows>
				<flow isAlias="false" typeChecking="false">
					<from sourceSinkType="Field" AccessPath="[java.lang.Byte: byte value]"
						AccessPathTypes="[byte]" />
					<to sourceSinkType="Return" />
				</flow>
			</flows>
		</method>
		<method id="java.lang.String toString(byte)">
			<flows>
				<flow isAlias="false" typeChecking="false">
					<from sourceSinkType="Parameter" ParameterIndex="0" />
					<to sourceSinkType="Return" />
				</flow>
			</flows>
		</method>
		<method id="java.lang.Byte valueOf(byte)">
			<flows>
				<flow isAlias="false" typeChecking="false">
					<from sourceSinkType="Parameter" ParameterIndex="0" />
					<to sourceSinkType="Return" AccessPath="[java.lang.Byte: java.lang.Byte value]"
						AccessPathTypes="[java.lang.Byte]" />
				</flow>
			</flows>
		</method>
		<method id="java.lang.Byte valueOf(java.lang.String)">
			<flows>
				<flow isAlias="false" typeChecking="false">
					<from sourceSinkType="Parameter" ParameterIndex="0" />
					<to sourceSinkType="Return" AccessPath="[java.lang.Byte: java.lang.Byte value]"
						AccessPathTypes="[java.lang.Byte]" />
				</flow>
			</flows>
		</method>
		<method id="java.lang.Byte valueOf(java.lang.String,int)">
			<flows>
				<flow isAlias="false" typeChecking="false">
					<from sourceSinkType="Parameter" ParameterIndex="0" />
					<to sourceSinkType="Return" AccessPath="[java.lang.Byte: java.lang.Byte value]"
						AccessPathTypes="[java.lang.Byte]" />
				</flow>
			</flows>
		</method>
  </methods>
</summary>
