<?xml version="1.0" ?>
<summary fileFormatVersion="101">
	<hierarchy superClass="java.util.Random">
        <interface name="java.io.Serializable" />
	</hierarchy>
	<methods>
		<method id="void nextBytes(byte[])">
			<flows>
				<flow isAlias="false" typeChecking="false">
					<from sourceSinkType="Field" />
					<to sourceSinkType="Parameter" ParameterIndex="0" />
				</flow>
			</flows>
		</method>
		<method id="void nextBytes(byte[],java.security.SecureRandomParameters)">
			<flows>
				<flow isAlias="false" typeChecking="false">
					<from sourceSinkType="Field" />
					<to sourceSinkType="Parameter" ParameterIndex="0" />
				</flow>
			</flows>
		</method>
	</methods>
</summary>