<?xml version="1.0" ?>
<summary fileFormatVersion="101" isInterface="true">
	<hierarchy>
		<interface name="java.util.Collection" />
		<interface name="java.lang.Iterable" />
	</hierarchy>
	<methods>
		<method id="void add(int,java.lang.Object)">
			<flows>
				<flow isAlias="false" typeChecking="false">
					<from sourceSinkType="Parameter" ParameterIndex="1" />
					<to sourceSinkType="Field"
						AccessPath="[java.util.Collection: java.lang.Object[] innerArray]"
						AccessPathTypes="[java.lang.Object[]]" />
				</flow>
			</flows>
		</method>
		<method id="boolean addAll(int,java.util.Collection)">
			<flows>
				<flow isAlias="false" typeChecking="false">
					<from sourceSinkType="Parameter" ParameterIndex="1" />
					<to sourceSinkType="Field"
						AccessPath="[java.util.Collection: java.lang.Object[] innerArray]"
						AccessPathTypes="[java.lang.Object[]]" />
				</flow>
			</flows>
		</method>
		<method id="java.lang.Object get(int)">
			<flows>
				<flow isAlias="false" typeChecking="false">
					<from sourceSinkType="Field"
						AccessPath="[java.util.Collection: java.lang.Object[] innerArray]"
						AccessPathTypes="[java.lang.Object[]]" />
					<to sourceSinkType="Return" />
				</flow>
			</flows>
		</method>
		<method id="java.util.ListIterator listIterator()">
			<flows>
				<flow isAlias="false" typeChecking="false">
					<from sourceSinkType="Field" />
					<to sourceSinkType="Return"
						AccessPath="[java.util.ListIterator: java.util.List innerList]"
						AccessPathTypes="[java.util.List]" />
				</flow>
			</flows>
		</method>
		<method id="java.util.ListIterator listIterator(int)">
			<flows>
				<flow isAlias="false" typeChecking="false">
					<from sourceSinkType="Field" />
					<to sourceSinkType="Return"
						AccessPath="[java.util.ListIterator: java.util.List innerList]"
						AccessPathTypes="[java.util.List]" />
				</flow>
			</flows>
		</method>
		<method id="java.lang.Object remove(int)">
			<flows>
				<flow isAlias="false" typeChecking="false">
					<from sourceSinkType="Field"
						AccessPath="[java.util.Collection: java.lang.Object[] innerArray]"
						AccessPathTypes="[java.lang.Object[]]" />
					<to sourceSinkType="Return" />
				</flow>
			</flows>
		</method>
		<method id="void set(int,java.lang.Object)">
			<flows>
				<flow isAlias="false" typeChecking="false">
					<from sourceSinkType="Parameter" ParameterIndex="1" />
					<to sourceSinkType="Field"
						AccessPath="[java.util.Collection: java.lang.Object[] innerArray]"
						AccessPathTypes="[java.lang.Object[]]" />
				</flow>
				<flow isAlias="false" typeChecking="false">
					<from sourceSinkType="Field"
						AccessPath="[java.util.Collection: java.lang.Object[] innerArray]"
						AccessPathTypes="[java.lang.Object[]]" />
					<to sourceSinkType="Return" />
				</flow>
			</flows>
		</method>
		<method id="java.util.List subList(int,int)">
			<flows>
				<flow isAlias="false" typeChecking="false">
					<from sourceSinkType="Field" />
					<to sourceSinkType="Return" />
				</flow>
			</flows>
		</method>
	</methods>
</summary>