<?xml version="1.0" ?>
<summary fileFormatVersion="101">
	<methods>
		<method id="void &lt;init&gt;(java.util.Properties)">
			<flows>
				<flow isAlias="false" typeChecking="false">
					<from sourceSinkType="Parameter" ParameterIndex="0" />
					<to sourceSinkType="Field" AccessPath="[java.util.Properties: java.lang.Object[] entries]"
						AccessPathTypes="[java.lang.Object[]]" />
				</flow>
			</flows>
		</method>
		<method id="void load(java.io.InputStream)">
			<flows>
				<flow isAlias="false" typeChecking="false">
					<from sourceSinkType="Parameter" ParameterIndex="0" />
					<to sourceSinkType="Field" AccessPath="[java.util.Properties: java.lang.Object[] entries]"
						AccessPathTypes="[java.lang.Object[]]"  />
				</flow>
			</flows>
		</method>
		<method id="void load(java.io.Reader)">
			<flows>
				<flow isAlias="false" typeChecking="false">
					<from sourceSinkType="Parameter" ParameterIndex="0" />
					<to sourceSinkType="Field" AccessPath="[java.util.Properties: java.lang.Object[] entries]"
						AccessPathTypes="[java.lang.Object[]]"  />
				</flow>
			</flows>
		</method>
		<method id="void loadFromXML(java.io.InputStream)">
			<flows>
				<flow isAlias="false" typeChecking="false">
					<from sourceSinkType="Parameter" ParameterIndex="0" />
					<to sourceSinkType="Field" AccessPath="[java.util.Properties: java.lang.Object[] entries]"
						AccessPathTypes="[java.lang.Object[]]"  />
				</flow>
			</flows>
		</method>
	    <method id="java.lang.String getProperty(java.lang.String)">
	      <flows>
	        <flow isAlias="false" typeChecking="false">
	          <from sourceSinkType="Field" AccessPath="[java.util.Properties: java.lang.Object[] entries]"
	          	AccessPathTypes="[java.lang.Object[]]"  />
	          <to sourceSinkType="Return" />
	        </flow>
	      </flows>
	    </method>
	    <method id="java.lang.String getProperty(java.lang.String,java.lang.String)">
	      <flows>
	        <flow isAlias="false" typeChecking="false">
	          <from sourceSinkType="Field" AccessPath="[java.util.Properties: java.lang.Object[] entries]"
	          	AccessPathTypes="[java.lang.Object[]]"  />
	          <to sourceSinkType="Return" />
	        </flow>
	      </flows>
	    </method>
    </methods>
</summary>
