<?xml version="1.0" ?>
<summary fileFormatVersion="101">
	<methods>
		<method id="void &lt;init&gt;(short)">
			<flows>
				<flow isAlias="false" typeChecking="false">
					<from sourceSinkType="Parameter" ParameterIndex="0" />
					<to sourceSinkType="Field" AccessPath="[java.lang.Short: short value]"
						AccessPathTypes="[short]" />
				</flow>
			</flows>
		</method>
		<method id="void &lt;init&gt;(java.lang.String)">
			<flows>
				<flow isAlias="false" typeChecking="false">
					<from sourceSinkType="Parameter" ParameterIndex="0" />
					<to sourceSinkType="Field" AccessPath="[java.lang.Short: short value]"
						AccessPathTypes="[short]" />
				</flow>
			</flows>
		</method>
		<method id="byte byteValue()">
			<flows>
				<flow isAlias="false" typeChecking="false">
					<from sourceSinkType="Field" AccessPath="[java.lang.Short: short value]"
						AccessPathTypes="[short]" />
					<to sourceSinkType="Return" />
				</flow>
			</flows>
		</method>
		<method id="java.lang.Short decode(java.lang.String)">
			<flows>
				<flow isAlias="false" typeChecking="false">
					<from sourceSinkType="Parameter" ParameterIndex="0" />
					<to sourceSinkType="Return" AccessPath="[java.lang.Short: short value]"
						AccessPathTypes="[short]" />
				</flow>
			</flows>
		</method>
		<method id="double doubleValue()">
			<flows>
				<flow isAlias="false" typeChecking="false">
					<from sourceSinkType="Field" AccessPath="[java.lang.Short: short value]"
						AccessPathTypes="[short]" />
					<to sourceSinkType="Return" />
				</flow>
			</flows>
		</method>
		<method id="float floatValue()">
			<flows>
				<flow isAlias="false" typeChecking="false">
					<from sourceSinkType="Field" AccessPath="[java.lang.Short: short value]"
						AccessPathTypes="[short]" />
					<to sourceSinkType="Return" />
				</flow>
			</flows>
		</method>
		<method id="int intValue()">
			<flows>
				<flow isAlias="false" typeChecking="false">
					<from sourceSinkType="Field" AccessPath="[java.lang.Short: short value]"
						AccessPathTypes="[short]" />
					<to sourceSinkType="Return" />
				</flow>
			</flows>
		</method>
		<method id="long longValue()">
			<flows>
				<flow isAlias="false" typeChecking="false">
					<from sourceSinkType="Field" AccessPath="[java.lang.Short: short value]"
						AccessPathTypes="[short]" />
					<to sourceSinkType="Return" />
				</flow>
			</flows>
		</method>
		<method id="short parseShort(java.lang.String)">
			<flows>
				<flow isAlias="false" typeChecking="false">
					<from sourceSinkType="Parameter" ParameterIndex="0" />
					<to sourceSinkType="Return" AccessPath="[java.lang.Short: short value]"
						AccessPathTypes="[short]" />
				</flow>
			</flows>
		</method>
		<method id="short parseShort(java.lang.String,int)">
			<flows>
				<flow isAlias="false" typeChecking="false">
					<from sourceSinkType="Parameter" ParameterIndex="0" />
					<to sourceSinkType="Return" AccessPath="[java.lang.Short: short value]"
						AccessPathTypes="[short]" />
				</flow>
			</flows>
		</method>
		<method id="short reverseBytes(short)">
			<flows>
				<flow isAlias="false" typeChecking="false">
					<from sourceSinkType="Parameter" ParameterIndex="0" />
					<to sourceSinkType="Return" />
				</flow>
			</flows>
		</method>
		<method id="short shortValue()">
			<flows>
				<flow isAlias="false" typeChecking="false">
					<from sourceSinkType="Field" AccessPath="[java.lang.Short: short value]"
						AccessPathTypes="[short]" />
					<to sourceSinkType="Return" />
				</flow>
			</flows>
		</method>
		<method id="java.lang.String toString()">
			<flows>
				<flow isAlias="false" typeChecking="false">
					<from sourceSinkType="Field" AccessPath="[java.lang.Short: short value]"
						AccessPathTypes="[short]" />
					<to sourceSinkType="Return" />
				</flow>
			</flows>
		</method>
		<method id="java.lang.String toString(short)">
			<flows>
				<flow isAlias="false" typeChecking="false">
					<from sourceSinkType="Parameter" ParameterIndex="0" />
					<to sourceSinkType="Return" />
				</flow>
			</flows>
		</method>
		<method id="java.lang.Short valueOf(short)">
			<flows>
				<flow isAlias="false" typeChecking="false">
					<from sourceSinkType="Parameter" ParameterIndex="0" />
					<to sourceSinkType="Return" AccessPath="[java.lang.Short: java.lang.Short value]"
						AccessPathTypes="[java.lang.Short]" />
				</flow>
			</flows>
		</method>
		<method id="java.lang.Short valueOf(java.lang.String)">
			<flows>
				<flow isAlias="false" typeChecking="false">
					<from sourceSinkType="Parameter" ParameterIndex="0" />
					<to sourceSinkType="Return" AccessPath="[java.lang.Short: java.lang.Short value]"
						AccessPathTypes="[java.lang.Short]" />
				</flow>
			</flows>
		</method>
		<method id="java.lang.Short valueOf(java.lang.String,int)">
			<flows>
				<flow isAlias="false" typeChecking="false">
					<from sourceSinkType="Parameter" ParameterIndex="0" />
					<to sourceSinkType="Return" AccessPath="[java.lang.Short: java.lang.Short value]"
						AccessPathTypes="[java.lang.Short]" />
				</flow>
			</flows>
		</method>
  </methods>
</summary>
