<?xml version="1.0" ?>
<summary fileFormatVersion="101" isExclusive="false">
    <methods>
        <method id="java.lang.String joinToString$default(java.lang.Iterable,java.lang.CharSequence,java.lang.CharSequence,java.lang.CharSequence,int,java.lang.CharSequence,kotlin.jvm.functions.Function1,int,java.lang.Object)">
            <flows>
                <flow isAlias="false" typeChecking="false" cutSubFields="true">
                    <from sourceSinkType="Parameter" ParameterIndex="0"
                          AccessPath="[java.util.Collection: java.lang.Object[] innerArray]"
                          AccessPathTypes="[java.lang.Object[]]" />
                    <to sourceSinkType="Return" />
                </flow>
            </flows>
        </method>
    </methods>
</summary>