<?xml version="1.0" ?>
<summary fileFormatVersion="101">
	<methods>
		<method id="byte[] bytes()">
			<flows>
				<flow isAlias="false" typeChecking="false">
					<from sourceSinkType="Field"
						AccessPath="[okhttp3.ResponseBody: byte[] bytes]"
						AccessPathTypes="[byte[]]" />
					<to sourceSinkType="Return" />
				</flow>
			</flows>
		</method>
		<method id="java.io.InputStream byteStream()">
			<flows>
				<flow isAlias="false" typeChecking="false">
					<from sourceSinkType="Field"
						AccessPath="[okhttp3.ResponseBody: byte[] bytes]"
						AccessPathTypes="[byte[]]" />
					<to sourceSinkType="Return"
						AccessPath="[java.io.InputStream: byte[] innerArray]"
						AccessPathTypes="[byte[]]" />
				</flow>
			</flows>
		</method>
		<method id="java.io.Reader charStream()">
			<flows>
				<flow isAlias="false" typeChecking="false">
					<from sourceSinkType="Field"
						AccessPath="[okhttp3.ResponseBody: byte[] bytes]"
						AccessPathTypes="[byte[]]" />
					<to sourceSinkType="Return"
						AccessPath="[java.io.Reader: byte[] innerArray]"
						AccessPathTypes="[byte[]]" />
				</flow>
			</flows>
		</method>
		<method id="long contentLength()">
			<flows>
				<flow isAlias="false" typeChecking="false">
					<from sourceSinkType="Field"
						AccessPath="[okhttp3.ResponseBody: long contentLength]"
						AccessPathTypes="[long]" />
					<to sourceSinkType="Return" />
				</flow>
			</flows>
		</method>
		<method id="okhttp3.MediaType contentType()">
			<flows>
				<flow isAlias="false" typeChecking="false">
					<from sourceSinkType="Field"
						AccessPath="[okhttp3.ResponseBody: okhttp3.MediaType contentType]"
						AccessPathTypes="[okhttp3.MediaType]" />
					<to sourceSinkType="Return" />
				</flow>
			</flows>
		</method>
		<method id="okhttp3.ResponseBody create(okhttp3.MediaType,byte[])">
			<flows>
				<flow isAlias="false" typeChecking="false">
					<from sourceSinkType="Parameter" ParameterIndex="0" />
					<to sourceSinkType="Field"
						AccessPath="[okhttp3.ResponseBody: okhttp3.MediaType contentType]"
						AccessPathTypes="[okhttp3.MediaType]" />
				</flow>
				<flow isAlias="false" typeChecking="false">
					<from sourceSinkType="Parameter" ParameterIndex="1" />
					<to sourceSinkType="Field"
						AccessPath="[okhttp3.ResponseBody: byte[] bytes]"
						AccessPathTypes="[byte[]]" />
				</flow>
			</flows>
		</method>
		<method id="okhttp3.ResponseBody create(okhttp3.MediaType,okio.ByteString)">
			<flows>
				<flow isAlias="false" typeChecking="false">
					<from sourceSinkType="Parameter" ParameterIndex="0" />
					<to sourceSinkType="Field"
						AccessPath="[okhttp3.ResponseBody: okhttp3.MediaType contentType]"
						AccessPathTypes="[okhttp3.MediaType]" />
				</flow>
				<flow isAlias="false" typeChecking="false">
					<from sourceSinkType="Parameter" ParameterIndex="1"
						AccessPath="[okio.Buffer: byte[] innerArray]"
						AccessPathTypes="[byte[]]" />
					<to sourceSinkType="Field"
						AccessPath="[okhttp3.ResponseBody: byte[] bytes]"
						AccessPathTypes="[byte[]]" />
				</flow>
			</flows>
		</method>
		<method id="okhttp3.ResponseBody create(okhttp3.MediaType,long,okio.BufferedSource)">
			<flows>
				<flow isAlias="false" typeChecking="false">
					<from sourceSinkType="Parameter" ParameterIndex="0" />
					<to sourceSinkType="Field"
						AccessPath="[okhttp3.ResponseBody: okhttp3.MediaType contentType]"
						AccessPathTypes="[okhttp3.MediaType]" />
				</flow>
				<flow isAlias="false" typeChecking="false">
					<from sourceSinkType="Parameter" ParameterIndex="1" />
					<to sourceSinkType="Field"
						AccessPath="[okhttp3.ResponseBody: long contentLength]"
						AccessPathTypes="[long]" />
				</flow>
				<flow isAlias="false" typeChecking="false">
					<from sourceSinkType="Parameter" ParameterIndex="2"
						AccessPath="[okio.Buffer: byte[] innerArray]"
						AccessPathTypes="[byte[]]" />
					<to sourceSinkType="Field"
						AccessPath="[okhttp3.ResponseBody: byte[] bytes]"
						AccessPathTypes="[byte[]]" />
				</flow>
			</flows>
		</method>
		<method id="okhttp3.ResponseBody create(okhttp3.MediaType,java.lang.String)">
			<flows>
				<flow isAlias="false" typeChecking="false">
					<from sourceSinkType="Parameter" ParameterIndex="0" />
					<to sourceSinkType="Field"
						AccessPath="[okhttp3.ResponseBody: okhttp3.MediaType contentType]"
						AccessPathTypes="[okhttp3.MediaType]" />
				</flow>
				<flow isAlias="false" typeChecking="false">
					<from sourceSinkType="Parameter" ParameterIndex="1" />
					<to sourceSinkType="Field"
						AccessPath="[okhttp3.ResponseBody: byte[] bytes]"
						AccessPathTypes="[byte[]]" />
				</flow>
			</flows>
		</method>
		<method id="java.lang.String string()">
			<flows>
				<flow isAlias="false" typeChecking="false">
					<from sourceSinkType="Field"
						AccessPath="[okhttp3.ResponseBody: byte[] bytes]"
						AccessPathTypes="[byte[]]" />
					<to sourceSinkType="Return" />
				</flow>
			</flows>
		</method>
	</methods>
</summary>
