<?xml version="1.0" encoding="UTF-8"?>
<summary fileFormatVersion="101">
	<hierarchy superClass="org.apache.http.client.methods.HttpEntityEnclosingRequestBase">
		<interface name="org.apache.http.HttpEntityEnclosingRequest" />
		<interface name="org.apache.http.HttpMessage" />
		<interface name="org.apache.http.HttpRequest" />
	</hierarchy>
	<methods>
		<method id="void &lt;init&gt;(java.lang.String)">
			<flows>
				<flow isAlias="true" typeChecking="false">
					<from sourceSinkType="Parameter" ParameterIndex="0" />
					<to sourceSinkType="Field"
						AccessPath="[org.apache.http.client.methods.HttpRequestBase: java.lang.String uri]"
						AccessPathTypes="[java.lang.String]" />
				</flow>
			</flows>
		</method>
		<method id="void &lt;init&gt;(java.net.URI)">
			<flows>
				<flow isAlias="true" typeChecking="false">
					<from sourceSinkType="Parameter" ParameterIndex="0" />
					<to sourceSinkType="Field"
						AccessPath="[org.apache.http.client.methods.HttpRequestBase: java.lang.String uri]"
						AccessPathTypes="[java.lang.String]" />
				</flow>
			</flows>
		</method>
		<method id="org.apache.http.RequestLine getRequestLine()">
			<flows>
				<flow isAlias="true" typeChecking="false">
					<from sourceSinkType="Field"
						AccessPath="[org.apache.http.client.methods.HttpRequestBase: java.lang.String uri]"
						AccessPathTypes="[java.lang.String]" />
					<to sourceSinkType="Return"
						AccessPath="[org.apache.http.RequestLine: java.lang.String uri]"
						AccessPathTypes="[java.lang.String]" />
				</flow>
			</flows>
		</method>
		<method id="java.lang.String toString()">
			<flows>
				<flow isAlias="true" typeChecking="false">
					<from sourceSinkType="Field"
						AccessPath="[org.apache.http.client.methods.HttpRequestBase: java.lang.String uri]"
						AccessPathTypes="[java.lang.String]" />
					<to sourceSinkType="Return" />
				</flow>
			</flows>
		</method>
		<method id="java.lang.Object clone()">
			<flows>
				<flow isAlias="true" typeChecking="false">
					<from sourceSinkType="Field" />
					<to sourceSinkType="Return" />
				</flow>
			</flows>
		</method>
	</methods>
</summary>