<?xml version="1.0" ?>
<summary fileFormatVersion="101">
	<methods>
		<method id="void &lt;init&gt;(java.util.Collection)">
			<flows>
				<flow isAlias="false" typeChecking="false">
					<from sourceSinkType="Parameter" ParameterIndex="0"
						AccessPath="[java.util.Collection: java.lang.Object[] innerArray]"
						AccessPathTypes="[java.lang.Object[]]" />
					<to sourceSinkType="Field"
						AccessPath="[org.json.JSONArray: java.lang.Object[] values]"
						AccessPathTypes="[java.lang.Object[]]"/>
				</flow>
			</flows>
		</method>
		<method id="void &lt;init&gt;(java.lang.Object)">
			<flows>
				<flow isAlias="false" typeChecking="false">
					<from sourceSinkType="Parameter" ParameterIndex="0" />
					<to sourceSinkType="Field"
						AccessPath="[org.json.JSONArray: java.lang.Object[] values]"
						AccessPathTypes="[java.lang.Object[]]"/>
				</flow>
			</flows>
		</method>
		<method id="void &lt;init&gt;(java.lang.String)">
			<flows>
				<flow isAlias="false" typeChecking="false">
					<from sourceSinkType="Parameter" ParameterIndex="0" />
					<to sourceSinkType="Field"
						AccessPath="[org.json.JSONArray: java.lang.Object[] values]"
						AccessPathTypes="[java.lang.Object[]]"/>
				</flow>
			</flows>
		</method>
		<method id="java.lang.Object get(int)">
			<flows>
				<flow isAlias="false" typeChecking="false">
					<from sourceSinkType="Field"
						AccessPath="[org.json.JSONArray: java.lang.Object[] values]"
						AccessPathTypes="[java.lang.Object[]]"/>
					<to sourceSinkType="Return" />
				</flow>
			</flows>
		</method>
		<method id="java.math.BigDecimal getBigDecimal(int)">
			<flows>
				<flow isAlias="false" typeChecking="false">
					<from sourceSinkType="Field"
						AccessPath="[org.json.JSONArray: java.lang.Object[] values]"
						AccessPathTypes="[java.lang.Object[]]"/>
					<to sourceSinkType="Return" />
				</flow>
			</flows>
		</method>
		<method id="java.math.BigInteger getBigInteger(int)">
			<flows>
				<flow isAlias="false" typeChecking="false">
					<from sourceSinkType="Field"
						AccessPath="[org.json.JSONArray: java.lang.Object[] values]"
						AccessPathTypes="[java.lang.Object[]]"/>
					<to sourceSinkType="Return" />
				</flow>
			</flows>
		</method>
		<method id="boolean getBoolean(int)">
			<flows>
				<flow isAlias="false" typeChecking="false">
					<from sourceSinkType="Field"
						AccessPath="[org.json.JSONArray: java.lang.Object[] values]"
						AccessPathTypes="[java.lang.Object[]]"/>
					<to sourceSinkType="Return" />
				</flow>
			</flows>
		</method>
		<method id="double getDouble(int)">
			<flows>
				<flow isAlias="false" typeChecking="false">
					<from sourceSinkType="Field"
						AccessPath="[org.json.JSONArray: java.lang.Object[] values]"
						AccessPathTypes="[java.lang.Object[]]"/>
					<to sourceSinkType="Return" />
				</flow>
			</flows>
		</method>
		<method id="java.lang.Enum getEnum(java.lang.Class,int)">
			<flows>
				<flow isAlias="false" typeChecking="false">
					<from sourceSinkType="Field"
						AccessPath="[org.json.JSONArray: java.lang.Object[] values]"
						AccessPathTypes="[java.lang.Object[]]"/>
					<to sourceSinkType="Return" />
				</flow>
			</flows>
		</method>
		<method id="int getInt(int)">
			<flows>
				<flow isAlias="false" typeChecking="false">
					<from sourceSinkType="Field"
						AccessPath="[org.json.JSONArray: java.lang.Object[] values]"
						AccessPathTypes="[java.lang.Object[]]"/>
					<to sourceSinkType="Return" />
				</flow>
			</flows>
		</method>
		<method id="org.json.JSONArray getJSONArray(int)">
			<flows>
				<flow isAlias="false" typeChecking="false">
					<from sourceSinkType="Field" />
					<to sourceSinkType="Return" />
				</flow>
			</flows>
		</method>
		<method id="org.json.JSONObject getJSONObject(int)">
			<flows>
				<flow isAlias="false" typeChecking="false">
					<from sourceSinkType="Field"
						AccessPath="[org.json.JSONArray: java.lang.Object[] values]"
						AccessPathTypes="[java.lang.Object[]]"/>
					<to sourceSinkType="Return"
						AccessPath="[org.json.JSONObject: java.lang.String[] keys]"
						AccessPathTypes="[java.lang.Object[]]"/>
				</flow>
				<flow isAlias="false" typeChecking="false">
					<from sourceSinkType="Field"
						AccessPath="[org.json.JSONArray: java.lang.Object[] values]"
						AccessPathTypes="[java.lang.Object[]]"/>
					<to sourceSinkType="Return"
						AccessPath="[org.json.JSONObject: java.lang.Object[] values]"
						AccessPathTypes="[java.lang.Object[]]"/>
				</flow>
			</flows>
		</method>
		<method id="long getLong(int)">
			<flows>
				<flow isAlias="false" typeChecking="false">
					<from sourceSinkType="Field"
						AccessPath="[org.json.JSONArray: java.lang.Object[] values]"
						AccessPathTypes="[java.lang.Object[]]"/>
					<to sourceSinkType="Return" />
				</flow>
			</flows>
		</method>
		<method id="java.lang.String getString(int)">
			<flows>
				<flow isAlias="false" typeChecking="false">
					<from sourceSinkType="Field"
						AccessPath="[org.json.JSONArray: java.lang.Object[] values]"
						AccessPathTypes="[java.lang.Object[]]"/>
					<to sourceSinkType="Return" />
				</flow>
			</flows>
		</method>
		<method id="java.util.Iterator iterator()">
			<flows>
				<flow isAlias="false" typeChecking="false">
					<from sourceSinkType="Field"
						AccessPath="[org.json.JSONArray: java.lang.Object[] values]"
						AccessPathTypes="[java.lang.Object[]]"/>
					<to sourceSinkType="Return"
						AccessPath="[java.util.Iterator: java.lang.Object innerCollection]"
						AccessPathTypes="[java.lang.Object]" />
				</flow>
			</flows>
		</method>
		<method id="java.lang.String join(java.lang.String)">
			<flows>
				<flow isAlias="false" typeChecking="false">
					<from sourceSinkType="Parameter" ParameterIndex="0" />
					<to sourceSinkType="Return" />
				</flow>
				<flow isAlias="false" typeChecking="false">
					<from sourceSinkType="Field"
						AccessPath="[org.json.JSONArray: java.lang.Object[] values]"
						AccessPathTypes="[java.lang.Object[]]"/>
					<to sourceSinkType="Return" />
				</flow>
			</flows>
		</method>
		<method id="java.lang.Object opt(int)">
			<flows>
				<flow isAlias="false" typeChecking="false">
					<from sourceSinkType="Field"
						AccessPath="[org.json.JSONArray: java.lang.Object[] values]"
						AccessPathTypes="[java.lang.Object[]]"/>
					<to sourceSinkType="Return" />
				</flow>
			</flows>
		</method>
		<method id="java.math.BigDecimal optBigDecimal(int,java.math.BigDecimal)">
			<flows>
				<flow isAlias="false" typeChecking="false">
					<from sourceSinkType="Field"
						AccessPath="[org.json.JSONArray: java.lang.Object[] values]"
						AccessPathTypes="[java.lang.Object[]]"/>
					<to sourceSinkType="Return" />
				</flow>
				<flow isAlias="false" typeChecking="false">
					<from sourceSinkType="Parameter" ParameterIndex="1" />
					<to sourceSinkType="Return" />
				</flow>
			</flows>
		</method>
		<method id="java.math.BigInteger optBigInteger(int,java.math.BigInteger)">
			<flows>
				<flow isAlias="false" typeChecking="false">
					<from sourceSinkType="Field"
						AccessPath="[org.json.JSONArray: java.lang.Object[] values]"
						AccessPathTypes="[java.lang.Object[]]"/>
					<to sourceSinkType="Return" />
				</flow>
				<flow isAlias="false" typeChecking="false">
					<from sourceSinkType="Parameter" ParameterIndex="1" />
					<to sourceSinkType="Return" />
				</flow>
			</flows>
		</method>
		<method id="boolean optBoolean(int)">
			<flows>
				<flow isAlias="false" typeChecking="false">
					<from sourceSinkType="Field"
						AccessPath="[org.json.JSONArray: java.lang.Object[] values]"
						AccessPathTypes="[java.lang.Object[]]"/>
					<to sourceSinkType="Return" />
				</flow>
			</flows>
		</method>
		<method id="boolean optBoolean(int,boolean)">
			<flows>
				<flow isAlias="false" typeChecking="false">
					<from sourceSinkType="Field"
						AccessPath="[org.json.JSONArray: java.lang.Object[] values]"
						AccessPathTypes="[java.lang.Object[]]"/>
					<to sourceSinkType="Return" />
				</flow>
				<flow isAlias="false" typeChecking="false">
					<from sourceSinkType="Parameter" ParameterIndex="1" />
					<to sourceSinkType="Return" />
				</flow>
			</flows>
		</method>
		<method id="double optDouble(int)">
			<flows>
				<flow isAlias="false" typeChecking="false">
					<from sourceSinkType="Field"
						AccessPath="[org.json.JSONArray: java.lang.Object[] values]"
						AccessPathTypes="[java.lang.Object[]]"/>
					<to sourceSinkType="Return" />
				</flow>
			</flows>
		</method>
		<method id="double optDouble(int,double)">
			<flows>
				<flow isAlias="false" typeChecking="false">
					<from sourceSinkType="Field"
						AccessPath="[org.json.JSONArray: java.lang.Object[] values]"
						AccessPathTypes="[java.lang.Object[]]"/>
					<to sourceSinkType="Return" />
				</flow>
				<flow isAlias="false" typeChecking="false">
					<from sourceSinkType="Parameter" ParameterIndex="1" />
					<to sourceSinkType="Return" />
				</flow>
			</flows>
		</method>
		<method id="java.lang.Enum optEnum(java.lang.Class,int)">
			<flows>
				<flow isAlias="false" typeChecking="false">
					<from sourceSinkType="Field"
						AccessPath="[org.json.JSONArray: java.lang.Object[] values]"
						AccessPathTypes="[java.lang.Object[]]"/>
					<to sourceSinkType="Return" />
				</flow>
			</flows>
		</method>
		<method id="java.lang.Enum optEnum(java.lang.Class,int,java.lang.Enum)">
			<flows>
				<flow isAlias="false" typeChecking="false">
					<from sourceSinkType="Field"
						AccessPath="[org.json.JSONArray: java.lang.Object[] values]"
						AccessPathTypes="[java.lang.Object[]]"/>
					<to sourceSinkType="Return" />
				</flow>
				<flow isAlias="false" typeChecking="false">
					<from sourceSinkType="Parameter" ParameterIndex="2" />
					<to sourceSinkType="Return" />
				</flow>
			</flows>
		</method>
		<method id="int optInt(int)">
			<flows>
				<flow isAlias="false" typeChecking="false">
					<from sourceSinkType="Field"
						AccessPath="[org.json.JSONArray: java.lang.Object[] values]"
						AccessPathTypes="[java.lang.Object[]]"/>
					<to sourceSinkType="Return" />
				</flow>
			</flows>
		</method>
		<method id="int optInt(int,int)">
			<flows>
				<flow isAlias="false" typeChecking="false">
					<from sourceSinkType="Field"
						AccessPath="[org.json.JSONArray: java.lang.Object[] values]"
						AccessPathTypes="[java.lang.Object[]]"/>
					<to sourceSinkType="Return" />
				</flow>
				<flow isAlias="false" typeChecking="false">
					<from sourceSinkType="Parameter" ParameterIndex="1" />
					<to sourceSinkType="Return" />
				</flow>
			</flows>
		</method>
		<method id="org.json.JSONArray optJSONArray(int)">
			<flows>
				<flow isAlias="false" typeChecking="false">
					<from sourceSinkType="Field" />
					<to sourceSinkType="Return" />
				</flow>
			</flows>
		</method>
		<method id="org.json.JSONObject optJSONObject(int)">
			<flows>
				<flow isAlias="false" typeChecking="false">
					<from sourceSinkType="Field"
						AccessPath="[org.json.JSONArray: java.lang.Object[] values]"
						AccessPathTypes="[java.lang.Object[]]"/>
					<to sourceSinkType="Return"
						AccessPath="[org.json.JSONObject: java.lang.String[] keys]"
						AccessPathTypes="[java.lang.Object[]]"/>
				</flow>
				<flow isAlias="false" typeChecking="false">
					<from sourceSinkType="Field"
						AccessPath="[org.json.JSONArray: java.lang.Object[] values]"
						AccessPathTypes="[java.lang.Object[]]"/>
					<to sourceSinkType="Return"
						AccessPath="[org.json.JSONObject: java.lang.Object[] values]"
						AccessPathTypes="[java.lang.Object[]]"/>
				</flow>
			</flows>
		</method>
		<method id="long optLong(int)">
			<flows>
				<flow isAlias="false" typeChecking="false">
					<from sourceSinkType="Field"
						AccessPath="[org.json.JSONArray: java.lang.Object[] values]"
						AccessPathTypes="[java.lang.Object[]]"/>
					<to sourceSinkType="Return" />
				</flow>
			</flows>
		</method>
		<method id="long optLong(int,long)">
			<flows>
				<flow isAlias="false" typeChecking="false">
					<from sourceSinkType="Field"
						AccessPath="[org.json.JSONArray: java.lang.Object[] values]"
						AccessPathTypes="[java.lang.Object[]]"/>
					<to sourceSinkType="Return" />
				</flow>
				<flow isAlias="false" typeChecking="false">
					<from sourceSinkType="Parameter" ParameterIndex="1" />
					<to sourceSinkType="Return" />
				</flow>
			</flows>
		</method>
		<method id="java.lang.String optString(int)">
			<flows>
				<flow isAlias="false" typeChecking="false">
					<from sourceSinkType="Field"
						AccessPath="[org.json.JSONArray: java.lang.Object[] values]"
						AccessPathTypes="[java.lang.Object[]]"/>
					<to sourceSinkType="Return" />
				</flow>
			</flows>
		</method>
		<method id="java.lang.String optString(int,java.lang.String)">
			<flows>
				<flow isAlias="false" typeChecking="false">
					<from sourceSinkType="Field"
						AccessPath="[org.json.JSONArray: java.lang.Object[] values]"
						AccessPathTypes="[java.lang.Object[]]"/>
					<to sourceSinkType="Return" />
				</flow>
				<flow isAlias="false" typeChecking="false">
					<from sourceSinkType="Parameter" ParameterIndex="1" />
					<to sourceSinkType="Return" />
				</flow>
			</flows>
		</method>
		<method id="org.json.JSONArray put(boolean)">
			<flows>
				<flow isAlias="false" typeChecking="false">
					<from sourceSinkType="Parameter" ParameterIndex="0" />
					<to sourceSinkType="Field"
						AccessPath="[org.json.JSONArray: java.lang.Object[] values]"
						AccessPathTypes="[java.lang.Object[]]"/>
				</flow>
				<flow isAlias="true">
					<from sourceSinkType="Field" />
					<to sourceSinkType="Return" />
				</flow>
			</flows>
		</method>
		<method id="org.json.JSONArray put(java.util.Collection)">
			<flows>
				<flow isAlias="false" typeChecking="false">
					<from sourceSinkType="Parameter" ParameterIndex="0"
						AccessPath="[java.util.Collection: java.lang.Object[] innerArray]"
						AccessPathTypes="[java.lang.Object[]]" />
					<to sourceSinkType="Field"
						AccessPath="[org.json.JSONArray: java.lang.Object[] values]"
						AccessPathTypes="[java.lang.Object[]]"/>
				</flow>
				<flow isAlias="true">
					<from sourceSinkType="Field" />
					<to sourceSinkType="Return" />
				</flow>
			</flows>
		</method>
		<method id="org.json.JSONArray put(double)">
			<flows>
				<flow isAlias="false" typeChecking="false">
					<from sourceSinkType="Parameter" ParameterIndex="0" />
					<to sourceSinkType="Field"
						AccessPath="[org.json.JSONArray: java.lang.Object[] values]"
						AccessPathTypes="[java.lang.Object[]]"/>
				</flow>
				<flow isAlias="true">
					<from sourceSinkType="Field" />
					<to sourceSinkType="Return" />
				</flow>
			</flows>
		</method>
		<method id="org.json.JSONArray put(int)">
			<flows>
				<flow isAlias="false" typeChecking="false">
					<from sourceSinkType="Parameter" ParameterIndex="0" />
					<to sourceSinkType="Field"
						AccessPath="[org.json.JSONArray: java.lang.Object[] values]"
						AccessPathTypes="[java.lang.Object[]]"/>
				</flow>
				<flow isAlias="true">
					<from sourceSinkType="Field" />
					<to sourceSinkType="Return" />
				</flow>
			</flows>
		</method>
		<method id="org.json.JSONArray put(int,boolean)">
			<flows>
				<flow isAlias="false" typeChecking="false">
					<from sourceSinkType="Parameter" ParameterIndex="1" />
					<to sourceSinkType="Field"
						AccessPath="[org.json.JSONArray: java.lang.Object[] values]"
						AccessPathTypes="[java.lang.Object[]]"/>
				</flow>
				<flow isAlias="true">
					<from sourceSinkType="Field" />
					<to sourceSinkType="Return" />
				</flow>
			</flows>
		</method>
		<method id="org.json.JSONArray put(int,java.util.Collection)">
			<flows>
				<flow isAlias="false" typeChecking="false">
					<from sourceSinkType="Parameter" ParameterIndex="1"
						AccessPath="[java.util.Collection: java.lang.Object[] innerArray]"
						AccessPathTypes="[java.lang.Object[]]" />
					<to sourceSinkType="Field"
						AccessPath="[org.json.JSONArray: java.lang.Object[] values]"
						AccessPathTypes="[java.lang.Object[]]"/>
				</flow>
				<flow isAlias="true">
					<from sourceSinkType="Field" />
					<to sourceSinkType="Return" />
				</flow>
			</flows>
		</method>
		<method id="org.json.JSONArray put(int,double)">
			<flows>
				<flow isAlias="false" typeChecking="false">
					<from sourceSinkType="Parameter" ParameterIndex="1" />
					<to sourceSinkType="Field"
						AccessPath="[org.json.JSONArray: java.lang.Object[] values]"
						AccessPathTypes="[java.lang.Object[]]"/>
				</flow>
				<flow isAlias="true">
					<from sourceSinkType="Field" />
					<to sourceSinkType="Return" />
				</flow>
			</flows>
		</method>
		<method id="org.json.JSONArray put(int,int)">
			<flows>
				<flow isAlias="false" typeChecking="false">
					<from sourceSinkType="Parameter" ParameterIndex="1" />
					<to sourceSinkType="Field"
						AccessPath="[org.json.JSONArray: java.lang.Object[] values]"
						AccessPathTypes="[java.lang.Object[]]"/>
				</flow>
				<flow isAlias="true">
					<from sourceSinkType="Field" />
					<to sourceSinkType="Return" />
				</flow>
			</flows>
		</method>
		<method id="org.json.JSONArray put(int,long)">
			<flows>
				<flow isAlias="false" typeChecking="false">
					<from sourceSinkType="Parameter" ParameterIndex="1" />
					<to sourceSinkType="Field"
						AccessPath="[org.json.JSONArray: java.lang.Object[] values]"
						AccessPathTypes="[java.lang.Object[]]"/>
				</flow>
				<flow isAlias="true">
					<from sourceSinkType="Field" />
					<to sourceSinkType="Return" />
				</flow>
			</flows>
		</method>
		<method id="org.json.JSONArray put(int,java.util.Map)">
			<flows>
				<flow isAlias="false" typeChecking="false">
					<from sourceSinkType="Parameter" ParameterIndex="1"
						AccessPath="[java.util.Map: java.lang.String[] keys]"
						AccessPathTypes="[java.lang.Object[]]" />
					<to sourceSinkType="Field"
						AccessPath="[org.json.JSONArray: java.lang.Object[] values]"
						AccessPathTypes="[java.lang.Object[]]"/>
				</flow>
				<flow isAlias="false" typeChecking="false">
					<from sourceSinkType="Parameter" ParameterIndex="1"
						AccessPath="[java.util.Map: java.lang.Object[] values]"
						AccessPathTypes="[java.lang.Object[]]" />
					<to sourceSinkType="Field"
						AccessPath="[org.json.JSONArray: java.lang.Object[] values]"
						AccessPathTypes="[java.lang.Object[]]"/>
				</flow>
				<flow isAlias="true">
					<from sourceSinkType="Field" />
					<to sourceSinkType="Return" />
				</flow>
			</flows>
		</method>
		<method id="org.json.JSONArray put(int,java.lang.Object)">
			<flows>
				<flow isAlias="false" typeChecking="false">
					<from sourceSinkType="Parameter" ParameterIndex="1" />
					<to sourceSinkType="Field"
						AccessPath="[org.json.JSONArray: java.lang.Object[] values]"
						AccessPathTypes="[java.lang.Object[]]"/>
				</flow>
				<flow isAlias="true">
					<from sourceSinkType="Field" />
					<to sourceSinkType="Return" />
				</flow>
			</flows>
		</method>
		<method id="org.json.JSONArray put(long)">
			<flows>
				<flow isAlias="false" typeChecking="false">
					<from sourceSinkType="Parameter" ParameterIndex="0" />
					<to sourceSinkType="Field"
						AccessPath="[org.json.JSONArray: java.lang.Object[] values]"
						AccessPathTypes="[java.lang.Object[]]"/>
				</flow>
				<flow isAlias="true">
					<from sourceSinkType="Field" />
					<to sourceSinkType="Return" />
				</flow>
			</flows>
		</method>
		<method id="org.json.JSONArray put(java.util.Map)">
			<flows>
				<flow isAlias="false" typeChecking="false">
					<from sourceSinkType="Parameter" ParameterIndex="0"
						AccessPath="[java.util.Map: java.lang.String[] keys]"
						AccessPathTypes="[java.lang.Object[]]" />
					<to sourceSinkType="Field"
						AccessPath="[org.json.JSONArray: java.lang.Object[] values]"
						AccessPathTypes="[java.lang.Object[]]"/>
				</flow>
				<flow isAlias="false" typeChecking="false">
					<from sourceSinkType="Parameter" ParameterIndex="0"
						AccessPath="[java.util.Map: java.lang.Object[] values]"
						AccessPathTypes="[java.lang.Object[]]" />
					<to sourceSinkType="Field"
						AccessPath="[org.json.JSONArray: java.lang.Object[] values]"
						AccessPathTypes="[java.lang.Object[]]"/>
				</flow>
				<flow isAlias="true">
					<from sourceSinkType="Field" />
					<to sourceSinkType="Return" />
				</flow>
			</flows>
		</method>
		<method id="org.json.JSONArray put(java.lang.Object)">
			<flows>
				<flow isAlias="false" typeChecking="false">
					<from sourceSinkType="Parameter" ParameterIndex="0" />
					<to sourceSinkType="Field"
						AccessPath="[org.json.JSONArray: java.lang.Object[] values]"
						AccessPathTypes="[java.lang.Object[]]"/>
				</flow>
				<flow isAlias="true">
					<from sourceSinkType="Field" />
					<to sourceSinkType="Return" />
				</flow>
			</flows>
		</method>
		<method id="java.lang.Object remove(int)">
			<flows>
				<flow isAlias="false" typeChecking="false">
					<from sourceSinkType="Field"
						AccessPath="[org.json.JSONArray: java.lang.Object[] values]"
						AccessPathTypes="[java.lang.Object[]]"/>
					<to sourceSinkType="Return" />
				</flow>
			</flows>
		</method>
		<method id="org.json.JSONObject toJSONObject(org.json.JSONArray)">
			<flows>
				<flow isAlias="false" typeChecking="false">
					<from sourceSinkType="Field"
						AccessPath="[org.json.JSONArray: java.lang.Object[] values]"
						AccessPathTypes="[java.lang.Object[]]"/>
					<to sourceSinkType="Return"
						AccessPath="[org.json.JSONObject: java.lang.Object[] values]"
						AccessPathTypes="[java.lang.Object[]]" />
				</flow>
				<flow isAlias="false" typeChecking="false">
					<from sourceSinkType="Parameter" ParameterIndex="0"
						AccessPath="[org.json.JSONArray: java.lang.Object[] values]"
						AccessPathTypes="[java.lang.Object[]]"/>
					<to sourceSinkType="Return"
						AccessPath="[org.json.JSONObject: java.lang.String[] keys]"
						AccessPathTypes="[java.lang.Object[]]" />
				</flow>
			</flows>
		</method>
		<method id="java.lang.String toString()">
			<flows>
				<flow isAlias="false" typeChecking="false">
					<from sourceSinkType="Field"
						AccessPath="[org.json.JSONArray: java.lang.Object[] values]"
						AccessPathTypes="[java.lang.Object[]]"/>
					<to sourceSinkType="Return" />
				</flow>
			</flows>
		</method>
		<method id="java.lang.String toString(int)">
			<flows>
				<flow isAlias="false" typeChecking="false">
					<from sourceSinkType="Field"
						AccessPath="[org.json.JSONArray: java.lang.Object[] values]"
						AccessPathTypes="[java.lang.Object[]]"/>
					<to sourceSinkType="Return" />
				</flow>
			</flows>
		</method>
	</methods>
</summary>
