<?xml version="1.0" ?>
<summary fileFormatVersion="101">
	<hierarchy superClass="java.lang.Object" />
	<methods>
		<method id="void &lt;init&gt;(java.lang.String,java.lang.String)">
			<flows>
				<flow isAlias="false" typeChecking="false">
					<from sourceSinkType="Parameter" ParameterIndex="0" />
					<to sourceSinkType="Field" AccessPath="[org.apache.http.message.BasicNameValuePair: java.lang.String name]"
						AccessPathTypes="[java.lang.String]" />
				</flow>
				<flow isAlias="false" typeChecking="false">
					<from sourceSinkType="Parameter" ParameterIndex="1" />
					<to sourceSinkType="Field" AccessPath="[org.apache.http.message.BasicNameValuePair: java.lang.String value]"
						AccessPathTypes="[java.lang.String]" />
				</flow>
			</flows>
		</method>
		<method id="java.lang.String getName()">
			<flows>
				<flow isAlias="false" typeChecking="false">
					<from sourceSinkType="Field" AccessPath="[org.apache.http.message.BasicNameValuePair: java.lang.String name]"
						AccessPathTypes="[java.lang.String]" />
					<to sourceSinkType="Return" />
				</flow>
			</flows>
		</method>
		<method id="java.lang.String getValue()">
			<flows>
				<flow isAlias="false" typeChecking="false">
					<from sourceSinkType="Field" AccessPath="[org.apache.http.message.BasicNameValuePair: java.lang.String value]"
						AccessPathTypes="[java.lang.String]" />
					<to sourceSinkType="Return" />
				</flow>
			</flows>
		</method>
		<method id="java.lang.String toString()">
			<flows>
				<flow isAlias="false" typeChecking="false">
					<from sourceSinkType="Field" AccessPath="[org.apache.http.message.BasicNameValuePair: java.lang.String name]"
						AccessPathTypes="[java.lang.String]" />
					<to sourceSinkType="Return" />
				</flow>
				<flow isAlias="false" typeChecking="false">
					<from sourceSinkType="Field" AccessPath="[org.apache.http.message.BasicNameValuePair: java.lang.String value]"
						AccessPathTypes="[java.lang.String]" />
					<to sourceSinkType="Return" />
				</flow>
			</flows>
		</method>
  </methods>
</summary>
