<?xml version="1.0" ?>
<summary fileFormatVersion="101">
	<methods>
		<method id="org.xml.sax.ContentHandler getContentHandler()">
			<flows>
				<flow isAlias="false" typeChecking="false">
					<from sourceSinkType="Field"
						AccessPath="[org.xml.sax.XMLReader: org.xml.sax.ContentHandler contentHandler]"
						AccessPathTypes="[org.xml.sax.ContentHandler]" />
					<to sourceSinkType="Return" />
				</flow>
			</flows>
		</method>
		<method id="org.xml.sax.DTDHandler getDTDHandler()">
			<flows>
				<flow isAlias="false" typeChecking="false">
					<from sourceSinkType="Field"
						AccessPath="[org.xml.sax.XMLReader: org.xml.sax.DTDHandler dtdHandler]"
						AccessPathTypes="[org.xml.sax.DTDHandler]" />
					<to sourceSinkType="Return" />
				</flow>
			</flows>
		</method>
		<method id="org.xml.sax.EntityResolver getEntityResolver()">
			<flows>
				<flow isAlias="false" typeChecking="false">
					<from sourceSinkType="Field"
						AccessPath="[org.xml.sax.XMLReader: org.xml.sax.EntityResolver entityResolver]"
						AccessPathTypes="[org.xml.sax.EntityResolver]" />
					<to sourceSinkType="Return" />
				</flow>
			</flows>
		</method>
		<method id="org.xml.sax.ErrorHandler getErrorHandler()">
			<flows>
				<flow isAlias="false" typeChecking="false">
					<from sourceSinkType="Field"
						AccessPath="[org.xml.sax.XMLReader: org.xml.sax.ErrorHandler errorHandler]"
						AccessPathTypes="[org.xml.sax.ErrorHandler]" />
					<to sourceSinkType="Return" />
				</flow>
			</flows>
		</method>
		<method id="boolean getFeature(java.lang.String)">
			<flows>
				<flow isAlias="false" typeChecking="false">
					<from sourceSinkType="Field"
						AccessPath="[org.xml.sax.XMLReader: boolean[] featureValues]"
						AccessPathTypes="[boolean[]]" />
					<to sourceSinkType="Return" />
				</flow>
			</flows>
		</method>
		<method id="java.lang.Object getProperty(java.lang.String)">
			<flows>
				<flow isAlias="false" typeChecking="false">
					<from sourceSinkType="Field"
						AccessPath="[org.xml.sax.XMLReader: java.lang.Object[] propertyValues]"
						AccessPathTypes="[java.lang.Object[]]" />
					<to sourceSinkType="Return" />
				</flow>
			</flows>
		</method>
		<method id="org.xml.sax.ContentHandler setContentHandler()">
			<flows>
				<flow isAlias="false" typeChecking="false">
					<from sourceSinkType="Parameter" ParameterIndex="0" />
					<to sourceSinkType="Field"
						AccessPath="[org.xml.sax.XMLReader: org.xml.sax.ContentHandler contentHandler]"
						AccessPathTypes="[org.xml.sax.ContentHandler]" />
				</flow>
			</flows>
		</method>
		<method id="org.xml.sax.DTDHandler getDTDHandler()">
			<flows>
				<flow isAlias="false" typeChecking="false">
					<from sourceSinkType="Parameter" ParameterIndex="0" />
					<to sourceSinkType="Field"
						AccessPath="[org.xml.sax.XMLReader: org.xml.sax.DTDHandler dtdHandler]"
						AccessPathTypes="[org.xml.sax.DTDHandler]" />
				</flow>
			</flows>
		</method>
		<method id="org.xml.sax.EntityResolver getEntityResolver()">
			<flows>
				<flow isAlias="false" typeChecking="false">
					<from sourceSinkType="Parameter" ParameterIndex="0" />
					<to sourceSinkType="Field"
						AccessPath="[org.xml.sax.XMLReader: org.xml.sax.EntityResolver entityResolver]"
						AccessPathTypes="[org.xml.sax.EntityResolver]" />
				</flow>
			</flows>
		</method>
		<method id="org.xml.sax.ErrorHandler getErrorHandler()">
			<flows>
				<flow isAlias="false" typeChecking="false">
					<from sourceSinkType="Parameter" ParameterIndex="0" />
					<to sourceSinkType="Field"
						AccessPath="[org.xml.sax.XMLReader: org.xml.sax.ErrorHandler errorHandler]"
						AccessPathTypes="[org.xml.sax.ErrorHandler]" />
				</flow>
			</flows>
		</method>
		<method id="void setFeature(java.lang.String,boolean)">
			<flows>
				<flow isAlias="false" typeChecking="false">
					<from sourceSinkType="Parameter" ParameterIndex="0" />
					<to sourceSinkType="Field"
						AccessPath="[org.xml.sax.XMLReader: java.lang.String[] featureKeys]"
						AccessPathTypes="[java.lang.String[]]" />
				</flow>
				<flow isAlias="false" typeChecking="false">
					<from sourceSinkType="Parameter" ParameterIndex="1" />
					<to sourceSinkType="Field"
						AccessPath="[org.xml.sax.XMLReader: boolean[] featureValues]"
						AccessPathTypes="[boolean[]]" />
				</flow>
			</flows>
		</method>
		<method id="void getProperty(java.lang.String,java.lang.Object)">
			<flows>
				<flow isAlias="false" typeChecking="false">
					<from sourceSinkType="Parameter" ParameterIndex="0" />
					<to sourceSinkType="Field"
						AccessPath="[org.xml.sax.XMLReader: java.lang.String[] propertyKeys]"
						AccessPathTypes="[java.lang.String[]]" />
				</flow>
				<flow isAlias="false" typeChecking="false">
					<from sourceSinkType="Parameter" ParameterIndex="1" />
					<to sourceSinkType="Field"
						AccessPath="[org.xml.sax.XMLReader: java.lang.Object[] propertyValues]"
						AccessPathTypes="[java.lang.Object[]]" />
				</flow>
			</flows>
		</method>
	</methods>
</summary>
