<?xml version="1.0" ?>
<summary fileFormatVersion="101">
	<methods>
		<method id="void &lt;input&gt;(java.io.InputStream)">
			<flows>
				<flow isAlias="false" typeChecking="false">
					<from sourceSinkType="Parameter" ParameterIndex="0" />
					<to sourceSinkType="Field"
						AccessPath="[org.xml.sax.InputSource: java.io.InputStream byteStream]"
						AccessPathTypes="[java.io.InputStream]" />
				</flow>
			</flows>
		</method>
		<method id="void &lt;input&gt;(java.io.Reader)">
			<flows>
				<flow isAlias="false" typeChecking="false">
					<from sourceSinkType="Parameter" ParameterIndex="0" />
					<to sourceSinkType="Field"
						AccessPath="[org.xml.sax.InputSource: java.io.Reader characterStream]"
						AccessPathTypes="[java.io.Reader]" />
				</flow>
			</flows>
		</method>
		<method id="void &lt;input&gt;(java.lang.String)">
			<flows>
				<flow isAlias="false" typeChecking="false">
					<from sourceSinkType="Parameter" ParameterIndex="0" />
					<to sourceSinkType="Field"
						AccessPath="[org.xml.sax.InputSource: java.lang.String systemId]"
						AccessPathTypes="[java.lang.String]" />
				</flow>
			</flows>
		</method>
		<method id="java.io.InputStream getByteStream()">
			<flows>
				<flow isAlias="false" typeChecking="false">
					<from sourceSinkType="Field"
						AccessPath="[org.xml.sax.InputSource: java.io.InputStream byteStream]"
						AccessPathTypes="[java.io.InputStream]" />
					<to sourceSinkType="Return" />
				</flow>
			</flows>
		</method>
		<method id="java.io.Reader getCharacterStream()">
			<flows>
				<flow isAlias="false" typeChecking="false">
					<from sourceSinkType="Field"
						AccessPath="[org.xml.sax.InputSource: java.io.Reader characterStream]"
						AccessPathTypes="[java.io.Reader]" />
					<to sourceSinkType="Return" />
				</flow>
			</flows>
		</method>
		<method id="java.lang.String getEncoding()">
			<flows>
				<flow isAlias="false" typeChecking="false">
					<from sourceSinkType="Field"
						AccessPath="[org.xml.sax.InputSource: java.lang.String encoding]"
						AccessPathTypes="[java.lang.String]" />
					<to sourceSinkType="Return" />
				</flow>
			</flows>
		</method>
		<method id="java.lang.String getPublicId()">
			<flows>
				<flow isAlias="false" typeChecking="false">
					<from sourceSinkType="Field"
						AccessPath="[org.xml.sax.InputSource: java.lang.String publicId]"
						AccessPathTypes="[java.lang.String]" />
					<to sourceSinkType="Return" />
				</flow>
			</flows>
		</method>
		<method id="java.lang.String getSystemId()">
			<flows>
				<flow isAlias="false" typeChecking="false">
					<from sourceSinkType="Field"
						AccessPath="[org.xml.sax.InputSource: java.lang.String systemId]"
						AccessPathTypes="[java.lang.String]" />
					<to sourceSinkType="Return" />
				</flow>
			</flows>
		</method>
		<method id="void setByteStream(java.io.InputStream)">
			<flows>
				<flow isAlias="false" typeChecking="false">
					<from sourceSinkType="Parameter" ParameterIndex="0" />
					<to sourceSinkType="Field"
						AccessPath="[org.xml.sax.InputSource: java.io.InputStream byteStream]"
						AccessPathTypes="[java.io.InputStream]" />
				</flow>
			</flows>
		</method>
		<method id="void setCharacterStream(java.io.Reader)">
			<flows>
				<flow isAlias="false" typeChecking="false">
					<from sourceSinkType="Parameter" ParameterIndex="0" />
					<to sourceSinkType="Field"
						AccessPath="[org.xml.sax.InputSource: java.io.Reader characterStream]"
						AccessPathTypes="[java.io.Reader]" />
				</flow>
			</flows>
		</method>
		<method id="void setEncoding(java.lang.String)">
			<flows>
				<flow isAlias="false" typeChecking="false">
					<from sourceSinkType="Parameter" ParameterIndex="0" />
					<to sourceSinkType="Field"
						AccessPath="[org.xml.sax.InputSource: java.lang.String encoding]"
						AccessPathTypes="[java.lang.String]" />
				</flow>
			</flows>
		</method>
		<method id="void setPublicId(java.lang.String)">
			<flows>
				<flow isAlias="false" typeChecking="false">
					<from sourceSinkType="Parameter" ParameterIndex="0" />
					<to sourceSinkType="Field"
						AccessPath="[org.xml.sax.InputSource: java.lang.String publicId]"
						AccessPathTypes="[java.lang.String]" />
				</flow>
			</flows>
		</method>
		<method id="void setSystemId(java.lang.String)">
			<flows>
				<flow isAlias="false" typeChecking="false">
					<from sourceSinkType="Parameter" ParameterIndex="0" />
					<to sourceSinkType="Field"
						AccessPath="[org.xml.sax.InputSource: java.lang.String systemId]"
						AccessPathTypes="[java.lang.String]" />
				</flow>
			</flows>
		</method>
	</methods>
</summary>
