<?xml version="1.0" ?>
<summary fileFormatVersion="101">
	<methods>
		<method id="void &lt;init&gt;(java.lang.String)">
			<flows>
				<flow isAlias="false" typeChecking="false">
					<from sourceSinkType="Parameter" ParameterIndex="0" />
					<to sourceSinkType="Field"
						AccessPath="[org.apache.http.entity.StringEntity: java.lang.String content]"
						AccessPathTypes="[java.lang.String]" />
				</flow>
			</flows>
		</method>
		<method id="void &lt;init&gt;(java.lang.String,java.nio.charset.Charset)">
			<flows>
				<flow isAlias="false" typeChecking="false">
					<from sourceSinkType="Parameter" ParameterIndex="0" />
					<to sourceSinkType="Field"
						AccessPath="[org.apache.http.entity.StringEntity: java.lang.String content]"
						AccessPathTypes="[java.lang.String]" />
				</flow>
			</flows>
		</method>
		<method id="void &lt;init&gt;(java.lang.String,org.apache.http.entity.ContentType)">
			<flows>
				<flow isAlias="false" typeChecking="false">
					<from sourceSinkType="Parameter" ParameterIndex="0" />
					<to sourceSinkType="Field"
						AccessPath="[org.apache.http.entity.StringEntity: java.lang.String content]"
						AccessPathTypes="[java.lang.String]" />
				</flow>
				<flow isAlias="false" typeChecking="false">
					<from sourceSinkType="Parameter" ParameterIndex="1" />
					<to sourceSinkType="Field"
						AccessPath="[org.apache.http.entity.StringEntity: org.apache.http.entity.ContentType contentType]"
						AccessPathTypes="[org.apache.http.entity.ContentType]" />
				</flow>
			</flows>
		</method>
		<method id="void &lt;init&gt;(java.lang.String,java.lang.String)">
			<flows>
				<flow isAlias="false" typeChecking="false">
					<from sourceSinkType="Parameter" ParameterIndex="0" />
					<to sourceSinkType="Field"
						AccessPath="[org.apache.http.entity.StringEntity: java.lang.String content]"
						AccessPathTypes="[java.lang.String]" />
				</flow>
			</flows>
		</method>
		<method id="void &lt;init&gt;(java.lang.String,java.lang.String,java.lang.String)">
			<flows>
				<flow isAlias="false" typeChecking="false">
					<from sourceSinkType="Parameter" ParameterIndex="0" />
					<to sourceSinkType="Field"
						AccessPath="[org.apache.http.entity.StringEntity: java.lang.String content]"
						AccessPathTypes="[java.lang.String]" />
				</flow>
			</flows>
		</method>
		<method id="java.lang.Object clone()">
			<flows>
				<flow isAlias="false" typeChecking="false">
					<from sourceSinkType="Field" />
					<to sourceSinkType="Return" />
				</flow>
			</flows>
		</method>
		<method id="java.io.InputStream getContent()">
			<flows>
				<flow isAlias="false" typeChecking="false">
					<from sourceSinkType="Field"
						AccessPath="[org.apache.http.entity.StringEntity: java.lang.String content]"
						AccessPathTypes="[java.lang.String]" />
					<to sourceSinkType="Return"
						AccessPath="[java.io.InputStream: byte[] innerArray]"
						AccessPathTypes="[byte[]]" />
				</flow>
			</flows>
		</method>
		<method id="void writeTo(java.io.OutputStream)">
			<flows>
				<flow isAlias="false" typeChecking="false">
					<from sourceSinkType="Field"
						AccessPath="[org.apache.http.entity.StringEntity: java.lang.String content]"
						AccessPathTypes="[java.lang.String]" />
					<to sourceSinkType="Parameter" ParameterIndex="0"
						AccessPath="[java.io.OutputStream: byte[] innerArray]"
						AccessPathTypes="[byte[]]" />
				</flow>
			</flows>
		</method>
		<method id="void setChunked(boolean)">
			<flows>
				<flow isAlias="false" typeChecking="false">
					<from sourceSinkType="Parameter" ParameterIndex="0" />
					<to sourceSinkType="Field"
						AccessPath="[org.apache.http.entity.AbstractHttpEntity: boolean chunked]"
						AccessPathTypes="[boolean]" />
				</flow>
			</flows>
		</method>
		<method id="boolean isChunked()">
			<flows>
				<flow isAlias="false" typeChecking="false">
					<from sourceSinkType="Field"
						AccessPath="[org.apache.http.entity.AbstractHttpEntity: boolean chunked]"
						AccessPathTypes="[boolean]" />
					<to sourceSinkType="Return" />
				</flow>
			</flows>
		</method>
	</methods>
</summary>
