<?xml version="1.0" ?>
<summary fileFormatVersion="101">
	<methods>
		<method id="java.lang.String getContentAsString()">
			<flows>
				<flow isAlias="false" typeChecking="false">
					<from sourceSinkType="Field"
						AccessPath="[org.eclipse.jetty.client.api.ContentResponse: byte[] bytes]"
						AccessPathTypes="[byte[]]" />
					<to sourceSinkType="Return" />
				</flow>
			</flows>
		</method>
		<method id="byte[] getContent()">
			<flows>
				<flow isAlias="false" typeChecking="false">
					<from sourceSinkType="Field"
						AccessPath="[org.eclipse.jetty.client.api.ContentResponse: byte[] bytes]"
						AccessPathTypes="[byte[]]" />
					<to sourceSinkType="Return" />
				</flow>
			</flows>
		</method>
	</methods>
</summary>
