<?xml version="1.0" ?>
<summary fileFormatVersion="101">
	<methods>
		<method id="void &lt;init&gt;(java.lang.String)">
			<flows>
				<flow isAlias="false" typeChecking="false">
					<from sourceSinkType="Parameter" ParameterIndex="0" />
					<to sourceSinkType="Field"
						AccessPath="[org.json.JSONObject: java.lang.String[] keys]"
						AccessPathTypes="[java.lang.Object[]]" />
				</flow>
				<flow isAlias="false" typeChecking="false">
					<from sourceSinkType="Parameter" ParameterIndex="0" />
					<to sourceSinkType="Field"
						AccessPath="[org.json.JSONObject: java.lang.Object[] values]"
						AccessPathTypes="[java.lang.Object[]]" />
				</flow>
			</flows>
		</method>
		<method id="void &lt;init&gt;(java.util.Map)">
			<flows>
				<flow isAlias="false" typeChecking="false">
					<from sourceSinkType="Parameter" ParameterIndex="0"
						AccessPath="[java.util.Map: java.lang.Object[] keys]"
						AccessPathTypes="[java.lang.Object[]]" />
					<to sourceSinkType="Field"
						AccessPath="[org.json.JSONObject: java.lang.String[] keys]"
						AccessPathTypes="[java.lang.Object[]]" />
				</flow>
				<flow isAlias="false" typeChecking="false">
					<from sourceSinkType="Parameter" ParameterIndex="0"
						AccessPath="[java.util.Map: java.lang.Object[] values]"
						AccessPathTypes="[java.lang.Object[]]" />
					<to sourceSinkType="Field"
						AccessPath="[org.json.JSONObject: java.lang.Object[] values]"
						AccessPathTypes="[java.lang.Object[]]" />
				</flow>
			</flows>
		</method>
		<method id="void &lt;init&gt;(org.json.JSONObject,java.util.Map)">
			<flows>
				<flow isAlias="false" typeChecking="false">
					<from sourceSinkType="Parameter" ParameterIndex="0"
						AccessPath="[org.json.JSONObject: java.lang.String[] keys]"
						AccessPathTypes="[java.lang.Object[]]" />
					<to sourceSinkType="Field"
						AccessPath="[org.json.JSONObject: java.lang.String[] keys]"
						AccessPathTypes="[java.lang.Object[]]" />
				</flow>
				<flow isAlias="false" typeChecking="false">
					<from sourceSinkType="Parameter" ParameterIndex="0"
						AccessPath="[org.json.JSONObject: java.lang.String[] values]"
						AccessPathTypes="[java.lang.Object[]]" />
					<to sourceSinkType="Field"
						AccessPath="[org.json.JSONObject: java.lang.String[] values]"
						AccessPathTypes="[java.lang.Object[]]" />
				</flow>
			</flows>
		</method>
		<method id="org.json.JSONObject accumulate(java.lang.String,java.lang.Object)">
			<flows>
				<flow isAlias="false" typeChecking="false">
					<from sourceSinkType="Parameter" ParameterIndex="0" />
					<to sourceSinkType="Field"
						AccessPath="[org.json.JSONObject: java.lang.String[] keys]"
						AccessPathTypes="[java.lang.Object[]]" />
				</flow>
				<flow isAlias="false" typeChecking="false">
					<from sourceSinkType="Parameter" ParameterIndex="1" />
					<to sourceSinkType="Field"
						AccessPath="[org.json.JSONObject: java.lang.Object[] values]"
						AccessPathTypes="[java.lang.Object[]]" />
				</flow>
				<flow isAlias="true">
					<from sourceSinkType="Field" />
					<to sourceSinkType="Return" />
				</flow>
			</flows>
		</method>
		<method id="org.json.JSONObject append(java.lang.String,java.lang.Object)">
			<flows>
				<flow isAlias="false" typeChecking="false">
					<from sourceSinkType="Parameter" ParameterIndex="0" />
					<to sourceSinkType="Field"
						AccessPath="[org.json.JSONObject: java.lang.String[] keys]"
						AccessPathTypes="[java.lang.Object[]]" />
				</flow>
				<flow isAlias="false" typeChecking="false">
					<from sourceSinkType="Parameter" ParameterIndex="1" />
					<to sourceSinkType="Field"
						AccessPath="[org.json.JSONObject: java.lang.Object[] values]"
						AccessPathTypes="[java.lang.Object[]]" />
				</flow>
				<flow isAlias="true">
					<from sourceSinkType="Field" />
					<to sourceSinkType="Return" />
				</flow>
			</flows>
		</method>
		<method id="java.lang.String doubleToString(double)">
			<flows>
				<flow isAlias="false" typeChecking="false">
					<from sourceSinkType="Parameter" ParameterIndex="0" />
					<to sourceSinkType="Return" />
				</flow>
			</flows>
		</method>
		<method id="java.lang.Object get(java.lang.String)">
			<flows>
				<flow isAlias="false" typeChecking="false">
					<from sourceSinkType="Field"
						AccessPath="[org.json.JSONObject: java.lang.Object[] values]"
						AccessPathTypes="[java.lang.Object[]]"/>
					<to sourceSinkType="Return" />
				</flow>
			</flows>
		</method>
		<method id="java.math.BigDecimal getBigDecimal(java.lang.String)">
			<flows>
				<flow isAlias="false" typeChecking="false">
					<from sourceSinkType="Field"
						AccessPath="[org.json.JSONObject: java.lang.Object[] values]"
						AccessPathTypes="[java.lang.Object[]]"/>
					<to sourceSinkType="Return" />
				</flow>
			</flows>
		</method>
		<method id="java.math.BigInteger getBigInteger(java.lang.String)">
			<flows>
				<flow isAlias="false" typeChecking="false">
					<from sourceSinkType="Field"
						AccessPath="[org.json.JSONObject: java.lang.Object[] values]"
						AccessPathTypes="[java.lang.Object[]]"/>
					<to sourceSinkType="Return" />
				</flow>
			</flows>
		</method>
		<method id="boolean getBoolean(java.lang.String)">
			<flows>
				<flow isAlias="false" typeChecking="false">
					<from sourceSinkType="Field"
						AccessPath="[org.json.JSONObject: java.lang.Object[] values]"
						AccessPathTypes="[java.lang.Object[]]"/>
					<to sourceSinkType="Return" />
				</flow>
			</flows>
		</method>
		<method id="double getDouble(java.lang.String)">
			<flows>
				<flow isAlias="false" typeChecking="false">
					<from sourceSinkType="Field"
						AccessPath="[org.json.JSONObject: java.lang.Object[] values]"
						AccessPathTypes="[java.lang.Object[]]"/>
					<to sourceSinkType="Return" />
				</flow>
			</flows>
		</method>
		<method id="java.lang.Enum getEnum(java.lang.Class,java.lang.String)">
			<flows>
				<flow isAlias="false" typeChecking="false">
					<from sourceSinkType="Field"
						AccessPath="[org.json.JSONObject: java.lang.Object[] values]"
						AccessPathTypes="[java.lang.Object[]]"/>
					<to sourceSinkType="Return" />
				</flow>
			</flows>
		</method>
		<method id="int getInt(java.lang.String)">
			<flows>
				<flow isAlias="false" typeChecking="false">
					<from sourceSinkType="Field"
						AccessPath="[org.json.JSONObject: java.lang.Object[] values]"
						AccessPathTypes="[java.lang.Object[]]"/>
					<to sourceSinkType="Return" />
				</flow>
			</flows>
		</method>
		<method id="org.json.JSONArray getJSONArray(java.lang.String)">
			<flows>
				<flow isAlias="false" typeChecking="false">
					<from sourceSinkType="Field"
						AccessPath="[org.json.JSONObject: java.lang.Object[] values]"
						AccessPathTypes="[java.lang.Object[]]"/>
					<to sourceSinkType="Return"
						AccessPath="[org.json.JSONArray: java.lang.Object[] values]"
						AccessPathTypes="[java.lang.Object[]]"/>
				</flow>
			</flows>
		</method>
		<method id="org.json.JSONObject getJSONObject(java.lang.String)">
			<flows>
				<flow isAlias="false" typeChecking="false">
					<from sourceSinkType="Field" />
					<to sourceSinkType="Return" />
				</flow>
			</flows>
		</method>
		<method id="long getLong(java.lang.String)">
			<flows>
				<flow isAlias="false" typeChecking="false">
					<from sourceSinkType="Field"
						AccessPath="[org.json.JSONObject: java.lang.Object[] values]"
						AccessPathTypes="[java.lang.Object[]]"/>
					<to sourceSinkType="Return" />
				</flow>
			</flows>
		</method>
		<method id="java.lang.String[] getNames(org.json.JSONObject)">
			<flows>
				<flow isAlias="false" typeChecking="false">
					<from sourceSinkType="Parameter" ParameterIndex="0"
						AccessPath="[org.json.JSONObject: java.lang.String[] keys]"
						AccessPathTypes="[java.lang.Object[]]"/>
					<to sourceSinkType="Return" />
				</flow>
			</flows>
		</method>
		<method id="java.lang.String[] getNames(java.lang.Object)">
			<flows>
				<flow isAlias="false" typeChecking="false">
					<from sourceSinkType="Parameter" ParameterIndex="0"
						AccessPath="[org.json.JSONObject: java.lang.String[] keys]"
						AccessPathTypes="[java.lang.Object[]]"/>
					<to sourceSinkType="Return" />
				</flow>
			</flows>
		</method>
		<method id="java.lang.String getString(java.lang.String)">
			<flows>
				<flow isAlias="false" typeChecking="false">
					<from sourceSinkType="Field"
						AccessPath="[org.json.JSONObject: java.lang.Object[] values]"
						AccessPathTypes="[java.lang.Object[]]"/>
					<to sourceSinkType="Return" />
				</flow>
			</flows>
		</method>
		<method id="org.json.JSONObject increment(java.lang.String)">
			<flows>
				<flow isAlias="true">
					<from sourceSinkType="Field" />
					<to sourceSinkType="Return" />
				</flow>
			</flows>
		</method>
		<method id="java.util.Iterator keys(org.json.JSONObject)">
			<flows>
				<flow isAlias="false" typeChecking="false">
					<from sourceSinkType="Parameter" ParameterIndex="0"
						AccessPath="[org.json.JSONObject: java.lang.String[] keys]"
						AccessPathTypes="[java.lang.Object[]]"/>
					<to sourceSinkType="Return"
						AccessPath="[java.util.Iterator: java.lang.Object innerCollection]"
						AccessPathTypes="[java.lang.Object]" />
				</flow>
			</flows>
		</method>
		<method id="java.util.Set keySet(org.json.JSONObject)">
			<flows>
				<flow isAlias="false" typeChecking="false">
					<from sourceSinkType="Parameter" ParameterIndex="0"
						AccessPath="[org.json.JSONObject: java.lang.String[] keys]"
						AccessPathTypes="[java.lang.Object[]]"/>
					<to sourceSinkType="Return"
						AccessPath="[java.util.Collection: java.lang.Object[] innerArray]"
						AccessPathTypes="[java.lang.Object[]]" />
				</flow>
			</flows>
		</method>
		<method id="org.json.JSONArray names(org.json.JSONObject)">
			<flows>
				<flow isAlias="false" typeChecking="false">
					<from sourceSinkType="Parameter" ParameterIndex="0"
						AccessPath="[org.json.JSONObject: java.lang.String[] keys]"
						AccessPathTypes="[java.lang.Object[]]"/>
					<to sourceSinkType="Return"
						AccessPath="[org.json.JSONArray: java.lang.Object[] values]"
						AccessPathTypes="[java.lang.Object[]]"/>
				</flow>
			</flows>
		</method>
		<method id="java.lang.String numberToString(java.lang.Number)">
			<flows>
				<flow isAlias="false" typeChecking="false">
					<from sourceSinkType="Parameter" ParameterIndex="0" />
					<to sourceSinkType="Return" />
				</flow>
			</flows>
		</method>
		<method id="java.lang.Object opt(java.lang.String)">
			<flows>
				<flow isAlias="false" typeChecking="false">
					<from sourceSinkType="Field"
						AccessPath="[org.json.JSONObject: java.lang.Object[] values]"
						AccessPathTypes="[java.lang.Object[]]"/>
					<to sourceSinkType="Return" />
				</flow>
			</flows>
		</method>
		<method id="java.math.BigDecimal optBigDecimal(java.lang.String,java.math.BigDecimal)">
			<flows>
				<flow isAlias="false" typeChecking="false">
					<from sourceSinkType="Field"
						AccessPath="[org.json.JSONObject: java.lang.Object[] values]"
						AccessPathTypes="[java.lang.Object[]]"/>
					<to sourceSinkType="Return" />
				</flow>
				<flow isAlias="true">
					<from sourceSinkType="Parameter" ParameterIndex="1" />
					<to sourceSinkType="Return" />
				</flow>
			</flows>
		</method>
		<method id="java.math.BigInteger optBigInteger(java.lang.String,java.math.BigInteger)">
			<flows>
				<flow isAlias="false" typeChecking="false">
					<from sourceSinkType="Field"
						AccessPath="[org.json.JSONObject: java.lang.Object[] values]"
						AccessPathTypes="[java.lang.Object[]]"/>
					<to sourceSinkType="Return" />
				</flow>
				<flow isAlias="true">
					<from sourceSinkType="Parameter" ParameterIndex="1" />
					<to sourceSinkType="Return" />
				</flow>
			</flows>
		</method>
		<method id="boolean optBoolean(java.lang.String)">
			<flows>
				<flow isAlias="false" typeChecking="false">
					<from sourceSinkType="Field"
						AccessPath="[org.json.JSONObject: java.lang.Object[] values]"
						AccessPathTypes="[java.lang.Object[]]"/>
					<to sourceSinkType="Return" />
				</flow>
			</flows>
		</method>
		<method id="boolean optBoolean(java.lang.String,boolean)">
			<flows>
				<flow isAlias="false" typeChecking="false">
					<from sourceSinkType="Field"
						AccessPath="[org.json.JSONObject: java.lang.Object[] values]"
						AccessPathTypes="[java.lang.Object[]]"/>
					<to sourceSinkType="Return" />
				</flow>
				<flow isAlias="true">
					<from sourceSinkType="Parameter" ParameterIndex="1" />
					<to sourceSinkType="Return" />
				</flow>
			</flows>
		</method>
		<method id="double optDouble(java.lang.String)">
			<flows>
				<flow isAlias="false" typeChecking="false">
					<from sourceSinkType="Field"
						AccessPath="[org.json.JSONObject: java.lang.Object[] values]"
						AccessPathTypes="[java.lang.Object[]]"/>
					<to sourceSinkType="Return" />
				</flow>
			</flows>
		</method>
		<method id="double optDouble(java.lang.String,double)">
			<flows>
				<flow isAlias="false" typeChecking="false">
					<from sourceSinkType="Field"
						AccessPath="[org.json.JSONObject: java.lang.Object[] values]"
						AccessPathTypes="[java.lang.Object[]]"/>
					<to sourceSinkType="Return" />
				</flow>
				<flow isAlias="true">
					<from sourceSinkType="Parameter" ParameterIndex="1" />
					<to sourceSinkType="Return" />
				</flow>
			</flows>
		</method>
		<method id="java.lang.Enum optEnum(java.lang.Class,java.lang.String)">
			<flows>
				<flow isAlias="false" typeChecking="false">
					<from sourceSinkType="Field"
						AccessPath="[org.json.JSONObject: java.lang.Object[] values]"
						AccessPathTypes="[java.lang.Object[]]"/>
					<to sourceSinkType="Return" />
				</flow>
			</flows>
		</method>
		<method id="java.lang.Enum optEnum(java.lang.Class,java.lang.String,java.lang.Enum)">
			<flows>
				<flow isAlias="false" typeChecking="false">
					<from sourceSinkType="Field"
						AccessPath="[org.json.JSONObject: java.lang.Object[] values]"
						AccessPathTypes="[java.lang.Object[]]"/>
					<to sourceSinkType="Return" />
				</flow>
				<flow isAlias="true">
					<from sourceSinkType="Parameter" ParameterIndex="2" />
					<to sourceSinkType="Return" />
				</flow>
			</flows>
		</method>
		<method id="int optInt(java.lang.String)">
			<flows>
				<flow isAlias="false" typeChecking="false">
					<from sourceSinkType="Field"
						AccessPath="[org.json.JSONObject: java.lang.Object[] values]"
						AccessPathTypes="[java.lang.Object[]]"/>
					<to sourceSinkType="Return" />
				</flow>
			</flows>
		</method>
		<method id="int optInt(java.lang.String,int)">
			<flows>
				<flow isAlias="false" typeChecking="false">
					<from sourceSinkType="Field"
						AccessPath="[org.json.JSONObject: java.lang.Object[] values]"
						AccessPathTypes="[java.lang.Object[]]"/>
					<to sourceSinkType="Return" />
				</flow>
				<flow isAlias="true">
					<from sourceSinkType="Parameter" ParameterIndex="1" />
					<to sourceSinkType="Return" />
				</flow>
			</flows>
		</method>
		<method id="org.json.JSONArray optJSONArray(java.lang.String)">
			<flows>
				<flow isAlias="false" typeChecking="false">
					<from sourceSinkType="Field"
						AccessPath="[org.json.JSONObject: java.lang.Object[] values]"
						AccessPathTypes="[java.lang.Object[]]"/>
					<to sourceSinkType="Return"
						AccessPath="[org.json.JSONArray: java.lang.Object[] values]"
						AccessPathTypes="[java.lang.Object[]]"/>
				</flow>
			</flows>
		</method>
		<method id="org.json.JSONObject optJSONObject(java.lang.String)">
			<flows>
				<flow isAlias="false" typeChecking="false">
					<from sourceSinkType="Field" />
					<to sourceSinkType="Return" />
				</flow>
			</flows>
		</method>
		<method id="long optLong(java.lang.String)">
			<flows>
				<flow isAlias="false" typeChecking="false">
					<from sourceSinkType="Field"
						AccessPath="[org.json.JSONObject: java.lang.Object[] values]"
						AccessPathTypes="[java.lang.Object[]]"/>
					<to sourceSinkType="Return" />
				</flow>
			</flows>
		</method>
		<method id="long optLong(java.lang.String,long)">
			<flows>
				<flow isAlias="false" typeChecking="false">
					<from sourceSinkType="Field"
						AccessPath="[org.json.JSONObject: java.lang.Object[] values]"
						AccessPathTypes="[java.lang.Object[]]"/>
					<to sourceSinkType="Return" />
				</flow>
				<flow isAlias="true">
					<from sourceSinkType="Parameter" ParameterIndex="1" />
					<to sourceSinkType="Return" />
				</flow>
			</flows>
		</method>
		<method id="java.lang.String optString(java.lang.String)">
			<flows>
				<flow isAlias="false" typeChecking="false">
					<from sourceSinkType="Field"
						AccessPath="[org.json.JSONObject: java.lang.Object[] values]"
						AccessPathTypes="[java.lang.Object[]]"/>
					<to sourceSinkType="Return" />
				</flow>
			</flows>
		</method>
		<method id="java.lang.String optString(java.lang.String,java.lang.String)">
			<flows>
				<flow isAlias="false" typeChecking="false">
					<from sourceSinkType="Field"
						AccessPath="[org.json.JSONObject: java.lang.Object[] values]"
						AccessPathTypes="[java.lang.Object[]]"/>
					<to sourceSinkType="Return" />
				</flow>
				<flow isAlias="true">
					<from sourceSinkType="Parameter" ParameterIndex="1" />
					<to sourceSinkType="Return" />
				</flow>
			</flows>
		</method>
		<method id="org.json.JSONObject put(java.lang.String,boolean)">
			<flows>
				<flow isAlias="false" typeChecking="false">
					<from sourceSinkType="Parameter" ParameterIndex="0" />
					<to sourceSinkType="Field"
						AccessPath="[org.json.JSONObject: java.lang.String[] keys]"
						AccessPathTypes="[java.lang.Object[]]" />
				</flow>
				<flow isAlias="false" typeChecking="false">
					<from sourceSinkType="Parameter" ParameterIndex="1" />
					<to sourceSinkType="Field"
						AccessPath="[org.json.JSONObject: java.lang.Object[] values]"
						AccessPathTypes="[java.lang.Object[]]" />
				</flow>
				<flow isAlias="true">
					<from sourceSinkType="Field" />
					<to sourceSinkType="Return" />
				</flow>
			</flows>
		</method>
		<method id="org.json.JSONObject put(java.lang.String,java.util.Collection)">
			<flows>
				<flow isAlias="false" typeChecking="false">
					<from sourceSinkType="Parameter" ParameterIndex="0" />
					<to sourceSinkType="Field"
						AccessPath="[org.json.JSONObject: java.lang.String[] keys]"
						AccessPathTypes="[java.lang.Object[]]" />
				</flow>
				<flow isAlias="false" typeChecking="false">
					<from sourceSinkType="Parameter" ParameterIndex="1"
						AccessPath="[java.util.Collection: java.lang.Object[] innerArray]"
						AccessPathTypes="[java.lang.Object[]]" />
					<to sourceSinkType="Field"
						AccessPath="[org.json.JSONObject: java.lang.Object[] values]"
						AccessPathTypes="[java.lang.Object[]]" />
				</flow>
				<flow isAlias="true">
					<from sourceSinkType="Field" />
					<to sourceSinkType="Return" />
				</flow>
			</flows>
		</method>
		<method id="org.json.JSONObject put(java.lang.String,double)">
			<flows>
				<flow isAlias="false" typeChecking="false">
					<from sourceSinkType="Parameter" ParameterIndex="0" />
					<to sourceSinkType="Field"
						AccessPath="[org.json.JSONObject: java.lang.String[] keys]"
						AccessPathTypes="[java.lang.Object[]]" />
				</flow>
				<flow isAlias="false" typeChecking="false">
					<from sourceSinkType="Parameter" ParameterIndex="1" />
					<to sourceSinkType="Field"
						AccessPath="[org.json.JSONObject: java.lang.Object[] values]"
						AccessPathTypes="[java.lang.Object[]]" />
				</flow>
				<flow isAlias="true">
					<from sourceSinkType="Field" />
					<to sourceSinkType="Return" />
				</flow>
			</flows>
		</method>
		<method id="org.json.JSONObject put(java.lang.String,int)">
			<flows>
				<flow isAlias="false" typeChecking="false">
					<from sourceSinkType="Parameter" ParameterIndex="0" />
					<to sourceSinkType="Field"
						AccessPath="[org.json.JSONObject: java.lang.String[] keys]"
						AccessPathTypes="[java.lang.Object[]]" />
				</flow>
				<flow isAlias="false" typeChecking="false">
					<from sourceSinkType="Parameter" ParameterIndex="1" />
					<to sourceSinkType="Field"
						AccessPath="[org.json.JSONObject: java.lang.Object[] values]"
						AccessPathTypes="[java.lang.Object[]]" />
				</flow>
				<flow isAlias="true">
					<from sourceSinkType="Field" />
					<to sourceSinkType="Return" />
				</flow>
			</flows>
		</method>
		<method id="org.json.JSONObject put(java.lang.String,long)">
			<flows>
				<flow isAlias="false" typeChecking="false">
					<from sourceSinkType="Parameter" ParameterIndex="0" />
					<to sourceSinkType="Field"
						AccessPath="[org.json.JSONObject: java.lang.String[] keys]"
						AccessPathTypes="[java.lang.Object[]]" />
				</flow>
				<flow isAlias="false" typeChecking="false">
					<from sourceSinkType="Parameter" ParameterIndex="1" />
					<to sourceSinkType="Field"
						AccessPath="[org.json.JSONObject: java.lang.Object[] values]"
						AccessPathTypes="[java.lang.Object[]]" />
				</flow>
				<flow isAlias="true">
					<from sourceSinkType="Field" />
					<to sourceSinkType="Return" />
				</flow>
			</flows>
		</method>
		<method id="org.json.JSONObject put(java.lang.String,java.util.Map)">
			<flows>
				<flow isAlias="false" typeChecking="false">
					<from sourceSinkType="Parameter" ParameterIndex="0" />
					<to sourceSinkType="Field"
						AccessPath="[org.json.JSONObject: java.lang.String[] keys]"
						AccessPathTypes="[java.lang.Object[]]" />
				</flow>
				<flow isAlias="false" typeChecking="false">
					<from sourceSinkType="Parameter" ParameterIndex="1"
						AccessPath="[java.util.Map: java.lang.String[] keys]"
						AccessPathTypes="[java.lang.Object[]]" />
					<to sourceSinkType="Field"
						AccessPath="[org.json.JSONObject: java.lang.Object[] values]"
						AccessPathTypes="[java.lang.Object[]]" />
				</flow>
				<flow isAlias="false" typeChecking="false">
					<from sourceSinkType="Parameter" ParameterIndex="1"
						AccessPath="[java.util.Map: java.lang.Object[] values]"
						AccessPathTypes="[java.lang.Object[]]" />
					<to sourceSinkType="Field"
						AccessPath="[org.json.JSONObject: java.lang.Object[] values]"
						AccessPathTypes="[java.lang.Object[]]" />
				</flow>
				<flow isAlias="true">
					<from sourceSinkType="Field" />
					<to sourceSinkType="Return" />
				</flow>
			</flows>
		</method>
		<method id="org.json.JSONObject put(java.lang.String,java.lang.Object)">
			<flows>
				<flow isAlias="false" typeChecking="false">
					<from sourceSinkType="Parameter" ParameterIndex="0" />
					<to sourceSinkType="Field"
						AccessPath="[org.json.JSONObject: java.lang.String[] keys]"
						AccessPathTypes="[java.lang.Object[]]" />
				</flow>
				<flow isAlias="false" typeChecking="false">
					<from sourceSinkType="Parameter" ParameterIndex="1" />
					<to sourceSinkType="Field"
						AccessPath="[org.json.JSONObject: java.lang.Object[] values]"
						AccessPathTypes="[java.lang.Object[]]" />
				</flow>
				<flow isAlias="true">
					<from sourceSinkType="Field" />
					<to sourceSinkType="Return" />
				</flow>
			</flows>
		</method>
		<method id="org.json.JSONObject putOnce(java.lang.String,java.lang.Object)">
			<flows>
				<flow isAlias="false" typeChecking="false">
					<from sourceSinkType="Parameter" ParameterIndex="0" />
					<to sourceSinkType="Field"
						AccessPath="[org.json.JSONObject: java.lang.String[] keys]"
						AccessPathTypes="[java.lang.Object[]]" />
				</flow>
				<flow isAlias="false" typeChecking="false">
					<from sourceSinkType="Parameter" ParameterIndex="1" />
					<to sourceSinkType="Field"
						AccessPath="[org.json.JSONObject: java.lang.Object[] values]"
						AccessPathTypes="[java.lang.Object[]]" />
				</flow>
				<flow isAlias="true">
					<from sourceSinkType="Field" />
					<to sourceSinkType="Return" />
				</flow>
			</flows>
		</method>
		<method id="org.json.JSONObject putOpt(java.lang.String,java.lang.Object)">
			<flows>
				<flow isAlias="false" typeChecking="false">
					<from sourceSinkType="Parameter" ParameterIndex="0" />
					<to sourceSinkType="Field"
						AccessPath="[org.json.JSONObject: java.lang.String[] keys]"
						AccessPathTypes="[java.lang.Object[]]" />
				</flow>
				<flow isAlias="false" typeChecking="false">
					<from sourceSinkType="Parameter" ParameterIndex="1" />
					<to sourceSinkType="Field"
						AccessPath="[org.json.JSONObject: java.lang.Object[] values]"
						AccessPathTypes="[java.lang.Object[]]" />
				</flow>
				<flow isAlias="true">
					<from sourceSinkType="Field" />
					<to sourceSinkType="Return" />
				</flow>
			</flows>
		</method>
		<method id="java.lang.String quote(java.lang.String)">
			<flows>
				<flow isAlias="false" typeChecking="false">
					<from sourceSinkType="Parameter" ParameterIndex="0" />
					<to sourceSinkType="Return" />
				</flow>
			</flows>
		</method>
		<method id="java.lang.Object remove(java.lang.String)">
			<flows>
				<flow isAlias="false" typeChecking="false">
					<from sourceSinkType="Field"
						AccessPath="[org.json.JSONObject: java.lang.Object[] values]"
						AccessPathTypes="[java.lang.Object[]]"/>
					<to sourceSinkType="Return" />
				</flow>
			</flows>
		</method>
		<method id="java.lang.Object stringToValue(java.lang.String)">
			<flows>
				<flow isAlias="false" typeChecking="false">
					<from sourceSinkType="Parameter" ParameterIndex="0" />
					<to sourceSinkType="Return" />
				</flow>
			</flows>
		</method>
		<method id="org.json.JSONArray toJSONArray(org.json.JSONArray)">
			<flows>
				<flow isAlias="false" typeChecking="false">
					<from sourceSinkType="Parameter" ParameterIndex="0"
						AccessPath="[org.json.JSONObject: java.lang.Object[] values]"
						AccessPathTypes="[java.lang.Object[]]"/>
					<to sourceSinkType="Return"
						AccessPath="[org.json.JSONArray: java.lang.String[] keys]"
						AccessPathTypes="[java.lang.Object[]]"/>
				</flow>
				<flow isAlias="false" typeChecking="false">
					<from sourceSinkType="Field"
						AccessPath="[org.json.JSONObject: java.lang.Object[] values]"
						AccessPathTypes="[java.lang.Object[]]"/>
					<to sourceSinkType="Return"
						AccessPath="[org.json.JSONArray: java.lang.Object[] values]"
						AccessPathTypes="[java.lang.Object[]]"/>
				</flow>
			</flows>
		</method>
		<method id="java.lang.String toString()">
			<flows>
				<flow isAlias="false" typeChecking="false">
					<from sourceSinkType="Field"
						  AccessPath="[org.json.JSONObject: java.lang.Object[] values]"
						  AccessPathTypes="[java.lang.Object[]]"/>
					<to sourceSinkType="Return" />
				</flow>
				<flow isAlias="false" typeChecking="false">
					<from sourceSinkType="Field"
						  AccessPath="[org.json.JSONArray: java.lang.String[] keys]"
						  AccessPathTypes="[java.lang.Object[]]"/>
					<to sourceSinkType="Return" />
				</flow>
			</flows>
		</method>
		<method id="java.lang.String toString(int)">
			<flows>
				<flow isAlias="false" typeChecking="false">
					<from sourceSinkType="Field"
						  AccessPath="[org.json.JSONObject: java.lang.Object[] values]"
						  AccessPathTypes="[java.lang.Object[]]"/>
					<to sourceSinkType="Return" />
				</flow>
				<flow isAlias="false" typeChecking="false">
					<from sourceSinkType="Field"
						  AccessPath="[org.json.JSONArray: java.lang.String[] keys]"
						  AccessPathTypes="[java.lang.Object[]]"/>
					<to sourceSinkType="Return" />
				</flow>
			</flows>
		</method>
		<method id="java.lang.String valueToString(java.lang.Object)">
			<flows>
				<flow isAlias="false" typeChecking="false" cutSubfields="true">
					<from sourceSinkType="Parameter" ParameterIndex="0" />
					<to sourceSinkType="Return" />
				</flow>
			</flows>
		</method>
		<method id="java.lang.Object wrap(java.lang.Object)">
			<flows>
				<flow isAlias="false" typeChecking="false">
					<from sourceSinkType="Parameter" ParameterIndex="0" />
					<to sourceSinkType="Return" />
				</flow>
			</flows>
		</method>
	</methods>
</summary>
