<?xml version="1.0" ?>
<summary fileFormatVersion="101">
	<methods>
		<method id="org.w3c.dom.Element getDocumentElement()">
			<flows>
				<flow isAlias="false" typeChecking="false">
					<from sourceSinkType="Field"
						AccessPath="[org.w3c.dom.Document: byte[] bytes]"
						AccessPathTypes="[byte[]]" />
					<to sourceSinkType="Return" />
				</flow>
			</flows>
		</method>
		<method id="org.w3c.dom.NodeList getElementsByTagName(java.lang.String)">
			<flows>
				<flow isAlias="false" typeChecking="false">
					<from sourceSinkType="Field"
						AccessPath="[org.w3c.dom.Document: byte[] bytes]"
						AccessPathTypes="[byte[]]" />
					<to sourceSinkType="Return" />
				</flow>
			</flows>
		</method>
	</methods>
</summary>
