<?xml version="1.0" ?>
<summary fileFormatVersion="101">
	<methods>
		<method id="java.lang.StringBuilder box(boolean)">
			<flows>
				<flow isAlias="false" typeChecking="false">
					<from sourceSinkType="Parameter" ParameterIndex="0" />
					<to sourceSinkType="Return"
						AccessPath="[java.lang.StringBuilder: char[] innerArray]"
						AccessPathTypes="[char[]]" />
				</flow>
			</flows>
		</method>
		<method id="java.lang.StringBuilder box(byte)">
			<flows>
				<flow isAlias="false" typeChecking="false">
					<from sourceSinkType="Parameter" ParameterIndex="0" />
					<to sourceSinkType="Return"
						AccessPath="[java.lang.StringBuilder: char[] innerArray]"
						AccessPathTypes="[char[]]" />
				</flow>
			</flows>
		</method>
		<method id="java.lang.StringBuilder box(char)">
			<flows>
				<flow isAlias="false" typeChecking="false">
					<from sourceSinkType="Parameter" ParameterIndex="0" />
					<to sourceSinkType="Return"
						AccessPath="[java.lang.StringBuilder: char[] innerArray]"
						AccessPathTypes="[char[]]" />
				</flow>
			</flows>
		</method>
		<method id="java.lang.StringBuilder box(double)">
			<flows>
				<flow isAlias="false" typeChecking="false">
					<from sourceSinkType="Parameter" ParameterIndex="0" />
					<to sourceSinkType="Return"
						AccessPath="[java.lang.StringBuilder: char[] innerArray]"
						AccessPathTypes="[char[]]" />
				</flow>
			</flows>
		</method>
		<method id="java.lang.StringBuilder box(float)">
			<flows>
				<flow isAlias="false" typeChecking="false">
					<from sourceSinkType="Parameter" ParameterIndex="0" />
					<to sourceSinkType="Return"
						AccessPath="[java.lang.StringBuilder: char[] innerArray]"
						AccessPathTypes="[char[]]" />
				</flow>
			</flows>
		</method>
		<method id="java.lang.StringBuilder box(int)">
			<flows>
				<flow isAlias="false" typeChecking="false">
					<from sourceSinkType="Parameter" ParameterIndex="0" />
					<to sourceSinkType="Return"
						AccessPath="[java.lang.StringBuilder: char[] innerArray]"
						AccessPathTypes="[char[]]" />
				</flow>
			</flows>
		</method>
		<method id="java.lang.StringBuilder box(long)">
			<flows>
				<flow isAlias="false" typeChecking="false">
					<from sourceSinkType="Parameter" ParameterIndex="0" />
					<to sourceSinkType="Return"
						AccessPath="[java.lang.StringBuilder: char[] innerArray]"
						AccessPathTypes="[char[]]" />
				</flow>
			</flows>
		</method>
		<method id="java.lang.StringBuilder box(short)">
			<flows>
				<flow isAlias="false" typeChecking="false">
					<from sourceSinkType="Parameter" ParameterIndex="0" />
					<to sourceSinkType="Return"
						AccessPath="[java.lang.StringBuilder: char[] innerArray]"
						AccessPathTypes="[char[]]" />
				</flow>
			</flows>
		</method>
	</methods>
</summary>
