<?xml version="1.0" ?><summary fileFormatVersion="101"><methods><method id="int previousIndex()"><flows><flow isAlias="false"><from sourceSinkType="Field" BaseType="java.util.ArrayList$SubList$1" AccessPath="[&lt;java.util.ArrayList$SubList$1: int cursor&gt;]" AccessPathTypes="[int]"></from><to sourceSinkType="Return" BaseType="int" taintSubFields="true"></to></flow></flows></method><method id="void set(java.lang.Object)"><flows><flow isAlias="true"><from sourceSinkType="Parameter" ParameterIndex="0" BaseType="java.lang.Object"></from><to sourceSinkType="Field" BaseType="java.util.ArrayList$SubList$1" AccessPath="[&lt;java.util.ArrayList$SubList$1: java.util.ArrayList$SubList this$1&gt;, &lt;java.util.ArrayList$SubList: java.util.ArrayList this$0&gt;, &lt;java.util.ArrayList: java.lang.Object[] elementData&gt;]" AccessPathTypes="[java.util.ArrayList$SubList, java.util.ArrayList, java.lang.Object[]]" taintSubFields="true"></to></flow></flows></method><method id="void remove()"><flows><flow isAlias="false"><from sourceSinkType="Field" BaseType="java.util.ArrayList$SubList$1" AccessPath="[&lt;java.util.ArrayList$SubList$1: java.util.ArrayList$SubList this$1&gt;, &lt;java.util.ArrayList$SubList: java.util.AbstractList parent&gt;, &lt;java.util.AbstractList: int modCount&gt;]" AccessPathTypes="[java.util.ArrayList$SubList, java.util.AbstractList, int]"></from><to sourceSinkType="Field" BaseType="java.util.ArrayList$SubList$1" AccessPath="[&lt;java.util.ArrayList$SubList$1: int expectedModCount&gt;]" AccessPathTypes="[int]" taintSubFields="true"></to></flow><flow isAlias="false"><from sourceSinkType="Field" BaseType="java.util.ArrayList$SubList$1" AccessPath="[&lt;java.util.ArrayList$SubList$1: java.util.ArrayList$SubList this$1&gt;, &lt;java.util.ArrayList$SubList: java.util.ArrayList this$0&gt;, &lt;java.util.AbstractList: int modCount&gt;]" AccessPathTypes="[java.util.ArrayList$SubList, java.util.ArrayList, int]"></from><to sourceSinkType="Field" BaseType="java.util.ArrayList$SubList$1" AccessPath="[&lt;java.util.ArrayList$SubList$1: int expectedModCount&gt;]" AccessPathTypes="[int]" taintSubFields="true"></to></flow><flow isAlias="false"><from sourceSinkType="Field" BaseType="java.util.ArrayList$SubList$1" AccessPath="[&lt;java.util.ArrayList$SubList$1: int lastRet&gt;]" AccessPathTypes="[int]"></from><to sourceSinkType="Field" BaseType="java.util.ArrayList$SubList$1" AccessPath="[&lt;java.util.ArrayList$SubList$1: int val$index&gt;]" AccessPathTypes="[int]" taintSubFields="true"></to></flow><flow isAlias="false"><from sourceSinkType="Field" BaseType="java.util.AbstractList" AccessPath="[&lt;java.util.AbstractList: int modCount&gt;]" AccessPathTypes="[int]" gap="41"></from><to sourceSinkType="Field" BaseType="java.util.ArrayList$SubList$1" AccessPath="[&lt;java.util.ArrayList$SubList$1: java.util.ArrayList$SubList this$1&gt;, &lt;java.util.ArrayList$SubList: java.util.ArrayList this$0&gt;, &lt;java.util.AbstractList: int modCount&gt;]" AccessPathTypes="[java.util.ArrayList$SubList, java.util.ArrayList, int]" taintSubFields="true"></to></flow><flow isAlias="false"><from sourceSinkType="Field" BaseType="java.util.AbstractList" AccessPath="[&lt;java.util.AbstractList: int modCount&gt;]" AccessPathTypes="[int]" gap="41"></from><to sourceSinkType="Field" BaseType="java.util.ArrayList$SubList$1" AccessPath="[&lt;java.util.ArrayList$SubList$1: int expectedModCount&gt;]" AccessPathTypes="[int]" taintSubFields="true"></to></flow><flow isAlias="false"><from sourceSinkType="Field" BaseType="java.util.ArrayList$SubList$1" AccessPath="[&lt;java.util.ArrayList$SubList$1: java.util.ArrayList$SubList this$1&gt;, &lt;java.util.ArrayList$SubList: java.util.ArrayList this$0&gt;, &lt;java.util.AbstractList: int modCount&gt;]" AccessPathTypes="[java.util.ArrayList$SubList, java.util.ArrayList, int]"></from><to sourceSinkType="Field" BaseType="java.util.ArrayList$SubList$1" AccessPath="[&lt;java.util.ArrayList$SubList$1: java.util.ArrayList$SubList this$1&gt;, &lt;java.util.AbstractList: int modCount&gt;]" AccessPathTypes="[java.util.ArrayList$SubList, int]" taintSubFields="true"></to></flow><flow isAlias="false"><from sourceSinkType="Field" BaseType="java.util.ArrayList$SubList$1" AccessPath="[&lt;java.util.ArrayList$SubList$1: java.util.ArrayList$SubList this$1&gt;, &lt;java.util.ArrayList$SubList: java.util.AbstractList parent&gt;, &lt;java.util.AbstractList: int modCount&gt;]" AccessPathTypes="[java.util.ArrayList$SubList, java.util.AbstractList, int]"></from><to sourceSinkType="Field" BaseType="java.util.ArrayList$SubList$1" AccessPath="[&lt;java.util.ArrayList$SubList$1: java.util.ArrayList$SubList this$1&gt;, &lt;java.util.AbstractList: int modCount&gt;]" AccessPathTypes="[java.util.ArrayList$SubList, int]" taintSubFields="true"></to></flow><flow isAlias="false"><from sourceSinkType="Field" BaseType="java.util.ArrayList$SubList$1" AccessPath="[&lt;java.util.ArrayList$SubList$1: int lastRet&gt;]" AccessPathTypes="[int]"></from><to sourceSinkType="Field" BaseType="java.util.ArrayList$SubList$1" AccessPath="[&lt;java.util.ArrayList$SubList$1: int cursor&gt;]" AccessPathTypes="[int]" taintSubFields="true"></to></flow><flow isAlias="false"><from sourceSinkType="Field" BaseType="java.util.ArrayList$SubList$1" AccessPath="[&lt;java.util.ArrayList$SubList$1: java.util.ArrayList$SubList this$1&gt;, &lt;java.util.ArrayList$SubList: int parentOffset&gt;]" AccessPathTypes="[java.util.ArrayList$SubList, int]"></from><to sourceSinkType="Parameter" ParameterIndex="0" BaseType="int" gap="41" taintSubFields="true"></to></flow><flow isAlias="false"><from sourceSinkType="Field" BaseType="java.util.ArrayList$SubList$1" AccessPath="[&lt;java.util.ArrayList$SubList$1: java.util.ArrayList$SubList this$1&gt;, &lt;java.util.ArrayList$SubList: java.util.AbstractList parent&gt;, &lt;java.util.AbstractList: int modCount&gt;]" AccessPathTypes="[java.util.ArrayList$SubList, java.util.AbstractList, int]"></from><to sourceSinkType="Field" BaseType="java.util.ArrayList$SubList$1" AccessPath="[&lt;java.util.ArrayList$SubList$1: java.util.ArrayList$SubList this$1&gt;, &lt;java.util.ArrayList$SubList: java.util.ArrayList this$0&gt;, &lt;java.util.AbstractList: int modCount&gt;]" AccessPathTypes="[java.util.ArrayList$SubList, java.util.ArrayList, int]" taintSubFields="true"></to></flow><flow isAlias="false"><from sourceSinkType="Field" BaseType="java.util.AbstractList" AccessPath="[&lt;java.util.AbstractList: int modCount&gt;]" AccessPathTypes="[int]" gap="41"></from><to sourceSinkType="Field" BaseType="java.util.ArrayList$SubList$1" AccessPath="[&lt;java.util.ArrayList$SubList$1: java.util.ArrayList$SubList this$1&gt;, &lt;java.util.AbstractList: int modCount&gt;]" AccessPathTypes="[java.util.ArrayList$SubList, int]" taintSubFields="true"></to></flow><flow isAlias="false"><from sourceSinkType="Field" BaseType="java.util.ArrayList$SubList$1" AccessPath="[&lt;java.util.ArrayList$SubList$1: int lastRet&gt;]" AccessPathTypes="[int]"></from><to sourceSinkType="Parameter" ParameterIndex="0" BaseType="int" gap="41" taintSubFields="true"></to></flow><flow isAlias="true"><from sourceSinkType="Field" BaseType="java.util.ArrayList$SubList$1" AccessPath="[&lt;java.util.ArrayList$SubList$1: java.util.ArrayList$SubList this$1&gt;, &lt;java.util.ArrayList$SubList: java.util.AbstractList parent&gt;]" AccessPathTypes="[java.util.ArrayList$SubList, java.util.AbstractList]"></from><to sourceSinkType="GapBaseObject" BaseType="java.util.AbstractList" gap="41"></to></flow><flow isAlias="true"><from sourceSinkType="Field" BaseType="java.util.AbstractList" gap="41"></from><to sourceSinkType="Field" BaseType="java.util.ArrayList$SubList$1" AccessPath="[&lt;java.util.ArrayList$SubList$1: java.util.ArrayList$SubList this$1&gt;, &lt;java.util.ArrayList$SubList: java.util.AbstractList parent&gt;]" AccessPathTypes="[java.util.ArrayList$SubList, java.util.AbstractList]" taintSubFields="true"></to></flow></flows></method><method id="int nextIndex()"><flows><flow isAlias="false"><from sourceSinkType="Field" BaseType="java.util.ArrayList$SubList$1" AccessPath="[&lt;java.util.ArrayList$SubList$1: int cursor&gt;]" AccessPathTypes="[int]"></from><to sourceSinkType="Return" BaseType="int" taintSubFields="true"></to></flow></flows></method><method id="java.lang.Object previous()"><flows><flow isAlias="false"><from sourceSinkType="Field" BaseType="java.util.ArrayList$SubList$1" AccessPath="[&lt;java.util.ArrayList$SubList$1: int cursor&gt;]" AccessPathTypes="[int]"></from><to sourceSinkType="Field" BaseType="java.util.ArrayList$SubList$1" AccessPath="[&lt;java.util.ArrayList$SubList$1: int val$index&gt;]" AccessPathTypes="[int]" taintSubFields="true"></to></flow><flow isAlias="true"><from sourceSinkType="Field" BaseType="java.util.ArrayList$SubList$1" AccessPath="[&lt;java.util.ArrayList$SubList$1: java.util.ArrayList$SubList this$1&gt;, &lt;java.util.ArrayList$SubList: java.util.ArrayList this$0&gt;, &lt;java.util.ArrayList: java.lang.Object[] elementData&gt;]" AccessPathTypes="[java.util.ArrayList$SubList, java.util.ArrayList, java.lang.Object[]]"></from><to sourceSinkType="Return" BaseType="java.lang.Object" taintSubFields="true"></to></flow><flow isAlias="false"><from sourceSinkType="Field" BaseType="java.util.ArrayList$SubList$1" AccessPath="[&lt;java.util.ArrayList$SubList$1: int cursor&gt;]" AccessPathTypes="[int]"></from><to sourceSinkType="Field" BaseType="java.util.ArrayList$SubList$1" AccessPath="[&lt;java.util.ArrayList$SubList$1: int lastRet&gt;]" AccessPathTypes="[int]" taintSubFields="true"></to></flow></flows></method><method id="java.lang.Object next()"><flows><flow isAlias="false"><from sourceSinkType="Field" BaseType="java.util.ArrayList$SubList$1" AccessPath="[&lt;java.util.ArrayList$SubList$1: int cursor&gt;]" AccessPathTypes="[int]"></from><to sourceSinkType="Field" BaseType="java.util.ArrayList$SubList$1" AccessPath="[&lt;java.util.ArrayList$SubList$1: int val$index&gt;]" AccessPathTypes="[int]" taintSubFields="true"></to></flow><flow isAlias="true"><from sourceSinkType="Field" BaseType="java.util.ArrayList$SubList$1" AccessPath="[&lt;java.util.ArrayList$SubList$1: java.util.ArrayList$SubList this$1&gt;, &lt;java.util.ArrayList$SubList: java.util.ArrayList this$0&gt;, &lt;java.util.ArrayList: java.lang.Object[] elementData&gt;]" AccessPathTypes="[java.util.ArrayList$SubList, java.util.ArrayList, java.lang.Object[]]"></from><to sourceSinkType="Return" BaseType="java.lang.Object" taintSubFields="true"></to></flow><flow isAlias="false"><from sourceSinkType="Field" BaseType="java.util.ArrayList$SubList$1" AccessPath="[&lt;java.util.ArrayList$SubList$1: int cursor&gt;]" AccessPathTypes="[int]"></from><to sourceSinkType="Field" BaseType="java.util.ArrayList$SubList$1" AccessPath="[&lt;java.util.ArrayList$SubList$1: int lastRet&gt;]" AccessPathTypes="[int]" taintSubFields="true"></to></flow></flows></method><method id="void add(java.lang.Object)"><flows><flow isAlias="false"><from sourceSinkType="Field" BaseType="java.util.AbstractList" AccessPath="[&lt;java.util.AbstractList: int modCount&gt;]" AccessPathTypes="[int]" gap="42"></from><to sourceSinkType="Field" BaseType="java.util.ArrayList$SubList$1" AccessPath="[&lt;java.util.ArrayList$SubList$1: java.util.ArrayList$SubList this$1&gt;, &lt;java.util.ArrayList$SubList: java.util.ArrayList this$0&gt;, &lt;java.util.AbstractList: int modCount&gt;]" AccessPathTypes="[java.util.ArrayList$SubList, java.util.ArrayList, int]" taintSubFields="true"></to></flow><flow isAlias="false"><from sourceSinkType="Field" BaseType="java.util.ArrayList$SubList$1" AccessPath="[&lt;java.util.ArrayList$SubList$1: java.util.ArrayList$SubList this$1&gt;, &lt;java.util.ArrayList$SubList: java.util.ArrayList this$0&gt;, &lt;java.util.AbstractList: int modCount&gt;]" AccessPathTypes="[java.util.ArrayList$SubList, java.util.ArrayList, int]"></from><to sourceSinkType="Field" BaseType="java.util.ArrayList$SubList$1" AccessPath="[&lt;java.util.ArrayList$SubList$1: java.util.ArrayList$SubList this$1&gt;, &lt;java.util.AbstractList: int modCount&gt;]" AccessPathTypes="[java.util.ArrayList$SubList, int]" taintSubFields="true"></to></flow><flow isAlias="false"><from sourceSinkType="Field" BaseType="java.util.ArrayList$SubList$1" AccessPath="[&lt;java.util.ArrayList$SubList$1: int cursor&gt;]" AccessPathTypes="[int]"></from><to sourceSinkType="Field" BaseType="java.util.ArrayList$SubList$1" AccessPath="[&lt;java.util.ArrayList$SubList$1: int val$index&gt;]" AccessPathTypes="[int]" taintSubFields="true"></to></flow><flow isAlias="false"><from sourceSinkType="Field" BaseType="java.util.AbstractList" AccessPath="[&lt;java.util.AbstractList: int modCount&gt;]" AccessPathTypes="[int]" gap="42"></from><to sourceSinkType="Field" BaseType="java.util.ArrayList$SubList$1" AccessPath="[&lt;java.util.ArrayList$SubList$1: java.util.ArrayList$SubList this$1&gt;, &lt;java.util.AbstractList: int modCount&gt;]" AccessPathTypes="[java.util.ArrayList$SubList, int]" taintSubFields="true"></to></flow><flow isAlias="false"><from sourceSinkType="Field" BaseType="java.util.ArrayList$SubList$1" AccessPath="[&lt;java.util.ArrayList$SubList$1: java.util.ArrayList$SubList this$1&gt;, &lt;java.util.ArrayList$SubList: int parentOffset&gt;]" AccessPathTypes="[java.util.ArrayList$SubList, int]"></from><to sourceSinkType="Parameter" ParameterIndex="0" BaseType="int" gap="42" taintSubFields="true"></to></flow><flow isAlias="true"><from sourceSinkType="Field" BaseType="java.util.AbstractList" gap="42"></from><to sourceSinkType="Field" BaseType="java.util.ArrayList$SubList$1" AccessPath="[&lt;java.util.ArrayList$SubList$1: java.util.ArrayList$SubList this$1&gt;, &lt;java.util.ArrayList$SubList: java.util.AbstractList parent&gt;]" AccessPathTypes="[java.util.ArrayList$SubList, java.util.AbstractList]" taintSubFields="true"></to></flow><flow isAlias="false"><from sourceSinkType="Field" BaseType="java.util.ArrayList$SubList$1" AccessPath="[&lt;java.util.ArrayList$SubList$1: java.util.ArrayList$SubList this$1&gt;, &lt;java.util.ArrayList$SubList: java.util.AbstractList parent&gt;, &lt;java.util.AbstractList: int modCount&gt;]" AccessPathTypes="[java.util.ArrayList$SubList, java.util.AbstractList, int]"></from><to sourceSinkType="Field" BaseType="java.util.ArrayList$SubList$1" AccessPath="[&lt;java.util.ArrayList$SubList$1: java.util.ArrayList$SubList this$1&gt;, &lt;java.util.ArrayList$SubList: java.util.ArrayList this$0&gt;, &lt;java.util.AbstractList: int modCount&gt;]" AccessPathTypes="[java.util.ArrayList$SubList, java.util.ArrayList, int]" taintSubFields="true"></to></flow><flow isAlias="true"><from sourceSinkType="Parameter" ParameterIndex="0" BaseType="java.lang.Object"></from><to sourceSinkType="Parameter" ParameterIndex="1" BaseType="java.lang.Object" gap="42" taintSubFields="true"></to></flow><flow isAlias="true"><from sourceSinkType="Parameter" ParameterIndex="1" BaseType="java.lang.Object" gap="42"></from><to sourceSinkType="Parameter" ParameterIndex="0" BaseType="java.lang.Object" taintSubFields="true"></to></flow><flow isAlias="true"><from sourceSinkType="Field" BaseType="java.util.ArrayList$SubList$1" AccessPath="[&lt;java.util.ArrayList$SubList$1: java.util.ArrayList$SubList this$1&gt;, &lt;java.util.ArrayList$SubList: java.util.AbstractList parent&gt;]" AccessPathTypes="[java.util.ArrayList$SubList, java.util.AbstractList]"></from><to sourceSinkType="GapBaseObject" BaseType="java.util.AbstractList" gap="42"></to></flow><flow isAlias="false"><from sourceSinkType="Field" BaseType="java.util.AbstractList" AccessPath="[&lt;java.util.AbstractList: int modCount&gt;]" AccessPathTypes="[int]" gap="42"></from><to sourceSinkType="Field" BaseType="java.util.ArrayList$SubList$1" AccessPath="[&lt;java.util.ArrayList$SubList$1: int expectedModCount&gt;]" AccessPathTypes="[int]" taintSubFields="true"></to></flow><flow isAlias="false"><from sourceSinkType="Field" BaseType="java.util.ArrayList$SubList$1" AccessPath="[&lt;java.util.ArrayList$SubList$1: int cursor&gt;]" AccessPathTypes="[int]"></from><to sourceSinkType="Parameter" ParameterIndex="0" BaseType="int" gap="42" taintSubFields="true"></to></flow><flow isAlias="false"><from sourceSinkType="Field" BaseType="java.util.ArrayList$SubList$1" AccessPath="[&lt;java.util.ArrayList$SubList$1: java.util.ArrayList$SubList this$1&gt;, &lt;java.util.ArrayList$SubList: java.util.AbstractList parent&gt;, &lt;java.util.AbstractList: int modCount&gt;]" AccessPathTypes="[java.util.ArrayList$SubList, java.util.AbstractList, int]"></from><to sourceSinkType="Field" BaseType="java.util.ArrayList$SubList$1" AccessPath="[&lt;java.util.ArrayList$SubList$1: int expectedModCount&gt;]" AccessPathTypes="[int]" taintSubFields="true"></to></flow><flow isAlias="false"><from sourceSinkType="Field" BaseType="java.util.ArrayList$SubList$1" AccessPath="[&lt;java.util.ArrayList$SubList$1: java.util.ArrayList$SubList this$1&gt;, &lt;java.util.ArrayList$SubList: java.util.AbstractList parent&gt;, &lt;java.util.AbstractList: int modCount&gt;]" AccessPathTypes="[java.util.ArrayList$SubList, java.util.AbstractList, int]"></from><to sourceSinkType="Field" BaseType="java.util.ArrayList$SubList$1" AccessPath="[&lt;java.util.ArrayList$SubList$1: java.util.ArrayList$SubList this$1&gt;, &lt;java.util.AbstractList: int modCount&gt;]" AccessPathTypes="[java.util.ArrayList$SubList, int]" taintSubFields="true"></to></flow><flow isAlias="false"><from sourceSinkType="Field" BaseType="java.util.ArrayList$SubList$1" AccessPath="[&lt;java.util.ArrayList$SubList$1: java.util.ArrayList$SubList this$1&gt;, &lt;java.util.ArrayList$SubList: java.util.ArrayList this$0&gt;, &lt;java.util.AbstractList: int modCount&gt;]" AccessPathTypes="[java.util.ArrayList$SubList, java.util.ArrayList, int]"></from><to sourceSinkType="Field" BaseType="java.util.ArrayList$SubList$1" AccessPath="[&lt;java.util.ArrayList$SubList$1: int expectedModCount&gt;]" AccessPathTypes="[int]" taintSubFields="true"></to></flow></flows></method></methods><gaps><gap num="41" id="&lt;java.util.AbstractList: java.lang.Object remove(int)&gt;"></gap><gap num="42" id="&lt;java.util.AbstractList: void add(int,java.lang.Object)&gt;"></gap></gaps></summary>