<?xml version="1.0"?>
<summary fileFormatVersion="101">
	<hierarchy superClass="java.lang.Object">
		<interface name="java.util.Iterator" />
	</hierarchy>
    <methods>
        <method id="void remove()">
            <flows>
                <flow isAlias="false">
                    <from sourceSinkType="Field" BaseType="java.util.ArrayList$Itr" AccessPath="[&lt;java.util.ArrayList$Itr: int lastRet&gt;]" AccessPathTypes="[int]"></from>
                    <to sourceSinkType="Field" BaseType="java.util.ArrayList$Itr" AccessPath="[&lt;java.util.ArrayList$Itr: int cursor&gt;]" AccessPathTypes="[int]" taintSubFields="true"></to>
                </flow>
                <flow isAlias="false">
                    <from sourceSinkType="Field" BaseType="java.util.ArrayList$Itr" AccessPath="[&lt;java.util.ArrayList$Itr: java.util.ArrayList this$0&gt;, &lt;java.util.AbstractList: int modCount&gt;]" AccessPathTypes="[java.util.ArrayList, int]"></from>
                    <to sourceSinkType="Field" BaseType="java.util.ArrayList$Itr" AccessPath="[&lt;java.util.ArrayList$Itr: int expectedModCount&gt;]" AccessPathTypes="[int]" taintSubFields="true"></to>
                </flow>
            </flows>
        </method>
        <method id="java.lang.Object next()">
            <flows>
                <flow isAlias="true">
                    <from sourceSinkType="Field" BaseType="java.util.ArrayList$Itr" AccessPath="[&lt;java.util.ArrayList$Itr: java.util.ArrayList this$0&gt;, &lt;java.util.ArrayList: java.lang.Object[] elementData&gt;]" AccessPathTypes="[java.util.ArrayList, java.lang.Object[]]"></from>
                    <to sourceSinkType="Return" BaseType="java.lang.Object" taintSubFields="true"></to>
                </flow>
                <flow isAlias="false">
                    <from sourceSinkType="Field" BaseType="java.util.ArrayList$Itr" AccessPath="[&lt;java.util.ArrayList$Itr: int cursor&gt;]" AccessPathTypes="[int]"></from>
                    <to sourceSinkType="Field" BaseType="java.util.ArrayList$Itr" AccessPath="[&lt;java.util.ArrayList$Itr: int lastRet&gt;]" AccessPathTypes="[int]" taintSubFields="true"></to>
                </flow>
            </flows>
        </method>
    </methods>
    <gaps></gaps>
</summary>