<?xml version="1.0" ?><summary fileFormatVersion="101"><methods><method id="int previousIndex()"><flows><flow isAlias="false"><from sourceSinkType="Field" BaseType="java.util.SubList$1" AccessPath="[&lt;java.util.SubList$1: java.util.SubList this$0&gt;, &lt;java.util.SubList: int offset&gt;]" AccessPathTypes="[java.util.SubList, int]"></from><to sourceSinkType="Return" BaseType="int" taintSubFields="true"></to></flow><flow isAlias="true"><from sourceSinkType="Field" BaseType="java.util.SubList$1" AccessPath="[&lt;java.util.SubList$1: java.util.ListIterator i&gt;]" AccessPathTypes="[java.util.ListIterator]"></from><to sourceSinkType="GapBaseObject" BaseType="java.util.ListIterator" gap="145"></to></flow><flow isAlias="false"><from sourceSinkType="Return" BaseType="int" gap="145"></from><to sourceSinkType="Return" BaseType="int" taintSubFields="true"></to></flow><flow isAlias="true"><from sourceSinkType="Field" BaseType="java.util.ListIterator" gap="145"></from><to sourceSinkType="Field" BaseType="java.util.SubList$1" AccessPath="[&lt;java.util.SubList$1: java.util.ListIterator i&gt;]" AccessPathTypes="[java.util.ListIterator]" taintSubFields="true"></to></flow></flows></method><method id="void set(java.lang.Object)"><flows><flow isAlias="true"><from sourceSinkType="Parameter" ParameterIndex="0" BaseType="java.lang.Object"></from><to sourceSinkType="Parameter" ParameterIndex="0" BaseType="java.lang.Object" gap="147" taintSubFields="true"></to></flow><flow isAlias="true"><from sourceSinkType="Parameter" ParameterIndex="0" BaseType="java.lang.Object" gap="147"></from><to sourceSinkType="Parameter" ParameterIndex="0" BaseType="java.lang.Object" taintSubFields="true"></to></flow><flow isAlias="true"><from sourceSinkType="Field" BaseType="java.util.ListIterator" gap="147"></from><to sourceSinkType="Field" BaseType="java.util.SubList$1" AccessPath="[&lt;java.util.SubList$1: java.util.ListIterator i&gt;]" AccessPathTypes="[java.util.ListIterator]" taintSubFields="true"></to></flow><flow isAlias="true"><from sourceSinkType="Field" BaseType="java.util.SubList$1" AccessPath="[&lt;java.util.SubList$1: java.util.ListIterator i&gt;]" AccessPathTypes="[java.util.ListIterator]"></from><to sourceSinkType="GapBaseObject" BaseType="java.util.ListIterator" gap="147"></to></flow></flows></method><method id="void remove()"><flows><flow isAlias="true"><from sourceSinkType="Field" BaseType="java.util.ListIterator" gap="146"></from><to sourceSinkType="Field" BaseType="java.util.SubList$1" AccessPath="[&lt;java.util.SubList$1: java.util.ListIterator i&gt;]" AccessPathTypes="[java.util.ListIterator]" taintSubFields="true"></to></flow><flow isAlias="true"><from sourceSinkType="Field" BaseType="java.util.SubList$1" AccessPath="[&lt;java.util.SubList$1: java.util.ListIterator i&gt;]" AccessPathTypes="[java.util.ListIterator]"></from><to sourceSinkType="GapBaseObject" BaseType="java.util.ListIterator" gap="146"></to></flow><flow isAlias="false"><from sourceSinkType="Field" BaseType="java.util.SubList$1" AccessPath="[&lt;java.util.SubList$1: java.util.SubList this$0&gt;, &lt;java.util.SubList: java.util.AbstractList l&gt;, &lt;java.util.AbstractList: int modCount&gt;]" AccessPathTypes="[java.util.SubList, java.util.AbstractList, int]"></from><to sourceSinkType="Field" BaseType="java.util.SubList$1" AccessPath="[&lt;java.util.SubList$1: java.util.SubList this$0&gt;, &lt;java.util.AbstractList: int modCount&gt;]" AccessPathTypes="[java.util.SubList, int]" taintSubFields="true"></to></flow></flows></method><method id="boolean hasNext()"><flows><flow isAlias="true"><from sourceSinkType="Field" BaseType="java.util.ListIterator" gap="138"></from><to sourceSinkType="Field" BaseType="java.util.SubList$1" AccessPath="[&lt;java.util.SubList$1: java.util.ListIterator i&gt;]" AccessPathTypes="[java.util.ListIterator]" taintSubFields="true"></to></flow><flow isAlias="true"><from sourceSinkType="Field" BaseType="java.util.SubList$1" AccessPath="[&lt;java.util.SubList$1: java.util.ListIterator i&gt;]" AccessPathTypes="[java.util.ListIterator]"></from><to sourceSinkType="GapBaseObject" BaseType="java.util.ListIterator" gap="138"></to></flow></flows></method><method id="boolean hasPrevious()"><flows><flow isAlias="true"><from sourceSinkType="Field" BaseType="java.util.ListIterator" gap="141"></from><to sourceSinkType="Field" BaseType="java.util.SubList$1" AccessPath="[&lt;java.util.SubList$1: java.util.ListIterator i&gt;]" AccessPathTypes="[java.util.ListIterator]" taintSubFields="true"></to></flow><flow isAlias="true"><from sourceSinkType="Field" BaseType="java.util.SubList$1" AccessPath="[&lt;java.util.SubList$1: java.util.ListIterator i&gt;]" AccessPathTypes="[java.util.ListIterator]"></from><to sourceSinkType="GapBaseObject" BaseType="java.util.ListIterator" gap="141"></to></flow></flows></method><method id="int nextIndex()"><flows><flow isAlias="true"><from sourceSinkType="Field" BaseType="java.util.SubList$1" AccessPath="[&lt;java.util.SubList$1: java.util.ListIterator i&gt;]" AccessPathTypes="[java.util.ListIterator]"></from><to sourceSinkType="GapBaseObject" BaseType="java.util.ListIterator" gap="144"></to></flow><flow isAlias="false"><from sourceSinkType="Field" BaseType="java.util.SubList$1" AccessPath="[&lt;java.util.SubList$1: java.util.SubList this$0&gt;, &lt;java.util.SubList: int offset&gt;]" AccessPathTypes="[java.util.SubList, int]"></from><to sourceSinkType="Return" BaseType="int" taintSubFields="true"></to></flow><flow isAlias="true"><from sourceSinkType="Field" BaseType="java.util.ListIterator" gap="144"></from><to sourceSinkType="Field" BaseType="java.util.SubList$1" AccessPath="[&lt;java.util.SubList$1: java.util.ListIterator i&gt;]" AccessPathTypes="[java.util.ListIterator]" taintSubFields="true"></to></flow><flow isAlias="false"><from sourceSinkType="Return" BaseType="int" gap="144"></from><to sourceSinkType="Return" BaseType="int" taintSubFields="true"></to></flow></flows></method><method id="java.lang.Object previous()"><flows><flow isAlias="true"><from sourceSinkType="Field" BaseType="java.util.ListIterator" gap="143"></from><to sourceSinkType="GapBaseObject" BaseType="java.util.ListIterator" gap="142"></to></flow><flow isAlias="true"><from sourceSinkType="Field" BaseType="java.util.SubList$1" AccessPath="[&lt;java.util.SubList$1: java.util.ListIterator i&gt;]" AccessPathTypes="[java.util.ListIterator]"></from><to sourceSinkType="GapBaseObject" BaseType="java.util.ListIterator" gap="142"></to></flow><flow isAlias="true"><from sourceSinkType="Field" BaseType="java.util.SubList$1" AccessPath="[&lt;java.util.SubList$1: java.util.ListIterator i&gt;]" AccessPathTypes="[java.util.ListIterator]"></from><to sourceSinkType="GapBaseObject" BaseType="java.util.ListIterator" gap="143"></to></flow><flow isAlias="true"><from sourceSinkType="Field" BaseType="java.util.ListIterator" gap="143"></from><to sourceSinkType="Field" BaseType="java.util.SubList$1" AccessPath="[&lt;java.util.SubList$1: java.util.ListIterator i&gt;]" AccessPathTypes="[java.util.ListIterator]" taintSubFields="true"></to></flow><flow isAlias="true"><from sourceSinkType="Return" BaseType="java.lang.Object" gap="142"></from><to sourceSinkType="Return" BaseType="java.lang.Object" taintSubFields="true"></to></flow><flow isAlias="true"><from sourceSinkType="Field" BaseType="java.util.ListIterator" gap="142"></from><to sourceSinkType="Field" BaseType="java.util.SubList$1" AccessPath="[&lt;java.util.SubList$1: java.util.ListIterator i&gt;]" AccessPathTypes="[java.util.ListIterator]" taintSubFields="true"></to></flow></flows></method><method id="java.lang.Object next()"><flows><flow isAlias="true"><from sourceSinkType="Field" BaseType="java.util.SubList$1" AccessPath="[&lt;java.util.SubList$1: java.util.ListIterator i&gt;]" AccessPathTypes="[java.util.ListIterator]"></from><to sourceSinkType="GapBaseObject" BaseType="java.util.ListIterator" gap="139"></to></flow><flow isAlias="true"><from sourceSinkType="Field" BaseType="java.util.ListIterator" gap="139"></from><to sourceSinkType="Field" BaseType="java.util.SubList$1" AccessPath="[&lt;java.util.SubList$1: java.util.ListIterator i&gt;]" AccessPathTypes="[java.util.ListIterator]" taintSubFields="true"></to></flow><flow isAlias="true"><from sourceSinkType="Return" BaseType="java.lang.Object" gap="140"></from><to sourceSinkType="Return" BaseType="java.lang.Object" taintSubFields="true"></to></flow><flow isAlias="true"><from sourceSinkType="Field" BaseType="java.util.ListIterator" gap="139"></from><to sourceSinkType="GapBaseObject" BaseType="java.util.ListIterator" gap="140"></to></flow><flow isAlias="true"><from sourceSinkType="Field" BaseType="java.util.SubList$1" AccessPath="[&lt;java.util.SubList$1: java.util.ListIterator i&gt;]" AccessPathTypes="[java.util.ListIterator]"></from><to sourceSinkType="GapBaseObject" BaseType="java.util.ListIterator" gap="140"></to></flow><flow isAlias="true"><from sourceSinkType="Field" BaseType="java.util.ListIterator" gap="140"></from><to sourceSinkType="Field" BaseType="java.util.SubList$1" AccessPath="[&lt;java.util.SubList$1: java.util.ListIterator i&gt;]" AccessPathTypes="[java.util.ListIterator]" taintSubFields="true"></to></flow></flows></method><method id="void add(java.lang.Object)"><flows><flow isAlias="true"><from sourceSinkType="Field" BaseType="java.util.SubList$1" AccessPath="[&lt;java.util.SubList$1: java.util.ListIterator i&gt;]" AccessPathTypes="[java.util.ListIterator]"></from><to sourceSinkType="GapBaseObject" BaseType="java.util.ListIterator" gap="148"></to></flow><flow isAlias="true"><from sourceSinkType="Field" BaseType="java.util.ListIterator" gap="148"></from><to sourceSinkType="Field" BaseType="java.util.SubList$1" AccessPath="[&lt;java.util.SubList$1: java.util.ListIterator i&gt;]" AccessPathTypes="[java.util.ListIterator]" taintSubFields="true"></to></flow><flow isAlias="true"><from sourceSinkType="Parameter" ParameterIndex="0" BaseType="java.lang.Object" gap="148"></from><to sourceSinkType="Parameter" ParameterIndex="0" BaseType="java.lang.Object" taintSubFields="true"></to></flow><flow isAlias="true"><from sourceSinkType="Parameter" ParameterIndex="0" BaseType="java.lang.Object"></from><to sourceSinkType="Parameter" ParameterIndex="0" BaseType="java.lang.Object" gap="148" taintSubFields="true"></to></flow><flow isAlias="false"><from sourceSinkType="Field" BaseType="java.util.SubList$1" AccessPath="[&lt;java.util.SubList$1: java.util.SubList this$0&gt;, &lt;java.util.SubList: java.util.AbstractList l&gt;, &lt;java.util.AbstractList: int modCount&gt;]" AccessPathTypes="[java.util.SubList, java.util.AbstractList, int]"></from><to sourceSinkType="Field" BaseType="java.util.SubList$1" AccessPath="[&lt;java.util.SubList$1: java.util.SubList this$0&gt;, &lt;java.util.AbstractList: int modCount&gt;]" AccessPathTypes="[java.util.SubList, int]" taintSubFields="true"></to></flow></flows></method></methods><gaps><gap num="139" id="&lt;java.util.ListIterator: int nextIndex()&gt;"></gap><gap num="148" id="&lt;java.util.ListIterator: void add(java.lang.Object)&gt;"></gap><gap num="143" id="&lt;java.util.ListIterator: int previousIndex()&gt;"></gap><gap num="142" id="&lt;java.util.ListIterator: java.lang.Object previous()&gt;"></gap><gap num="145" id="&lt;java.util.ListIterator: int previousIndex()&gt;"></gap><gap num="144" id="&lt;java.util.ListIterator: int nextIndex()&gt;"></gap><gap num="147" id="&lt;java.util.ListIterator: void set(java.lang.Object)&gt;"></gap><gap num="140" id="&lt;java.util.ListIterator: java.lang.Object next()&gt;"></gap><gap num="141" id="&lt;java.util.ListIterator: int previousIndex()&gt;"></gap><gap num="146" id="&lt;java.util.ListIterator: void remove()&gt;"></gap><gap num="138" id="&lt;java.util.ListIterator: int nextIndex()&gt;"></gap></gaps></summary>