<?xml version="1.0"?>
<summary fileFormatVersion="101">
	<hierarchy superClass="java.lang.Object">
		<interface name="java.util.Iterator" />
		<interface name="java.util.ListIterator" />
	</hierarchy>
    <methods>
        <method id="int previousIndex()">
            <flows>
                <flow isAlias="false">
                    <from sourceSinkType="Field" BaseType="java.util.LinkedList$ListItr" AccessPath="[&lt;java.util.LinkedList$ListItr: int nextIndex&gt;]" AccessPathTypes="[int]"></from>
                    <to sourceSinkType="Return" BaseType="int" taintSubFields="true"></to>
                </flow>
            </flows>
        </method>
        <method id="void set(java.lang.Object)">
            <flows>
                <flow isAlias="true">
                    <from sourceSinkType="Parameter" ParameterIndex="0" BaseType="java.lang.Object"></from>
                    <to sourceSinkType="Field" BaseType="java.util.LinkedList$ListItr" AccessPath="[&lt;java.util.LinkedList$ListItr: java.util.LinkedList$Node lastReturned&gt;, &lt;java.util.LinkedList$Node: java.lang.Object item&gt;]" AccessPathTypes="[java.util.LinkedList$Node, java.lang.Object]" taintSubFields="true"></to>
                </flow>
            </flows>
        </method>
        <method id="void remove()">
            <flows>
                <flow isAlias="false">
                    <from sourceSinkType="Field" BaseType="java.util.LinkedList$ListItr" AccessPath="[&lt;java.util.LinkedList$ListItr: java.util.LinkedList this$0&gt;, &lt;java.util.AbstractList: int modCount&gt;]" AccessPathTypes="[java.util.LinkedList, int]"></from>
                    <to sourceSinkType="Field" BaseType="java.util.LinkedList$ListItr" AccessPath="[&lt;java.util.LinkedList$ListItr: int expectedModCount&gt;]" AccessPathTypes="[int]" taintSubFields="true"></to>
                </flow>
                <flow isAlias="false">
                    <from sourceSinkType="Field" BaseType="java.util.LinkedList$ListItr" AccessPath="[&lt;java.util.LinkedList$ListItr: int expectedModCount&gt;]" AccessPathTypes="[int]"></from>
                    <to sourceSinkType="Field" BaseType="java.util.LinkedList$ListItr" AccessPath="[&lt;java.util.LinkedList$ListItr: java.util.LinkedList this$0&gt;, &lt;java.util.AbstractList: int modCount&gt;]" AccessPathTypes="[java.util.LinkedList, int]" taintSubFields="true"></to>
                </flow>
                <flow isAlias="true">
                    <from sourceSinkType="Field" BaseType="java.util.LinkedList$ListItr" AccessPath="[&lt;java.util.LinkedList$ListItr: java.util.LinkedList$Node lastReturned&gt;]" AccessPathTypes="[java.util.LinkedList$Node]"></from>
                    <to sourceSinkType="Field" BaseType="java.util.LinkedList$ListItr" AccessPath="[&lt;java.util.LinkedList$ListItr: java.util.LinkedList this$0&gt;, &lt;java.util.LinkedList: java.util.LinkedList$Node last&gt;]" AccessPathTypes="[java.util.LinkedList, java.util.LinkedList$Node]" taintSubFields="true"></to>
                </flow>
                <flow isAlias="true">
                    <from sourceSinkType="Field" BaseType="java.util.LinkedList$ListItr" AccessPath="[&lt;java.util.LinkedList$ListItr: java.util.LinkedList$Node lastReturned&gt;]" AccessPathTypes="[java.util.LinkedList$Node]"></from>
                    <to sourceSinkType="Field" BaseType="java.util.LinkedList$ListItr" AccessPath="[&lt;java.util.LinkedList$ListItr: java.util.LinkedList this$0&gt;, &lt;java.util.LinkedList: java.util.LinkedList$Node first&gt;]" AccessPathTypes="[java.util.LinkedList, java.util.LinkedList$Node]" taintSubFields="true"></to>
                </flow>
                <flow isAlias="true">
                    <from sourceSinkType="Field" BaseType="java.util.LinkedList$ListItr" AccessPath="[&lt;java.util.LinkedList$ListItr: java.util.LinkedList$Node lastReturned&gt;]" AccessPathTypes="[java.util.LinkedList$Node]"></from>
                    <to sourceSinkType="Field" BaseType="java.util.LinkedList$ListItr" AccessPath="[&lt;java.util.LinkedList$ListItr: java.util.LinkedList$Node next&gt;]" AccessPathTypes="[java.util.LinkedList$Node]" taintSubFields="true"></to>
                </flow>
            </flows>
        </method>
        <method id="int nextIndex()">
            <flows>
                <flow isAlias="false">
                    <from sourceSinkType="Field" BaseType="java.util.LinkedList$ListItr" AccessPath="[&lt;java.util.LinkedList$ListItr: int nextIndex&gt;]" AccessPathTypes="[int]"></from>
                    <to sourceSinkType="Return" BaseType="int" taintSubFields="true"></to>
                </flow>
            </flows>
        </method>
        <method id="java.lang.Object previous()">
            <flows>
                <flow isAlias="true">
                    <from sourceSinkType="Field" BaseType="java.util.LinkedList$ListItr" AccessPath="[&lt;java.util.LinkedList$ListItr: java.util.LinkedList$Node next&gt;]" AccessPathTypes="[java.util.LinkedList$Node]"></from>
                    <to sourceSinkType="Field" BaseType="java.util.LinkedList$ListItr" AccessPath="[&lt;java.util.LinkedList$ListItr: java.util.LinkedList$Node lastReturned&gt;]" AccessPathTypes="[java.util.LinkedList$Node]" taintSubFields="true"></to>
                </flow>
                <flow isAlias="true">
                    <from sourceSinkType="Field" BaseType="java.util.LinkedList$ListItr" AccessPath="[&lt;java.util.LinkedList$ListItr: java.util.LinkedList$Node lastReturned&gt;, &lt;java.util.LinkedList$Node: java.lang.Object item&gt;]" AccessPathTypes="[java.util.LinkedList$Node, java.lang.Object]"></from>
                    <to sourceSinkType="Return" BaseType="java.lang.Object" taintSubFields="true"></to>
                </flow>
                <flow isAlias="true">
                    <from sourceSinkType="Field" BaseType="java.util.LinkedList$ListItr" AccessPath="[&lt;java.util.LinkedList$ListItr: java.util.LinkedList$Node next&gt;]" AccessPathTypes="[java.util.LinkedList$Node]"></from>
                    <to sourceSinkType="Field" BaseType="java.util.LinkedList$ListItr" AccessPath="[&lt;java.util.LinkedList$ListItr: java.util.LinkedList this$0&gt;, &lt;java.util.LinkedList: java.util.LinkedList$Node first&gt;]" AccessPathTypes="[java.util.LinkedList, java.util.LinkedList$Node]" taintSubFields="true"></to>
                </flow>
                <flow isAlias="true">
                    <from sourceSinkType="Field" BaseType="java.util.LinkedList$ListItr" AccessPath="[&lt;java.util.LinkedList$ListItr: java.util.LinkedList this$0&gt;, &lt;java.util.LinkedList: java.util.LinkedList$Node last&gt;]" AccessPathTypes="[java.util.LinkedList, java.util.LinkedList$Node]"></from>
                    <to sourceSinkType="Field" BaseType="java.util.LinkedList$ListItr" AccessPath="[&lt;java.util.LinkedList$ListItr: java.util.LinkedList$Node next&gt;]" AccessPathTypes="[java.util.LinkedList$Node]" taintSubFields="true"></to>
                </flow>
                <flow isAlias="true">
                    <from sourceSinkType="Field" BaseType="java.util.LinkedList$ListItr" AccessPath="[&lt;java.util.LinkedList$ListItr: java.util.LinkedList$Node next&gt;]" AccessPathTypes="[java.util.LinkedList$Node]"></from>
                    <to sourceSinkType="Field" BaseType="java.util.LinkedList$ListItr" AccessPath="[&lt;java.util.LinkedList$ListItr: java.util.LinkedList this$0&gt;, &lt;java.util.LinkedList: java.util.LinkedList$Node last&gt;]" AccessPathTypes="[java.util.LinkedList, java.util.LinkedList$Node]" taintSubFields="true"></to>
                </flow>
                <flow isAlias="true">
                    <from sourceSinkType="Field" BaseType="java.util.LinkedList$ListItr" AccessPath="[&lt;java.util.LinkedList$ListItr: java.util.LinkedList this$0&gt;, &lt;java.util.LinkedList: java.util.LinkedList$Node last&gt;, &lt;java.util.LinkedList$Node: java.lang.Object item&gt;]" AccessPathTypes="[java.util.LinkedList, java.util.LinkedList$Node, java.lang.Object]"></from>
                    <to sourceSinkType="Return" BaseType="java.lang.Object" taintSubFields="true"></to>
                </flow>
                <flow isAlias="true">
                    <from sourceSinkType="Field" BaseType="java.util.LinkedList$ListItr" AccessPath="[&lt;java.util.LinkedList$ListItr: java.util.LinkedList this$0&gt;, &lt;java.util.LinkedList: java.util.LinkedList$Node last&gt;]" AccessPathTypes="[java.util.LinkedList, java.util.LinkedList$Node]"></from>
                    <to sourceSinkType="Field" BaseType="java.util.LinkedList$ListItr" AccessPath="[&lt;java.util.LinkedList$ListItr: java.util.LinkedList this$0&gt;, &lt;java.util.LinkedList: java.util.LinkedList$Node first&gt;]" AccessPathTypes="[java.util.LinkedList, java.util.LinkedList$Node]" taintSubFields="true"></to>
                </flow>
                <flow isAlias="true">
                    <from sourceSinkType="Field" BaseType="java.util.LinkedList$ListItr" AccessPath="[&lt;java.util.LinkedList$ListItr: java.util.LinkedList$Node next&gt;, &lt;java.util.LinkedList$Node: java.lang.Object item&gt;]" AccessPathTypes="[java.util.LinkedList$Node, java.lang.Object]"></from>
                    <to sourceSinkType="Return" BaseType="java.lang.Object" taintSubFields="true"></to>
                </flow>
                <flow isAlias="true">
                    <from sourceSinkType="Field" BaseType="java.util.LinkedList$ListItr" AccessPath="[&lt;java.util.LinkedList$ListItr: java.util.LinkedList this$0&gt;, &lt;java.util.LinkedList: java.util.LinkedList$Node last&gt;]" AccessPathTypes="[java.util.LinkedList, java.util.LinkedList$Node]"></from>
                    <to sourceSinkType="Field" BaseType="java.util.LinkedList$ListItr" AccessPath="[&lt;java.util.LinkedList$ListItr: java.util.LinkedList$Node lastReturned&gt;]" AccessPathTypes="[java.util.LinkedList$Node]" taintSubFields="true"></to>
                </flow>
            </flows>
        </method>
        <method id="java.lang.Object next()">
            <flows>
                <flow isAlias="true">
                    <from sourceSinkType="Field" BaseType="java.util.LinkedList$ListItr" AccessPath="[&lt;java.util.LinkedList$ListItr: java.util.LinkedList$Node next&gt;]" AccessPathTypes="[java.util.LinkedList$Node]"></from>
                    <to sourceSinkType="Field" BaseType="java.util.LinkedList$ListItr" AccessPath="[&lt;java.util.LinkedList$ListItr: java.util.LinkedList$Node lastReturned&gt;]" AccessPathTypes="[java.util.LinkedList$Node]" taintSubFields="true"></to>
                </flow>
                <flow isAlias="true">
                    <from sourceSinkType="Field" BaseType="java.util.LinkedList$ListItr" AccessPath="[&lt;java.util.LinkedList$ListItr: java.util.LinkedList$Node next&gt;, &lt;java.util.LinkedList$Node: java.lang.Object item&gt;]" AccessPathTypes="[java.util.LinkedList$Node, java.lang.Object]"></from>
                    <to sourceSinkType="Return" BaseType="java.lang.Object" taintSubFields="true"></to>
                </flow>
                <flow isAlias="true">
                    <from sourceSinkType="Field" BaseType="java.util.LinkedList$ListItr" AccessPath="[&lt;java.util.LinkedList$ListItr: java.util.LinkedList$Node next&gt;]" AccessPathTypes="[java.util.LinkedList$Node]"></from>
                    <to sourceSinkType="Field" BaseType="java.util.LinkedList$ListItr" AccessPath="[&lt;java.util.LinkedList$ListItr: java.util.LinkedList this$0&gt;, &lt;java.util.LinkedList: java.util.LinkedList$Node last&gt;]" AccessPathTypes="[java.util.LinkedList, java.util.LinkedList$Node]" taintSubFields="true"></to>
                </flow>
                <flow isAlias="true">
                    <from sourceSinkType="Field" BaseType="java.util.LinkedList$ListItr" AccessPath="[&lt;java.util.LinkedList$ListItr: java.util.LinkedList$Node lastReturned&gt;, &lt;java.util.LinkedList$Node: java.lang.Object item&gt;]" AccessPathTypes="[java.util.LinkedList$Node, java.lang.Object]"></from>
                    <to sourceSinkType="Return" BaseType="java.lang.Object" taintSubFields="true"></to>
                </flow>
                <flow isAlias="true">
                    <from sourceSinkType="Field" BaseType="java.util.LinkedList$ListItr" AccessPath="[&lt;java.util.LinkedList$ListItr: java.util.LinkedList$Node next&gt;]" AccessPathTypes="[java.util.LinkedList$Node]"></from>
                    <to sourceSinkType="Field" BaseType="java.util.LinkedList$ListItr" AccessPath="[&lt;java.util.LinkedList$ListItr: java.util.LinkedList this$0&gt;, &lt;java.util.LinkedList: java.util.LinkedList$Node first&gt;]" AccessPathTypes="[java.util.LinkedList, java.util.LinkedList$Node]" taintSubFields="true"></to>
                </flow>
            </flows>
        </method>
        <method id="void add(java.lang.Object)">
            <flows>
                <flow isAlias="true">
                    <from sourceSinkType="Field" BaseType="java.util.LinkedList$ListItr" AccessPath="[&lt;java.util.LinkedList$ListItr: java.util.LinkedList this$0&gt;, &lt;java.util.LinkedList: java.util.LinkedList$Node last&gt;]" AccessPathTypes="[java.util.LinkedList, java.util.LinkedList$Node]"></from>
                    <to sourceSinkType="Field" BaseType="java.util.LinkedList$ListItr" AccessPath="[&lt;java.util.LinkedList$ListItr: java.util.LinkedList$Node next&gt;]" AccessPathTypes="[java.util.LinkedList$Node]" taintSubFields="true"></to>
                </flow>
                <flow isAlias="true">
                    <from sourceSinkType="Field" BaseType="java.util.LinkedList$ListItr" AccessPath="[&lt;java.util.LinkedList$ListItr: java.util.LinkedList$Node next&gt;]" AccessPathTypes="[java.util.LinkedList$Node]"></from>
                    <to sourceSinkType="Field" BaseType="java.util.LinkedList$ListItr" AccessPath="[&lt;java.util.LinkedList$ListItr: java.util.LinkedList this$0&gt;, &lt;java.util.LinkedList: java.util.LinkedList$Node last&gt;]" AccessPathTypes="[java.util.LinkedList, java.util.LinkedList$Node]" taintSubFields="true"></to>
                </flow>
                <flow isAlias="true">
                    <from sourceSinkType="Parameter" ParameterIndex="0" BaseType="java.lang.Object"></from>
                    <to sourceSinkType="Field" BaseType="java.util.LinkedList$ListItr" AccessPath="[&lt;java.util.LinkedList$ListItr: java.util.LinkedList this$0&gt;, &lt;java.util.LinkedList: java.util.LinkedList$Node first&gt;, &lt;java.util.LinkedList$Node: java.lang.Object item&gt;]" AccessPathTypes="[java.util.LinkedList, java.util.LinkedList$Node, java.lang.Object]" taintSubFields="true"></to>
                </flow>
                <flow isAlias="true">
                    <from sourceSinkType="Field" BaseType="java.util.LinkedList$ListItr" AccessPath="[&lt;java.util.LinkedList$ListItr: java.util.LinkedList$Node next&gt;]" AccessPathTypes="[java.util.LinkedList$Node]"></from>
                    <to sourceSinkType="Field" BaseType="java.util.LinkedList$ListItr" AccessPath="[&lt;java.util.LinkedList$ListItr: java.util.LinkedList this$0&gt;, &lt;java.util.LinkedList: java.util.LinkedList$Node first&gt;]" AccessPathTypes="[java.util.LinkedList, java.util.LinkedList$Node]" taintSubFields="true"></to>
                </flow>
                <flow isAlias="false">
                    <from sourceSinkType="Field" BaseType="java.util.LinkedList$ListItr" AccessPath="[&lt;java.util.LinkedList$ListItr: java.util.LinkedList this$0&gt;, &lt;java.util.AbstractList: int modCount&gt;]" AccessPathTypes="[java.util.LinkedList, int]"></from>
                    <to sourceSinkType="Field" BaseType="java.util.LinkedList$ListItr" AccessPath="[&lt;java.util.LinkedList$ListItr: int expectedModCount&gt;]" AccessPathTypes="[int]" taintSubFields="true"></to>
                </flow>
                <flow isAlias="false">
                    <from sourceSinkType="Field" BaseType="java.util.LinkedList$ListItr" AccessPath="[&lt;java.util.LinkedList$ListItr: int expectedModCount&gt;]" AccessPathTypes="[int]"></from>
                    <to sourceSinkType="Field" BaseType="java.util.LinkedList$ListItr" AccessPath="[&lt;java.util.LinkedList$ListItr: java.util.LinkedList this$0&gt;, &lt;java.util.AbstractList: int modCount&gt;]" AccessPathTypes="[java.util.LinkedList, int]" taintSubFields="true"></to>
                </flow>
                <flow isAlias="true">
                    <from sourceSinkType="Parameter" ParameterIndex="0" BaseType="java.lang.Object"></from>
                    <to sourceSinkType="Field" BaseType="java.util.LinkedList$ListItr" AccessPath="[&lt;java.util.LinkedList$ListItr: java.util.LinkedList this$0&gt;, &lt;java.util.LinkedList: java.util.LinkedList$Node last&gt;, &lt;java.util.LinkedList$Node: java.lang.Object item&gt;]" AccessPathTypes="[java.util.LinkedList, java.util.LinkedList$Node, java.lang.Object]" taintSubFields="true"></to>
                </flow>
                <flow isAlias="true">
                    <from sourceSinkType="Parameter" ParameterIndex="0" BaseType="java.lang.Object"></from>
                    <to sourceSinkType="Field" BaseType="java.util.LinkedList$ListItr" AccessPath="[&lt;java.util.LinkedList$ListItr: java.util.LinkedList$Node next&gt;, &lt;java.util.LinkedList$Node: java.lang.Object item&gt;]" AccessPathTypes="[java.util.LinkedList$Node, java.lang.Object]" taintSubFields="true"></to>
                </flow>
                <flow isAlias="true">
                    <from sourceSinkType="Field" BaseType="java.util.LinkedList$ListItr" AccessPath="[&lt;java.util.LinkedList$ListItr: java.util.LinkedList this$0&gt;, &lt;java.util.LinkedList: java.util.LinkedList$Node last&gt;]" AccessPathTypes="[java.util.LinkedList, java.util.LinkedList$Node]"></from>
                    <to sourceSinkType="Field" BaseType="java.util.LinkedList$ListItr" AccessPath="[&lt;java.util.LinkedList$ListItr: java.util.LinkedList this$0&gt;, &lt;java.util.LinkedList: java.util.LinkedList$Node first&gt;]" AccessPathTypes="[java.util.LinkedList, java.util.LinkedList$Node]" taintSubFields="true"></to>
                </flow>
            </flows>
        </method>
    </methods>
    <gaps></gaps>
</summary>