<?xml version="1.0" ?><summary fileFormatVersion="101"><methods><method id="boolean add(java.lang.Object)"><flows><flow isAlias="true"><from sourceSinkType="Field" BaseType="java.util.Collection" gap="34"></from><to sourceSinkType="Field" BaseType="java.util.Collections$SynchronizedCollection" AccessPath="[&lt;java.util.Collections$SynchronizedCollection: java.util.Collection c&gt;]" AccessPathTypes="[java.util.Collection]" taintSubFields="true"></to></flow><flow isAlias="true"><from sourceSinkType="Field" BaseType="java.util.Collection" gap="34"></from><to sourceSinkType="Field" BaseType="java.util.Collections$SynchronizedCollection" AccessPath="[&lt;java.util.Collections$SynchronizedCollection: java.lang.Object mutex&gt;]" AccessPathTypes="[java.util.Collection]" taintSubFields="true"></to></flow><flow isAlias="true"><from sourceSinkType="Field" BaseType="java.util.Collections$SynchronizedCollection" AccessPath="[&lt;java.util.Collections$SynchronizedCollection: java.util.Collection c&gt;]" AccessPathTypes="[java.util.Collection]"></from><to sourceSinkType="Field" BaseType="java.util.Collection" taintSubFields="true"></to></flow><flow isAlias="true"><from sourceSinkType="Parameter" ParameterIndex="0" BaseType="java.lang.Object"></from><to sourceSinkType="Parameter" ParameterIndex="0" BaseType="java.lang.Object" gap="34" taintSubFields="true"></to></flow><flow isAlias="true"><from sourceSinkType="Parameter" ParameterIndex="0" BaseType="java.lang.Object" gap="34"></from><to sourceSinkType="Parameter" ParameterIndex="0" BaseType="java.lang.Object" taintSubFields="true"></to></flow><flow isAlias="true"><from sourceSinkType="Field" BaseType="java.util.Collections$SynchronizedCollection" AccessPath="[&lt;java.util.Collections$SynchronizedCollection: java.util.Collection c&gt;]" AccessPathTypes="[java.util.Collection]"></from><to sourceSinkType="GapBaseObject" BaseType="java.util.Collection" gap="34"></to></flow><flow isAlias="true"><from sourceSinkType="Field" BaseType="java.util.Collection" gap="34"></from><to sourceSinkType="Field" BaseType="java.util.Collection" taintSubFields="true"></to></flow><flow isAlias="true"><from sourceSinkType="Field" BaseType="java.util.Collection" gap="34"></from><to sourceSinkType="Field" BaseType="java.util.Collections$SynchronizedCollection" AccessPath="[&lt;java.util.Collections$SynchronizedCollection: java.util.Collection c&gt;]" AccessPathTypes="[java.util.Collection]" gap="34" taintSubFields="true"></to></flow></flows></method><method id="java.util.List subList(int,int)"><flows><flow isAlias="false"><from sourceSinkType="Parameter" ParameterIndex="1" BaseType="int"></from><to sourceSinkType="Parameter" ParameterIndex="1" BaseType="int" gap="27" taintSubFields="true"></to></flow><flow isAlias="false"><from sourceSinkType="Parameter" ParameterIndex="0" BaseType="int"></from><to sourceSinkType="Parameter" ParameterIndex="0" BaseType="int" gap="27" taintSubFields="true"></to></flow><flow isAlias="true"><from sourceSinkType="Field" BaseType="java.util.Collections$SynchronizedList" AccessPath="[&lt;java.util.Collections$SynchronizedList: java.util.List list&gt;]" AccessPathTypes="[java.util.List]"></from><to sourceSinkType="GapBaseObject" BaseType="java.util.List" gap="27"></to></flow><flow isAlias="true"><from sourceSinkType="Field" BaseType="java.util.Collections$SynchronizedList" AccessPath="[&lt;java.util.Collections$SynchronizedCollection: java.lang.Object mutex&gt;]" AccessPathTypes="[java.lang.Object]"></from><to sourceSinkType="Return" BaseType="java.util.Collections$SynchronizedCollection" AccessPath="[&lt;java.util.Collections$SynchronizedCollection: java.lang.Object mutex&gt;]" AccessPathTypes="[java.lang.Object]" taintSubFields="true"></to></flow><flow isAlias="true"><from sourceSinkType="Return" BaseType="java.util.List" gap="27"></from><to sourceSinkType="Return" BaseType="java.util.Collections$SynchronizedList" AccessPath="[&lt;java.util.Collections$SynchronizedList: java.util.List list&gt;]" AccessPathTypes="[java.util.List]" taintSubFields="true"></to></flow><flow isAlias="true"><from sourceSinkType="Return" BaseType="java.util.List" gap="27"></from><to sourceSinkType="Return" BaseType="java.util.Collections$SynchronizedCollection" AccessPath="[&lt;java.util.Collections$SynchronizedCollection: java.util.Collection c&gt;]" AccessPathTypes="[java.util.List]" taintSubFields="true"></to></flow><flow isAlias="true"><from sourceSinkType="Field" BaseType="java.util.List" gap="27"></from><to sourceSinkType="Field" BaseType="java.util.Collections$SynchronizedList" AccessPath="[&lt;java.util.Collections$SynchronizedList: java.util.List list&gt;]" AccessPathTypes="[java.util.List]" taintSubFields="true"></to></flow></flows></method><method id="int lastIndexOf(java.lang.Object)"><flows><flow isAlias="true"><from sourceSinkType="Field" BaseType="java.util.Collections$SynchronizedList" AccessPath="[&lt;java.util.Collections$SynchronizedList: java.util.List list&gt;]" AccessPathTypes="[java.util.List]"></from><to sourceSinkType="GapBaseObject" BaseType="java.util.List" gap="23"></to></flow><flow isAlias="true"><from sourceSinkType="Parameter" ParameterIndex="0" BaseType="java.lang.Object"></from><to sourceSinkType="Parameter" ParameterIndex="0" BaseType="java.lang.Object" gap="23" taintSubFields="true"></to></flow><flow isAlias="true"><from sourceSinkType="Parameter" ParameterIndex="0" BaseType="java.lang.Object" gap="23"></from><to sourceSinkType="Parameter" ParameterIndex="0" BaseType="java.lang.Object" taintSubFields="true"></to></flow><flow isAlias="true"><from sourceSinkType="Field" BaseType="java.util.List" gap="23"></from><to sourceSinkType="Field" BaseType="java.util.Collections$SynchronizedList" AccessPath="[&lt;java.util.Collections$SynchronizedList: java.util.List list&gt;]" AccessPathTypes="[java.util.List]" taintSubFields="true"></to></flow></flows></method><method id="boolean addAll(java.util.Collection)"><flows><flow isAlias="true"><from sourceSinkType="Parameter" ParameterIndex="0" BaseType="java.util.Collection" gap="37"></from><to sourceSinkType="Parameter" ParameterIndex="0" BaseType="java.util.Collections$SynchronizedCollection" AccessPath="[&lt;java.util.Collections$SynchronizedCollection: java.lang.Object mutex&gt;]" AccessPathTypes="[java.util.Collection]" taintSubFields="true"></to></flow><flow isAlias="true"><from sourceSinkType="Field" BaseType="java.util.Collection" gap="37"></from><to sourceSinkType="Field" BaseType="java.util.Collection" taintSubFields="true"></to></flow><flow isAlias="true"><from sourceSinkType="Field" BaseType="java.util.Collection" gap="37"></from><to sourceSinkType="Field" BaseType="java.util.Collections$SynchronizedCollection" AccessPath="[&lt;java.util.Collections$SynchronizedCollection: java.lang.Object mutex&gt;]" AccessPathTypes="[java.util.Collection]" taintSubFields="true"></to></flow><flow isAlias="true"><from sourceSinkType="Parameter" ParameterIndex="0" BaseType="java.util.Collection" gap="37"></from><to sourceSinkType="Field" BaseType="java.util.Collections$SynchronizedCollection" AccessPath="[&lt;java.util.Collections$SynchronizedCollection: java.lang.Object mutex&gt;]" AccessPathTypes="[java.util.Collection]" gap="37" taintSubFields="true"></to></flow><flow isAlias="true"><from sourceSinkType="Field" BaseType="java.util.Collections$SynchronizedCollection" AccessPath="[&lt;java.util.Collections$SynchronizedCollection: java.util.Collection c&gt;]" AccessPathTypes="[java.util.Collection]"></from><to sourceSinkType="GapBaseObject" BaseType="java.util.Collection" gap="37"></to></flow><flow isAlias="true"><from sourceSinkType="Field" BaseType="java.util.Collection" gap="37"></from><to sourceSinkType="Field" BaseType="java.util.Collections$SynchronizedCollection" AccessPath="[&lt;java.util.Collections$SynchronizedCollection: java.util.Collection c&gt;]" AccessPathTypes="[java.util.Collection]" gap="37" taintSubFields="true"></to></flow><flow isAlias="true"><from sourceSinkType="Field" BaseType="java.util.Collections$SynchronizedCollection" AccessPath="[&lt;java.util.Collections$SynchronizedCollection: java.util.Collection c&gt;]" AccessPathTypes="[java.util.Collection]"></from><to sourceSinkType="Field" BaseType="java.util.Collection" taintSubFields="true"></to></flow><flow isAlias="true"><from sourceSinkType="Parameter" ParameterIndex="0" BaseType="java.util.Collection" gap="37"></from><to sourceSinkType="Parameter" ParameterIndex="0" BaseType="java.util.Collection" taintSubFields="true"></to></flow><flow isAlias="true"><from sourceSinkType="Parameter" ParameterIndex="0" BaseType="java.util.Collection"></from><to sourceSinkType="Parameter" ParameterIndex="0" BaseType="java.util.Collection" gap="37" taintSubFields="true"></to></flow><flow isAlias="true"><from sourceSinkType="Field" BaseType="java.util.Collection" gap="37"></from><to sourceSinkType="Field" BaseType="java.util.Collections$SynchronizedCollection" AccessPath="[&lt;java.util.Collections$SynchronizedCollection: java.util.Collection c&gt;]" AccessPathTypes="[java.util.Collection]" taintSubFields="true"></to></flow></flows></method><method id="java.lang.Object[] toArray()"><flows><flow isAlias="true"><from sourceSinkType="Field" BaseType="java.util.Collection" gap="31"></from><to sourceSinkType="Field" BaseType="java.util.Collection" taintSubFields="true"></to></flow><flow isAlias="true"><from sourceSinkType="Field" BaseType="java.util.Collection" gap="31"></from><to sourceSinkType="Field" BaseType="java.util.Collections$SynchronizedCollection" AccessPath="[&lt;java.util.Collections$SynchronizedCollection: java.util.Collection c&gt;]" AccessPathTypes="[java.util.Collection]" gap="31" taintSubFields="true"></to></flow><flow isAlias="true"><from sourceSinkType="Field" BaseType="java.util.Collection" gap="31"></from><to sourceSinkType="Field" BaseType="java.util.Collections$SynchronizedCollection" AccessPath="[&lt;java.util.Collections$SynchronizedCollection: java.lang.Object mutex&gt;]" AccessPathTypes="[java.util.Collection]" taintSubFields="true"></to></flow><flow isAlias="true"><from sourceSinkType="Field" BaseType="java.util.Collections$SynchronizedCollection" AccessPath="[&lt;java.util.Collections$SynchronizedCollection: java.util.Collection c&gt;]" AccessPathTypes="[java.util.Collection]" gap="31"></from><to sourceSinkType="GapBaseObject" BaseType="java.util.Collection" gap="31"></to></flow><flow isAlias="true"><from sourceSinkType="Field" BaseType="java.util.Collection" gap="31"></from><to sourceSinkType="Field" BaseType="java.util.Collections$SynchronizedCollection" AccessPath="[&lt;java.util.Collections$SynchronizedCollection: java.util.Collection c&gt;]" AccessPathTypes="[java.util.Collection]" taintSubFields="true"></to></flow><flow isAlias="true"><from sourceSinkType="Field" BaseType="java.util.Collections$SynchronizedCollection" AccessPath="[&lt;java.util.Collections$SynchronizedCollection: java.util.Collection c&gt;]" AccessPathTypes="[java.util.Collection]"></from><to sourceSinkType="Field" BaseType="java.util.Collection" taintSubFields="true"></to></flow><flow isAlias="true"><from sourceSinkType="Field" BaseType="java.util.Collections$SynchronizedCollection" AccessPath="[&lt;java.util.Collections$SynchronizedCollection: java.util.Collection c&gt;]" AccessPathTypes="[java.util.Collection]"></from><to sourceSinkType="GapBaseObject" BaseType="java.util.Collection" gap="31"></to></flow></flows></method><method id="boolean equals(java.lang.Object)"><flows><flow isAlias="true"><from sourceSinkType="Parameter" ParameterIndex="0" BaseType="java.lang.Object" gap="16"></from><to sourceSinkType="Parameter" ParameterIndex="0" BaseType="java.lang.Object" taintSubFields="true"></to></flow><flow isAlias="true"><from sourceSinkType="Parameter" ParameterIndex="0" BaseType="java.lang.Object"></from><to sourceSinkType="Parameter" ParameterIndex="0" BaseType="java.lang.Object" gap="16" taintSubFields="true"></to></flow><flow isAlias="true"><from sourceSinkType="Field" BaseType="java.util.List" gap="16"></from><to sourceSinkType="Field" BaseType="java.util.Collections$SynchronizedList" AccessPath="[&lt;java.util.Collections$SynchronizedList: java.util.List list&gt;]" AccessPathTypes="[java.util.List]" taintSubFields="true"></to></flow><flow isAlias="true"><from sourceSinkType="Field" BaseType="java.util.Collections$SynchronizedList" AccessPath="[&lt;java.util.Collections$SynchronizedList: java.util.List list&gt;]" AccessPathTypes="[java.util.List]"></from><to sourceSinkType="GapBaseObject" BaseType="java.util.List" gap="16"></to></flow></flows></method><method id="java.lang.Object get(int)"><flows><flow isAlias="true"><from sourceSinkType="Field" BaseType="java.util.Collections$SynchronizedList" AccessPath="[&lt;java.util.Collections$SynchronizedList: java.util.List list&gt;]" AccessPathTypes="[java.util.List]"></from><to sourceSinkType="GapBaseObject" BaseType="java.util.List" gap="18"></to></flow><flow isAlias="false"><from sourceSinkType="Parameter" ParameterIndex="0" BaseType="int"></from><to sourceSinkType="Parameter" ParameterIndex="0" BaseType="int" gap="18" taintSubFields="true"></to></flow><flow isAlias="true"><from sourceSinkType="Field" BaseType="java.util.List" gap="18"></from><to sourceSinkType="Field" BaseType="java.util.Collections$SynchronizedList" AccessPath="[&lt;java.util.Collections$SynchronizedList: java.util.List list&gt;]" AccessPathTypes="[java.util.List]" taintSubFields="true"></to></flow><flow isAlias="true"><from sourceSinkType="Return" BaseType="java.lang.Object" gap="18"></from><to sourceSinkType="Return" BaseType="java.lang.Object" taintSubFields="true"></to></flow></flows></method><method id="boolean contains(java.lang.Object)"><flows><flow isAlias="true"><from sourceSinkType="Field" BaseType="java.util.Collection" gap="30"></from><to sourceSinkType="Field" BaseType="java.util.Collections$SynchronizedCollection" AccessPath="[&lt;java.util.Collections$SynchronizedCollection: java.lang.Object mutex&gt;]" AccessPathTypes="[java.util.Collection]" taintSubFields="true"></to></flow><flow isAlias="true"><from sourceSinkType="Field" BaseType="java.util.Collections$SynchronizedCollection" AccessPath="[&lt;java.util.Collections$SynchronizedCollection: java.util.Collection c&gt;]" AccessPathTypes="[java.util.Collection]"></from><to sourceSinkType="GapBaseObject" BaseType="java.util.Collection" gap="30"></to></flow><flow isAlias="true"><from sourceSinkType="Field" BaseType="java.util.Collection" gap="30"></from><to sourceSinkType="Field" BaseType="java.util.Collections$SynchronizedCollection" AccessPath="[&lt;java.util.Collections$SynchronizedCollection: java.util.Collection c&gt;]" AccessPathTypes="[java.util.Collection]" taintSubFields="true"></to></flow><flow isAlias="true"><from sourceSinkType="Parameter" ParameterIndex="0" BaseType="java.lang.Object"></from><to sourceSinkType="Parameter" ParameterIndex="0" BaseType="java.lang.Object" gap="30" taintSubFields="true"></to></flow><flow isAlias="true"><from sourceSinkType="Parameter" ParameterIndex="0" BaseType="java.lang.Object" gap="30"></from><to sourceSinkType="Parameter" ParameterIndex="0" BaseType="java.lang.Object" taintSubFields="true"></to></flow><flow isAlias="true"><from sourceSinkType="Field" BaseType="java.util.Collection" gap="30"></from><to sourceSinkType="Field" BaseType="java.util.Collections$SynchronizedCollection" AccessPath="[&lt;java.util.Collections$SynchronizedCollection: java.util.Collection c&gt;]" AccessPathTypes="[java.util.Collection]" gap="30" taintSubFields="true"></to></flow><flow isAlias="true"><from sourceSinkType="Field" BaseType="java.util.Collection" gap="30"></from><to sourceSinkType="Field" BaseType="java.util.Collection" taintSubFields="true"></to></flow><flow isAlias="true"><from sourceSinkType="Field" BaseType="java.util.Collections$SynchronizedCollection" AccessPath="[&lt;java.util.Collections$SynchronizedCollection: java.util.Collection c&gt;]" AccessPathTypes="[java.util.Collection]"></from><to sourceSinkType="Field" BaseType="java.util.Collection" taintSubFields="true"></to></flow></flows></method><method id="void add(int,java.lang.Object)"><flows><flow isAlias="false"><from sourceSinkType="Parameter" ParameterIndex="0" BaseType="int"></from><to sourceSinkType="Parameter" ParameterIndex="0" BaseType="int" gap="20" taintSubFields="true"></to></flow><flow isAlias="true"><from sourceSinkType="Field" BaseType="java.util.List" gap="20"></from><to sourceSinkType="Field" BaseType="java.util.Collections$SynchronizedList" AccessPath="[&lt;java.util.Collections$SynchronizedList: java.util.List list&gt;]" AccessPathTypes="[java.util.List]" taintSubFields="true"></to></flow><flow isAlias="true"><from sourceSinkType="Field" BaseType="java.util.Collections$SynchronizedList" AccessPath="[&lt;java.util.Collections$SynchronizedList: java.util.List list&gt;]" AccessPathTypes="[java.util.List]"></from><to sourceSinkType="GapBaseObject" BaseType="java.util.List" gap="20"></to></flow><flow isAlias="true"><from sourceSinkType="Parameter" ParameterIndex="1" BaseType="java.lang.Object"></from><to sourceSinkType="Parameter" ParameterIndex="1" BaseType="java.lang.Object" gap="20" taintSubFields="true"></to></flow><flow isAlias="true"><from sourceSinkType="Parameter" ParameterIndex="1" BaseType="java.lang.Object" gap="20"></from><to sourceSinkType="Parameter" ParameterIndex="1" BaseType="java.lang.Object" taintSubFields="true"></to></flow></flows></method><method id="java.lang.Object set(int,java.lang.Object)"><flows><flow isAlias="false"><from sourceSinkType="Parameter" ParameterIndex="0" BaseType="int"></from><to sourceSinkType="Parameter" ParameterIndex="0" BaseType="int" gap="19" taintSubFields="true"></to></flow><flow isAlias="true"><from sourceSinkType="Field" BaseType="java.util.List" gap="19"></from><to sourceSinkType="Field" BaseType="java.util.Collections$SynchronizedList" AccessPath="[&lt;java.util.Collections$SynchronizedList: java.util.List list&gt;]" AccessPathTypes="[java.util.List]" taintSubFields="true"></to></flow><flow isAlias="true"><from sourceSinkType="Parameter" ParameterIndex="1" BaseType="java.lang.Object"></from><to sourceSinkType="Parameter" ParameterIndex="1" BaseType="java.lang.Object" gap="19" taintSubFields="true"></to></flow><flow isAlias="true"><from sourceSinkType="Parameter" ParameterIndex="1" BaseType="java.lang.Object" gap="19"></from><to sourceSinkType="Parameter" ParameterIndex="1" BaseType="java.lang.Object" taintSubFields="true"></to></flow><flow isAlias="true"><from sourceSinkType="Field" BaseType="java.util.Collections$SynchronizedList" AccessPath="[&lt;java.util.Collections$SynchronizedList: java.util.List list&gt;]" AccessPathTypes="[java.util.List]"></from><to sourceSinkType="GapBaseObject" BaseType="java.util.List" gap="19"></to></flow><flow isAlias="true"><from sourceSinkType="Return" BaseType="java.lang.Object" gap="19"></from><to sourceSinkType="Return" BaseType="java.lang.Object" taintSubFields="true"></to></flow></flows></method><method id="java.lang.Object remove(int)"><flows><flow isAlias="false"><from sourceSinkType="Parameter" ParameterIndex="0" BaseType="int"></from><to sourceSinkType="Parameter" ParameterIndex="0" BaseType="int" gap="21" taintSubFields="true"></to></flow><flow isAlias="true"><from sourceSinkType="Field" BaseType="java.util.Collections$SynchronizedList" AccessPath="[&lt;java.util.Collections$SynchronizedList: java.util.List list&gt;]" AccessPathTypes="[java.util.List]"></from><to sourceSinkType="GapBaseObject" BaseType="java.util.List" gap="21"></to></flow><flow isAlias="true"><from sourceSinkType="Return" BaseType="java.lang.Object" gap="21"></from><to sourceSinkType="Return" BaseType="java.lang.Object" taintSubFields="true"></to></flow><flow isAlias="true"><from sourceSinkType="Field" BaseType="java.util.List" gap="21"></from><to sourceSinkType="Field" BaseType="java.util.Collections$SynchronizedList" AccessPath="[&lt;java.util.Collections$SynchronizedList: java.util.List list&gt;]" AccessPathTypes="[java.util.List]" taintSubFields="true"></to></flow></flows></method><method id="boolean isEmpty()"><flows><flow isAlias="true"><from sourceSinkType="Field" BaseType="java.util.Collection" gap="29"></from><to sourceSinkType="Field" BaseType="java.util.Collection" taintSubFields="true"></to></flow><flow isAlias="true"><from sourceSinkType="Field" BaseType="java.util.Collection" gap="29"></from><to sourceSinkType="Field" BaseType="java.util.Collections$SynchronizedCollection" AccessPath="[&lt;java.util.Collections$SynchronizedCollection: java.util.Collection c&gt;]" AccessPathTypes="[java.util.Collection]" gap="29" taintSubFields="true"></to></flow><flow isAlias="true"><from sourceSinkType="Field" BaseType="java.util.Collections$SynchronizedCollection" AccessPath="[&lt;java.util.Collections$SynchronizedCollection: java.util.Collection c&gt;]" AccessPathTypes="[java.util.Collection]"></from><to sourceSinkType="GapBaseObject" BaseType="java.util.Collection" gap="29"></to></flow><flow isAlias="true"><from sourceSinkType="Field" BaseType="java.util.Collection" gap="29"></from><to sourceSinkType="Field" BaseType="java.util.Collections$SynchronizedCollection" AccessPath="[&lt;java.util.Collections$SynchronizedCollection: java.util.Collection c&gt;]" AccessPathTypes="[java.util.Collection]" taintSubFields="true"></to></flow><flow isAlias="true"><from sourceSinkType="Field" BaseType="java.util.Collections$SynchronizedCollection" AccessPath="[&lt;java.util.Collections$SynchronizedCollection: java.util.Collection c&gt;]" AccessPathTypes="[java.util.Collection]"></from><to sourceSinkType="Field" BaseType="java.util.Collection" taintSubFields="true"></to></flow><flow isAlias="true"><from sourceSinkType="Field" BaseType="java.util.Collection" gap="29"></from><to sourceSinkType="Field" BaseType="java.util.Collections$SynchronizedCollection" AccessPath="[&lt;java.util.Collections$SynchronizedCollection: java.lang.Object mutex&gt;]" AccessPathTypes="[java.util.Collection]" taintSubFields="true"></to></flow></flows></method><method id="java.util.ListIterator listIterator(int)"><flows><flow isAlias="false"><from sourceSinkType="Parameter" ParameterIndex="0" BaseType="int"></from><to sourceSinkType="Parameter" ParameterIndex="0" BaseType="int" gap="26" taintSubFields="true"></to></flow><flow isAlias="true"><from sourceSinkType="Return" BaseType="java.util.ListIterator" gap="26"></from><to sourceSinkType="Return" BaseType="java.util.ListIterator" taintSubFields="true"></to></flow><flow isAlias="true"><from sourceSinkType="Field" BaseType="java.util.Collections$SynchronizedList" AccessPath="[&lt;java.util.Collections$SynchronizedList: java.util.List list&gt;]" AccessPathTypes="[java.util.List]"></from><to sourceSinkType="GapBaseObject" BaseType="java.util.List" gap="26"></to></flow><flow isAlias="true"><from sourceSinkType="Field" BaseType="java.util.List" gap="26"></from><to sourceSinkType="Field" BaseType="java.util.Collections$SynchronizedList" AccessPath="[&lt;java.util.Collections$SynchronizedList: java.util.List list&gt;]" AccessPathTypes="[java.util.List]" taintSubFields="true"></to></flow></flows></method><method id="boolean removeAll(java.util.Collection)"><flows><flow isAlias="true"><from sourceSinkType="Field" BaseType="java.util.Collection" gap="38"></from><to sourceSinkType="Field" BaseType="java.util.Collections$SynchronizedCollection" AccessPath="[&lt;java.util.Collections$SynchronizedCollection: java.util.Collection c&gt;]" AccessPathTypes="[java.util.Collection]" taintSubFields="true"></to></flow><flow isAlias="true"><from sourceSinkType="Parameter" ParameterIndex="0" BaseType="java.util.Collection" gap="38"></from><to sourceSinkType="Parameter" ParameterIndex="0" BaseType="java.util.Collections$SynchronizedCollection" AccessPath="[&lt;java.util.Collections$SynchronizedCollection: java.lang.Object mutex&gt;]" AccessPathTypes="[java.util.Collection]" taintSubFields="true"></to></flow><flow isAlias="true"><from sourceSinkType="Field" BaseType="java.util.Collections$SynchronizedCollection" AccessPath="[&lt;java.util.Collections$SynchronizedCollection: java.util.Collection c&gt;]" AccessPathTypes="[java.util.Collection]"></from><to sourceSinkType="GapBaseObject" BaseType="java.util.Collection" gap="38"></to></flow><flow isAlias="true"><from sourceSinkType="Field" BaseType="java.util.Collections$SynchronizedCollection" AccessPath="[&lt;java.util.Collections$SynchronizedCollection: java.util.Collection c&gt;]" AccessPathTypes="[java.util.Collection]"></from><to sourceSinkType="Field" BaseType="java.util.Collection" taintSubFields="true"></to></flow><flow isAlias="true"><from sourceSinkType="Parameter" ParameterIndex="0" BaseType="java.util.Collection" gap="38"></from><to sourceSinkType="Field" BaseType="java.util.Collections$SynchronizedCollection" AccessPath="[&lt;java.util.Collections$SynchronizedCollection: java.lang.Object mutex&gt;]" AccessPathTypes="[java.util.Collection]" gap="38" taintSubFields="true"></to></flow><flow isAlias="true"><from sourceSinkType="Parameter" ParameterIndex="0" BaseType="java.util.Collection"></from><to sourceSinkType="Parameter" ParameterIndex="0" BaseType="java.util.Collection" gap="38" taintSubFields="true"></to></flow><flow isAlias="true"><from sourceSinkType="Parameter" ParameterIndex="0" BaseType="java.util.Collection" gap="38"></from><to sourceSinkType="Parameter" ParameterIndex="0" BaseType="java.util.Collection" taintSubFields="true"></to></flow><flow isAlias="true"><from sourceSinkType="Field" BaseType="java.util.Collection" gap="38"></from><to sourceSinkType="Field" BaseType="java.util.Collections$SynchronizedCollection" AccessPath="[&lt;java.util.Collections$SynchronizedCollection: java.util.Collection c&gt;]" AccessPathTypes="[java.util.Collection]" gap="38" taintSubFields="true"></to></flow><flow isAlias="true"><from sourceSinkType="Field" BaseType="java.util.Collection" gap="38"></from><to sourceSinkType="Field" BaseType="java.util.Collections$SynchronizedCollection" AccessPath="[&lt;java.util.Collections$SynchronizedCollection: java.lang.Object mutex&gt;]" AccessPathTypes="[java.util.Collection]" taintSubFields="true"></to></flow><flow isAlias="true"><from sourceSinkType="Field" BaseType="java.util.Collection" gap="38"></from><to sourceSinkType="Field" BaseType="java.util.Collection" taintSubFields="true"></to></flow></flows></method><method id="boolean retainAll(java.util.Collection)"><flows><flow isAlias="true"><from sourceSinkType="Field" BaseType="java.util.Collections$SynchronizedCollection" AccessPath="[&lt;java.util.Collections$SynchronizedCollection: java.util.Collection c&gt;]" AccessPathTypes="[java.util.Collection]"></from><to sourceSinkType="Field" BaseType="java.util.Collection" taintSubFields="true"></to></flow><flow isAlias="true"><from sourceSinkType="Field" BaseType="java.util.Collection" gap="39"></from><to sourceSinkType="Field" BaseType="java.util.Collections$SynchronizedCollection" AccessPath="[&lt;java.util.Collections$SynchronizedCollection: java.util.Collection c&gt;]" AccessPathTypes="[java.util.Collection]" gap="39" taintSubFields="true"></to></flow><flow isAlias="true"><from sourceSinkType="Parameter" ParameterIndex="0" BaseType="java.util.Collection" gap="39"></from><to sourceSinkType="Parameter" ParameterIndex="0" BaseType="java.util.Collection" taintSubFields="true"></to></flow><flow isAlias="true"><from sourceSinkType="Parameter" ParameterIndex="0" BaseType="java.util.Collection"></from><to sourceSinkType="Parameter" ParameterIndex="0" BaseType="java.util.Collection" gap="39" taintSubFields="true"></to></flow><flow isAlias="true"><from sourceSinkType="Field" BaseType="java.util.Collection" gap="39"></from><to sourceSinkType="Field" BaseType="java.util.Collections$SynchronizedCollection" AccessPath="[&lt;java.util.Collections$SynchronizedCollection: java.lang.Object mutex&gt;]" AccessPathTypes="[java.util.Collection]" taintSubFields="true"></to></flow><flow isAlias="true"><from sourceSinkType="Field" BaseType="java.util.Collection" gap="39"></from><to sourceSinkType="Field" BaseType="java.util.Collection" taintSubFields="true"></to></flow><flow isAlias="true"><from sourceSinkType="Field" BaseType="java.util.Collections$SynchronizedCollection" AccessPath="[&lt;java.util.Collections$SynchronizedCollection: java.util.Collection c&gt;]" AccessPathTypes="[java.util.Collection]"></from><to sourceSinkType="GapBaseObject" BaseType="java.util.Collection" gap="39"></to></flow><flow isAlias="true"><from sourceSinkType="Parameter" ParameterIndex="0" BaseType="java.util.Collection" gap="39"></from><to sourceSinkType="Parameter" ParameterIndex="0" BaseType="java.util.Collections$SynchronizedCollection" AccessPath="[&lt;java.util.Collections$SynchronizedCollection: java.lang.Object mutex&gt;]" AccessPathTypes="[java.util.Collection]" taintSubFields="true"></to></flow><flow isAlias="true"><from sourceSinkType="Field" BaseType="java.util.Collections$SynchronizedCollection" AccessPath="[&lt;java.util.Collections$SynchronizedCollection: java.util.Collection c&gt;]" AccessPathTypes="[java.util.Collection]" gap="39"></from><to sourceSinkType="GapBaseObject" BaseType="java.util.Collection" gap="39"></to></flow><flow isAlias="true"><from sourceSinkType="Parameter" ParameterIndex="0" BaseType="java.util.Collection" gap="39"></from><to sourceSinkType="Field" BaseType="java.util.Collections$SynchronizedCollection" AccessPath="[&lt;java.util.Collections$SynchronizedCollection: java.lang.Object mutex&gt;]" AccessPathTypes="[java.util.Collection]" gap="39" taintSubFields="true"></to></flow><flow isAlias="true"><from sourceSinkType="Field" BaseType="java.util.Collection" gap="39"></from><to sourceSinkType="Field" BaseType="java.util.Collections$SynchronizedCollection" AccessPath="[&lt;java.util.Collections$SynchronizedCollection: java.util.Collection c&gt;]" AccessPathTypes="[java.util.Collection]" taintSubFields="true"></to></flow></flows></method><method id="int hashCode()"><flows><flow isAlias="true"><from sourceSinkType="Field" BaseType="java.util.Collections$SynchronizedList" AccessPath="[&lt;java.util.Collections$SynchronizedList: java.util.List list&gt;]" AccessPathTypes="[java.util.List]"></from><to sourceSinkType="GapBaseObject" BaseType="java.util.List" gap="17"></to></flow><flow isAlias="true"><from sourceSinkType="Field" BaseType="java.util.List" gap="17"></from><to sourceSinkType="Field" BaseType="java.util.Collections$SynchronizedList" AccessPath="[&lt;java.util.Collections$SynchronizedList: java.util.List list&gt;]" AccessPathTypes="[java.util.List]" taintSubFields="true"></to></flow></flows></method><method id="int size()"><flows><flow isAlias="true"><from sourceSinkType="Field" BaseType="java.util.Collection" gap="28"></from><to sourceSinkType="Field" BaseType="java.util.Collection" taintSubFields="true"></to></flow><flow isAlias="true"><from sourceSinkType="Field" BaseType="java.util.Collections$SynchronizedCollection" AccessPath="[&lt;java.util.Collections$SynchronizedCollection: java.util.Collection c&gt;]" AccessPathTypes="[java.util.Collection]"></from><to sourceSinkType="GapBaseObject" BaseType="java.util.Collection" gap="28"></to></flow><flow isAlias="true"><from sourceSinkType="Field" BaseType="java.util.Collections$SynchronizedCollection" AccessPath="[&lt;java.util.Collections$SynchronizedCollection: java.util.Collection c&gt;]" AccessPathTypes="[java.util.Collection]" gap="28"></from><to sourceSinkType="GapBaseObject" BaseType="java.util.Collection" gap="28"></to></flow><flow isAlias="true"><from sourceSinkType="Field" BaseType="java.util.Collection" gap="28"></from><to sourceSinkType="Field" BaseType="java.util.Collections$SynchronizedCollection" AccessPath="[&lt;java.util.Collections$SynchronizedCollection: java.util.Collection c&gt;]" AccessPathTypes="[java.util.Collection]" taintSubFields="true"></to></flow><flow isAlias="true"><from sourceSinkType="Field" BaseType="java.util.Collection" gap="28"></from><to sourceSinkType="Field" BaseType="java.util.Collections$SynchronizedCollection" AccessPath="[&lt;java.util.Collections$SynchronizedCollection: java.lang.Object mutex&gt;]" AccessPathTypes="[java.util.Collection]" taintSubFields="true"></to></flow><flow isAlias="true"><from sourceSinkType="Field" BaseType="java.util.Collection" gap="28"></from><to sourceSinkType="Field" BaseType="java.util.Collections$SynchronizedCollection" AccessPath="[&lt;java.util.Collections$SynchronizedCollection: java.util.Collection c&gt;]" AccessPathTypes="[java.util.Collection]" gap="28" taintSubFields="true"></to></flow><flow isAlias="true"><from sourceSinkType="Field" BaseType="java.util.Collections$SynchronizedCollection" AccessPath="[&lt;java.util.Collections$SynchronizedCollection: java.util.Collection c&gt;]" AccessPathTypes="[java.util.Collection]"></from><to sourceSinkType="Field" BaseType="java.util.Collection" taintSubFields="true"></to></flow></flows></method><method id="java.util.ListIterator listIterator()"><flows><flow isAlias="true"><from sourceSinkType="Return" BaseType="java.util.ListIterator" gap="25"></from><to sourceSinkType="Return" BaseType="java.util.ListIterator" taintSubFields="true"></to></flow><flow isAlias="true"><from sourceSinkType="Field" BaseType="java.util.Collections$SynchronizedList" AccessPath="[&lt;java.util.Collections$SynchronizedList: java.util.List list&gt;]" AccessPathTypes="[java.util.List]"></from><to sourceSinkType="GapBaseObject" BaseType="java.util.List" gap="25"></to></flow><flow isAlias="true"><from sourceSinkType="Field" BaseType="java.util.List" gap="25"></from><to sourceSinkType="Field" BaseType="java.util.Collections$SynchronizedList" AccessPath="[&lt;java.util.Collections$SynchronizedList: java.util.List list&gt;]" AccessPathTypes="[java.util.List]" taintSubFields="true"></to></flow></flows></method><method id="java.lang.String toString()"><flows><flow isAlias="true"><from sourceSinkType="Field" BaseType="java.util.Collections$SynchronizedCollection" AccessPath="[&lt;java.util.Collections$SynchronizedCollection: java.util.Collection c&gt;]" AccessPathTypes="[java.util.Collection]"></from><to sourceSinkType="Field" BaseType="java.util.Collection" taintSubFields="true"></to></flow></flows></method><method id="java.util.Iterator iterator()"><flows><flow isAlias="true"><from sourceSinkType="Field" BaseType="java.util.Collection" gap="33"></from><to sourceSinkType="Field" BaseType="java.util.Collections$SynchronizedCollection" AccessPath="[&lt;java.util.Collections$SynchronizedCollection: java.util.Collection c&gt;]" AccessPathTypes="[java.util.Collection]" taintSubFields="true"></to></flow><flow isAlias="true"><from sourceSinkType="Return" BaseType="java.util.Iterator" gap="33"></from><to sourceSinkType="Return" BaseType="java.util.Iterator" taintSubFields="true"></to></flow><flow isAlias="true"><from sourceSinkType="Field" BaseType="java.util.Collection" gap="33"></from><to sourceSinkType="Field" BaseType="java.util.Collection" taintSubFields="true"></to></flow><flow isAlias="true"><from sourceSinkType="Field" BaseType="java.util.Collection" gap="33"></from><to sourceSinkType="Field" BaseType="java.util.Collections$SynchronizedCollection" AccessPath="[&lt;java.util.Collections$SynchronizedCollection: java.util.Collection c&gt;]" AccessPathTypes="[java.util.Collection]" gap="33" taintSubFields="true"></to></flow><flow isAlias="true"><from sourceSinkType="Field" BaseType="java.util.Collections$SynchronizedCollection" AccessPath="[&lt;java.util.Collections$SynchronizedCollection: java.util.Collection c&gt;]" AccessPathTypes="[java.util.Collection]"></from><to sourceSinkType="Field" BaseType="java.util.Collection" taintSubFields="true"></to></flow><flow isAlias="true"><from sourceSinkType="Field" BaseType="java.util.Collection" gap="33"></from><to sourceSinkType="Field" BaseType="java.util.Collections$SynchronizedCollection" AccessPath="[&lt;java.util.Collections$SynchronizedCollection: java.lang.Object mutex&gt;]" AccessPathTypes="[java.util.Collection]" taintSubFields="true"></to></flow><flow isAlias="true"><from sourceSinkType="Field" BaseType="java.util.Collections$SynchronizedCollection" AccessPath="[&lt;java.util.Collections$SynchronizedCollection: java.util.Collection c&gt;]" AccessPathTypes="[java.util.Collection]"></from><to sourceSinkType="GapBaseObject" BaseType="java.util.Collection" gap="33"></to></flow></flows></method><method id="java.lang.Object[] toArray(java.lang.Object[])"><flows><flow isAlias="true"><from sourceSinkType="Field" BaseType="java.util.Collections$SynchronizedCollection" AccessPath="[&lt;java.util.Collections$SynchronizedCollection: java.util.Collection c&gt;]" AccessPathTypes="[java.util.Collection]"></from><to sourceSinkType="GapBaseObject" BaseType="java.util.Collection" gap="32"></to></flow><flow isAlias="true"><from sourceSinkType="Field" BaseType="java.util.Collection" gap="32"></from><to sourceSinkType="Field" BaseType="java.util.Collections$SynchronizedCollection" AccessPath="[&lt;java.util.Collections$SynchronizedCollection: java.lang.Object mutex&gt;]" AccessPathTypes="[java.util.Collection]" taintSubFields="true"></to></flow><flow isAlias="true"><from sourceSinkType="Parameter" ParameterIndex="0" BaseType="java.lang.Object[]"></from><to sourceSinkType="Parameter" ParameterIndex="0" BaseType="java.lang.Object[]" gap="32" taintSubFields="true"></to></flow><flow isAlias="true"><from sourceSinkType="Field" BaseType="java.util.Collections$SynchronizedCollection" AccessPath="[&lt;java.util.Collections$SynchronizedCollection: java.util.Collection c&gt;]" AccessPathTypes="[java.util.Collection]"></from><to sourceSinkType="Field" BaseType="java.util.Collection" taintSubFields="true"></to></flow><flow isAlias="true"><from sourceSinkType="Field" BaseType="java.util.Collection" gap="32"></from><to sourceSinkType="Field" BaseType="java.util.Collection" taintSubFields="true"></to></flow><flow isAlias="true"><from sourceSinkType="Field" BaseType="java.util.Collection" gap="32"></from><to sourceSinkType="Field" BaseType="java.util.Collections$SynchronizedCollection" AccessPath="[&lt;java.util.Collections$SynchronizedCollection: java.util.Collection c&gt;]" AccessPathTypes="[java.util.Collection]" taintSubFields="true"></to></flow><flow isAlias="true"><from sourceSinkType="Field" BaseType="java.util.Collection" gap="32"></from><to sourceSinkType="Field" BaseType="java.util.Collections$SynchronizedCollection" AccessPath="[&lt;java.util.Collections$SynchronizedCollection: java.util.Collection c&gt;]" AccessPathTypes="[java.util.Collection]" gap="32" taintSubFields="true"></to></flow></flows></method><method id="boolean addAll(int,java.util.Collection)"><flows><flow isAlias="true"><from sourceSinkType="Field" BaseType="java.util.List" gap="24"></from><to sourceSinkType="Field" BaseType="java.util.Collections$SynchronizedList" AccessPath="[&lt;java.util.Collections$SynchronizedList: java.util.List list&gt;]" AccessPathTypes="[java.util.List]" taintSubFields="true"></to></flow><flow isAlias="true"><from sourceSinkType="Parameter" ParameterIndex="1" BaseType="java.util.Collection" gap="24"></from><to sourceSinkType="Parameter" ParameterIndex="1" BaseType="java.util.Collection" taintSubFields="true"></to></flow><flow isAlias="true"><from sourceSinkType="Parameter" ParameterIndex="1" BaseType="java.util.Collection"></from><to sourceSinkType="Parameter" ParameterIndex="1" BaseType="java.util.Collection" gap="24" taintSubFields="true"></to></flow><flow isAlias="true"><from sourceSinkType="Field" BaseType="java.util.Collections$SynchronizedList" AccessPath="[&lt;java.util.Collections$SynchronizedList: java.util.List list&gt;]" AccessPathTypes="[java.util.List]"></from><to sourceSinkType="GapBaseObject" BaseType="java.util.List" gap="24"></to></flow><flow isAlias="false"><from sourceSinkType="Parameter" ParameterIndex="0" BaseType="int"></from><to sourceSinkType="Parameter" ParameterIndex="0" BaseType="int" gap="24" taintSubFields="true"></to></flow></flows></method><method id="boolean remove(java.lang.Object)"><flows><flow isAlias="true"><from sourceSinkType="Field" BaseType="java.util.Collection" gap="35"></from><to sourceSinkType="Field" BaseType="java.util.Collections$SynchronizedCollection" AccessPath="[&lt;java.util.Collections$SynchronizedCollection: java.lang.Object mutex&gt;]" AccessPathTypes="[java.util.Collection]" taintSubFields="true"></to></flow><flow isAlias="true"><from sourceSinkType="Parameter" ParameterIndex="0" BaseType="java.lang.Object"></from><to sourceSinkType="Parameter" ParameterIndex="0" BaseType="java.lang.Object" gap="35" taintSubFields="true"></to></flow><flow isAlias="true"><from sourceSinkType="Parameter" ParameterIndex="0" BaseType="java.lang.Object" gap="35"></from><to sourceSinkType="Parameter" ParameterIndex="0" BaseType="java.lang.Object" taintSubFields="true"></to></flow><flow isAlias="true"><from sourceSinkType="Field" BaseType="java.util.Collections$SynchronizedCollection" AccessPath="[&lt;java.util.Collections$SynchronizedCollection: java.util.Collection c&gt;]" AccessPathTypes="[java.util.Collection]"></from><to sourceSinkType="Field" BaseType="java.util.Collection" taintSubFields="true"></to></flow><flow isAlias="true"><from sourceSinkType="Field" BaseType="java.util.Collections$SynchronizedCollection" AccessPath="[&lt;java.util.Collections$SynchronizedCollection: java.util.Collection c&gt;]" AccessPathTypes="[java.util.Collection]"></from><to sourceSinkType="GapBaseObject" BaseType="java.util.Collection" gap="35"></to></flow><flow isAlias="true"><from sourceSinkType="Field" BaseType="java.util.Collection" gap="35"></from><to sourceSinkType="Field" BaseType="java.util.Collections$SynchronizedCollection" AccessPath="[&lt;java.util.Collections$SynchronizedCollection: java.util.Collection c&gt;]" AccessPathTypes="[java.util.Collection]" gap="35" taintSubFields="true"></to></flow><flow isAlias="true"><from sourceSinkType="Field" BaseType="java.util.Collection" gap="35"></from><to sourceSinkType="Field" BaseType="java.util.Collection" taintSubFields="true"></to></flow><flow isAlias="true"><from sourceSinkType="Field" BaseType="java.util.Collection" gap="35"></from><to sourceSinkType="Field" BaseType="java.util.Collections$SynchronizedCollection" AccessPath="[&lt;java.util.Collections$SynchronizedCollection: java.util.Collection c&gt;]" AccessPathTypes="[java.util.Collection]" taintSubFields="true"></to></flow></flows></method><method id="int indexOf(java.lang.Object)"><flows><flow isAlias="true"><from sourceSinkType="Field" BaseType="java.util.Collections$SynchronizedList" AccessPath="[&lt;java.util.Collections$SynchronizedList: java.util.List list&gt;]" AccessPathTypes="[java.util.List]"></from><to sourceSinkType="GapBaseObject" BaseType="java.util.List" gap="22"></to></flow><flow isAlias="true"><from sourceSinkType="Field" BaseType="java.util.List" gap="22"></from><to sourceSinkType="Field" BaseType="java.util.Collections$SynchronizedList" AccessPath="[&lt;java.util.Collections$SynchronizedList: java.util.List list&gt;]" AccessPathTypes="[java.util.List]" taintSubFields="true"></to></flow><flow isAlias="true"><from sourceSinkType="Parameter" ParameterIndex="0" BaseType="java.lang.Object"></from><to sourceSinkType="Parameter" ParameterIndex="0" BaseType="java.lang.Object" gap="22" taintSubFields="true"></to></flow><flow isAlias="true"><from sourceSinkType="Parameter" ParameterIndex="0" BaseType="java.lang.Object" gap="22"></from><to sourceSinkType="Parameter" ParameterIndex="0" BaseType="java.lang.Object" taintSubFields="true"></to></flow></flows></method><method id="boolean containsAll(java.util.Collection)"><flows><flow isAlias="true"><from sourceSinkType="Field" BaseType="java.util.Collection" gap="36"></from><to sourceSinkType="Field" BaseType="java.util.Collections$SynchronizedCollection" AccessPath="[&lt;java.util.Collections$SynchronizedCollection: java.lang.Object mutex&gt;]" AccessPathTypes="[java.util.Collection]" taintSubFields="true"></to></flow><flow isAlias="true"><from sourceSinkType="Parameter" ParameterIndex="0" BaseType="java.util.Collection" gap="36"></from><to sourceSinkType="Field" BaseType="java.util.Collections$SynchronizedCollection" AccessPath="[&lt;java.util.Collections$SynchronizedCollection: java.lang.Object mutex&gt;]" AccessPathTypes="[java.util.Collection]" gap="36" taintSubFields="true"></to></flow><flow isAlias="true"><from sourceSinkType="Parameter" ParameterIndex="0" BaseType="java.util.Collection" gap="36"></from><to sourceSinkType="Parameter" ParameterIndex="0" BaseType="java.util.Collection" taintSubFields="true"></to></flow><flow isAlias="true"><from sourceSinkType="Parameter" ParameterIndex="0" BaseType="java.util.Collection"></from><to sourceSinkType="Parameter" ParameterIndex="0" BaseType="java.util.Collection" gap="36" taintSubFields="true"></to></flow><flow isAlias="true"><from sourceSinkType="Field" BaseType="java.util.Collection" gap="36"></from><to sourceSinkType="Field" BaseType="java.util.Collections$SynchronizedCollection" AccessPath="[&lt;java.util.Collections$SynchronizedCollection: java.util.Collection c&gt;]" AccessPathTypes="[java.util.Collection]" taintSubFields="true"></to></flow><flow isAlias="true"><from sourceSinkType="Field" BaseType="java.util.Collections$SynchronizedCollection" AccessPath="[&lt;java.util.Collections$SynchronizedCollection: java.util.Collection c&gt;]" AccessPathTypes="[java.util.Collection]"></from><to sourceSinkType="GapBaseObject" BaseType="java.util.Collection" gap="36"></to></flow><flow isAlias="true"><from sourceSinkType="Field" BaseType="java.util.Collections$SynchronizedCollection" AccessPath="[&lt;java.util.Collections$SynchronizedCollection: java.util.Collection c&gt;]" AccessPathTypes="[java.util.Collection]"></from><to sourceSinkType="Field" BaseType="java.util.Collection" taintSubFields="true"></to></flow><flow isAlias="true"><from sourceSinkType="Field" BaseType="java.util.Collection" gap="36"></from><to sourceSinkType="Field" BaseType="java.util.Collections$SynchronizedCollection" AccessPath="[&lt;java.util.Collections$SynchronizedCollection: java.util.Collection c&gt;]" AccessPathTypes="[java.util.Collection]" gap="36" taintSubFields="true"></to></flow><flow isAlias="true"><from sourceSinkType="Field" BaseType="java.util.Collection" gap="36"></from><to sourceSinkType="Field" BaseType="java.util.Collection" taintSubFields="true"></to></flow><flow isAlias="true"><from sourceSinkType="Parameter" ParameterIndex="0" BaseType="java.util.Collection" gap="36"></from><to sourceSinkType="Parameter" ParameterIndex="0" BaseType="java.util.Collections$SynchronizedCollection" AccessPath="[&lt;java.util.Collections$SynchronizedCollection: java.lang.Object mutex&gt;]" AccessPathTypes="[java.util.Collection]" taintSubFields="true"></to></flow></flows></method><method id="void clear()"><flows><flow isAlias="true"><from sourceSinkType="Field" BaseType="java.util.Collection" gap="40"></from><to sourceSinkType="Field" BaseType="java.util.Collection" taintSubFields="true"></to></flow><flow isAlias="true"><from sourceSinkType="Field" BaseType="java.util.Collections$SynchronizedCollection" AccessPath="[&lt;java.util.Collections$SynchronizedCollection: java.util.Collection c&gt;]" AccessPathTypes="[java.util.Collection]"></from><to sourceSinkType="Field" BaseType="java.util.Collection" taintSubFields="true"></to></flow><flow isAlias="true"><from sourceSinkType="Field" BaseType="java.util.Collections$SynchronizedCollection" AccessPath="[&lt;java.util.Collections$SynchronizedCollection: java.util.Collection c&gt;]" AccessPathTypes="[java.util.Collection]"></from><to sourceSinkType="GapBaseObject" BaseType="java.util.Collection" gap="40"></to></flow><flow isAlias="true"><from sourceSinkType="Field" BaseType="java.util.Collection" gap="40"></from><to sourceSinkType="Field" BaseType="java.util.Collections$SynchronizedCollection" AccessPath="[&lt;java.util.Collections$SynchronizedCollection: java.lang.Object mutex&gt;]" AccessPathTypes="[java.util.Collection]" taintSubFields="true"></to></flow><flow isAlias="true"><from sourceSinkType="Field" BaseType="java.util.Collection" gap="40"></from><to sourceSinkType="Field" BaseType="java.util.Collections$SynchronizedCollection" AccessPath="[&lt;java.util.Collections$SynchronizedCollection: java.util.Collection c&gt;]" AccessPathTypes="[java.util.Collection]" gap="40" taintSubFields="true"></to></flow><flow isAlias="true"><from sourceSinkType="Field" BaseType="java.util.Collection" gap="40"></from><to sourceSinkType="Field" BaseType="java.util.Collections$SynchronizedCollection" AccessPath="[&lt;java.util.Collections$SynchronizedCollection: java.util.Collection c&gt;]" AccessPathTypes="[java.util.Collection]" taintSubFields="true"></to></flow></flows></method></methods><gaps><gap num="40" id="&lt;java.util.Collection: void clear()&gt;"></gap><gap num="31" id="&lt;java.util.Collection: java.lang.Object[] toArray()&gt;"></gap><gap num="22" id="&lt;java.util.List: int indexOf(java.lang.Object)&gt;"></gap><gap num="20" id="&lt;java.util.List: void add(int,java.lang.Object)&gt;"></gap><gap num="27" id="&lt;java.util.List: java.util.List subList(int,int)&gt;"></gap><gap num="34" id="&lt;java.util.Collection: boolean add(java.lang.Object)&gt;"></gap><gap num="19" id="&lt;java.util.List: java.lang.Object set(int,java.lang.Object)&gt;"></gap><gap num="33" id="&lt;java.util.Collection: java.util.Iterator iterator()&gt;"></gap><gap num="28" id="&lt;java.util.Collection: int size()&gt;"></gap><gap num="18" id="&lt;java.util.List: java.lang.Object get(int)&gt;"></gap><gap num="25" id="&lt;java.util.List: java.util.ListIterator listIterator()&gt;"></gap><gap num="36" id="&lt;java.util.Collection: boolean containsAll(java.util.Collection)&gt;"></gap><gap num="26" id="&lt;java.util.List: java.util.ListIterator listIterator(int)&gt;"></gap><gap num="35" id="&lt;java.util.Collection: boolean remove(java.lang.Object)&gt;"></gap><gap num="17" id="&lt;java.util.List: int hashCode()&gt;"></gap><gap num="37" id="&lt;java.util.Collection: boolean addAll(java.util.Collection)&gt;"></gap><gap num="30" id="&lt;java.util.Collection: boolean contains(java.lang.Object)&gt;"></gap><gap num="23" id="&lt;java.util.List: int lastIndexOf(java.lang.Object)&gt;"></gap><gap num="16" id="&lt;java.util.List: boolean equals(java.lang.Object)&gt;"></gap><gap num="29" id="&lt;java.util.Collection: boolean isEmpty()&gt;"></gap><gap num="38" id="&lt;java.util.Collection: boolean removeAll(java.util.Collection)&gt;"></gap><gap num="24" id="&lt;java.util.List: boolean addAll(int,java.util.Collection)&gt;"></gap><gap num="21" id="&lt;java.util.List: java.lang.Object remove(int)&gt;"></gap><gap num="39" id="&lt;java.util.Collection: boolean retainAll(java.util.Collection)&gt;"></gap><gap num="32" id="&lt;java.util.Collection: java.lang.Object[] toArray(java.lang.Object[])&gt;"></gap></gaps></summary>